SourcePath,SourceGuid,DependencyPath,DependencyGuid,Relation,Ownership
"Assets/Config/Formal/Abilities/Aatrox/AatroxAbilityLoadout.asset","8fbc76321103fb247bd648e41ad357f7","Assets/Scripts/Gameplay/Ability/AbilityLoadoutAsset.cs","d777bfd7214aa684283d480f804d60ed","Direct","EditorOrCode",
"Assets/Config/Formal/Abilities/Aatrox/AatroxE.asset","8e8be4ed5eedca54e985f6627921f2fa","Assets/Art/Icon/Ability/Aatrox/AatroxE.png","237800e8fddf3e54bb1bf43e3e96ff5b","Direct","ClientPresentation",
"Assets/Config/Formal/Abilities/Aatrox/AatroxE.asset","8e8be4ed5eedca54e985f6627921f2fa","Assets/Scripts/Gameplay/Ability/AbilityAsset.cs","c1ffb938a26d10b46b88354c8e8aeb8a","Direct","EditorOrCode",
"Assets/Config/Formal/Abilities/Aatrox/AatroxFixedPassive.asset","f15496fe2a0e113408522ca662ce1684","Assets/Art/Icon/Ability/Aatrox/Aatrox_Passive.png","35a40a65df8df004eb47015ccda2a0c2","Direct","ClientPresentation",
"Assets/Config/Formal/Abilities/Aatrox/AatroxFixedPassive.asset","f15496fe2a0e113408522ca662ce1684","Assets/Scripts/Gameplay/Ability/FixedPassiveDefinitionAsset.cs","60509f831563fe34eb5e0fa5db121c3c","Direct","EditorOrCode",
"Assets/Config/Formal/Abilities/Aatrox/AatroxQ.asset","068666dd3d20a5f489558bcc4a192c7e","Assets/Art/Icon/Ability/Aatrox/AatroxQ1.png","e894b675c21081c48870a9a7933c7439","Direct","ClientPresentation",
"Assets/Config/Formal/Abilities/Aatrox/AatroxQ.asset","068666dd3d20a5f489558bcc4a192c7e","Assets/Art/Icon/Ability/Aatrox/AatroxQ2.png","00e9e3466d875504dacc31d33410c22a","Direct","ClientPresentation",
"Assets/Config/Formal/Abilities/Aatrox/AatroxQ.asset","068666dd3d20a5f489558bcc4a192c7e","Assets/Art/Icon/Ability/Aatrox/AatroxQ3.png","6b760e2beac14724da8a55d9ff3ecd64","Direct","ClientPresentation",
"Assets/Config/Formal/Abilities/Aatrox/AatroxQ.asset","068666dd3d20a5f489558bcc4a192c7e","Assets/Scripts/Gameplay/Ability/AbilityAsset.cs","c1ffb938a26d10b46b88354c8e8aeb8a","Direct","EditorOrCode",
"Assets/Config/Formal/Abilities/Aatrox/AatroxR.asset","ddf98aa7c50788945a38d851c9ac8b87","Assets/Art/Icon/Ability/Aatrox/AatroxR.png","530bdb7b178dc224e98d3a27461805f2","Direct","ClientPresentation",
"Assets/Config/Formal/Abilities/Aatrox/AatroxR.asset","ddf98aa7c50788945a38d851c9ac8b87","Assets/Scripts/Gameplay/Ability/AbilityAsset.cs","c1ffb938a26d10b46b88354c8e8aeb8a","Direct","EditorOrCode",
"Assets/Config/Formal/Abilities/Aatrox/AatroxW.asset","3eee2ff2bb53ee740aa5a12e3f48e95e","Assets/Art/Icon/Ability/Aatrox/AatroxW.png","804f3e1b015d3c445af822036f4058ba","Direct","ClientPresentation",
"Assets/Config/Formal/Abilities/Aatrox/AatroxW.asset","3eee2ff2bb53ee740aa5a12e3f48e95e","Assets/Scripts/Gameplay/Ability/AbilityAsset.cs","c1ffb938a26d10b46b88354c8e8aeb8a","Direct","EditorOrCode",
"Assets/Config/Formal/Abilities/FormalHeroAbilityRuntimeCatalog.asset","2d09d9a5b5be5294894114be7603b54a","Assets/Art/Icon/Ability/Aatrox/AatroxE.png","237800e8fddf3e54bb1bf43e3e96ff5b","Transitive","ClientPresentation",
"Assets/Config/Formal/Abilities/FormalHeroAbilityRuntimeCatalog.asset","2d09d9a5b5be5294894114be7603b54a","Assets/Art/Icon/Ability/Aatrox/AatroxQ1.png","e894b675c21081c48870a9a7933c7439","Transitive","ClientPresentation",
"Assets/Config/Formal/Abilities/FormalHeroAbilityRuntimeCatalog.asset","2d09d9a5b5be5294894114be7603b54a","Assets/Art/Icon/Ability/Aatrox/AatroxQ2.png","00e9e3466d875504dacc31d33410c22a","Transitive","ClientPresentation",
"Assets/Config/Formal/Abilities/FormalHeroAbilityRuntimeCatalog.asset","2d09d9a5b5be5294894114be7603b54a","Assets/Art/Icon/Ability/Aatrox/AatroxQ3.png","6b760e2beac14724da8a55d9ff3ecd64","Transitive","ClientPresentation",
"Assets/Config/Formal/Abilities/FormalHeroAbilityRuntimeCatalog.asset","2d09d9a5b5be5294894114be7603b54a","Assets/Art/Icon/Ability/Aatrox/AatroxR.png","530bdb7b178dc224e98d3a27461805f2","Transitive","ClientPresentation",
"Assets/Config/Formal/Abilities/FormalHeroAbilityRuntimeCatalog.asset","2d09d9a5b5be5294894114be7603b54a","Assets/Art/Icon/Ability/Aatrox/AatroxW.png","804f3e1b015d3c445af822036f4058ba","Transitive","ClientPresentation",
"Assets/Config/Formal/Abilities/FormalHeroAbilityRuntimeCatalog.asset","2d09d9a5b5be5294894114be7603b54a","Assets/Art/Icon/Ability/Aatrox/Aatrox_Passive.png","35a40a65df8df004eb47015ccda2a0c2","Transitive","ClientPresentation",
"Assets/Config/Formal/Abilities/FormalHeroAbilityRuntimeCatalog.asset","2d09d9a5b5be5294894114be7603b54a","Assets/Art/Icon/Ability/Varus/韦鲁斯E.png","0d1ee503e046e064790a584b400c97e2","Transitive","ClientPresentation",
"Assets/Config/Formal/Abilities/FormalHeroAbilityRuntimeCatalog.asset","2d09d9a5b5be5294894114be7603b54a","Assets/Art/Icon/Ability/Varus/韦鲁斯Q_未蓄力.png","6118bc6bfec0b614594d040f5541d5bd","Transitive","ClientPresentation",
"Assets/Config/Formal/Abilities/FormalHeroAbilityRuntimeCatalog.asset","2d09d9a5b5be5294894114be7603b54a","Assets/Art/Icon/Ability/Varus/韦鲁斯Q_蓄力中.png","4fadc3515107f0e4e979a26aeaa8e7b7","Transitive","ClientPresentation",
"Assets/Config/Formal/Abilities/FormalHeroAbilityRuntimeCatalog.asset","2d09d9a5b5be5294894114be7603b54a","Assets/Art/Icon/Ability/Varus/韦鲁斯R.png","780063d3e4c43d144951a3e1a5cd50f8","Transitive","ClientPresentation",
"Assets/Config/Formal/Abilities/FormalHeroAbilityRuntimeCatalog.asset","2d09d9a5b5be5294894114be7603b54a","Assets/Art/Icon/Ability/Varus/韦鲁斯W_未激活.png","dbf61c3eedeecfa41adf5571348e67a1","Transitive","ClientPresentation",
"Assets/Config/Formal/Abilities/FormalHeroAbilityRuntimeCatalog.asset","2d09d9a5b5be5294894114be7603b54a","Assets/Art/Icon/Ability/Varus/韦鲁斯W_激活中.png","b7596755b9731874abd6b653cbfdec07","Transitive","ClientPresentation",
"Assets/Config/Formal/Abilities/FormalHeroAbilityRuntimeCatalog.asset","2d09d9a5b5be5294894114be7603b54a","Assets/Art/Icon/Ability/Varus/韦鲁斯被动.png","f6b922f5d10cb3741a50fbfd1dc7bddf","Transitive","ClientPresentation",
"Assets/Config/Formal/Abilities/FormalHeroAbilityRuntimeCatalog.asset","2d09d9a5b5be5294894114be7603b54a","Assets/Config/Formal/Abilities/Aatrox/AatroxE.asset","8e8be4ed5eedca54e985f6627921f2fa","Direct","SharedConfig",
"Assets/Config/Formal/Abilities/FormalHeroAbilityRuntimeCatalog.asset","2d09d9a5b5be5294894114be7603b54a","Assets/Config/Formal/Abilities/Aatrox/AatroxFixedPassive.asset","f15496fe2a0e113408522ca662ce1684","Direct","SharedConfig",
"Assets/Config/Formal/Abilities/FormalHeroAbilityRuntimeCatalog.asset","2d09d9a5b5be5294894114be7603b54a","Assets/Config/Formal/Abilities/Aatrox/AatroxQ.asset","068666dd3d20a5f489558bcc4a192c7e","Direct","SharedConfig",
"Assets/Config/Formal/Abilities/FormalHeroAbilityRuntimeCatalog.asset","2d09d9a5b5be5294894114be7603b54a","Assets/Config/Formal/Abilities/Aatrox/AatroxR.asset","ddf98aa7c50788945a38d851c9ac8b87","Direct","SharedConfig",
"Assets/Config/Formal/Abilities/FormalHeroAbilityRuntimeCatalog.asset","2d09d9a5b5be5294894114be7603b54a","Assets/Config/Formal/Abilities/Aatrox/AatroxW.asset","3eee2ff2bb53ee740aa5a12e3f48e95e","Direct","SharedConfig",
"Assets/Config/Formal/Abilities/FormalHeroAbilityRuntimeCatalog.asset","2d09d9a5b5be5294894114be7603b54a","Assets/Config/Formal/Abilities/VarusE.asset","83ba0131923d35144bae77d6654b9c35","Direct","SharedConfig",
"Assets/Config/Formal/Abilities/FormalHeroAbilityRuntimeCatalog.asset","2d09d9a5b5be5294894114be7603b54a","Assets/Config/Formal/Abilities/VarusFixedPassive.asset","91eaffc7874ccd141add968c10da300a","Direct","SharedConfig",
"Assets/Config/Formal/Abilities/FormalHeroAbilityRuntimeCatalog.asset","2d09d9a5b5be5294894114be7603b54a","Assets/Config/Formal/Abilities/VarusQ.asset","1d39b6fcb4a6c3a4d93f531a7d71e0df","Direct","SharedConfig",
"Assets/Config/Formal/Abilities/FormalHeroAbilityRuntimeCatalog.asset","2d09d9a5b5be5294894114be7603b54a","Assets/Config/Formal/Abilities/VarusR.asset","b4215bedc8e28eb418a072e305076585","Direct","SharedConfig",
"Assets/Config/Formal/Abilities/FormalHeroAbilityRuntimeCatalog.asset","2d09d9a5b5be5294894114be7603b54a","Assets/Config/Formal/Abilities/VarusW.asset","cebff4eed8f123e489b437871eeb891a","Direct","SharedConfig",
"Assets/Config/Formal/Abilities/FormalHeroAbilityRuntimeCatalog.asset","2d09d9a5b5be5294894114be7603b54a","Assets/Scripts/Gameplay/Ability/AbilityAsset.cs","c1ffb938a26d10b46b88354c8e8aeb8a","Transitive","EditorOrCode",
"Assets/Config/Formal/Abilities/FormalHeroAbilityRuntimeCatalog.asset","2d09d9a5b5be5294894114be7603b54a","Assets/Scripts/Gameplay/Ability/AbilityRuntimeCatalogAsset.cs","5dd9fe71164fdd74d8c227b087003d1a","Direct","EditorOrCode",
"Assets/Config/Formal/Abilities/FormalHeroAbilityRuntimeCatalog.asset","2d09d9a5b5be5294894114be7603b54a","Assets/Scripts/Gameplay/Ability/FixedPassiveDefinitionAsset.cs","60509f831563fe34eb5e0fa5db121c3c","Transitive","EditorOrCode",
"Assets/Config/Formal/Abilities/VarusAbilityLoadout.asset","71946883abc6c8a47bdcc5c3a61b356c","Assets/Scripts/Gameplay/Ability/AbilityLoadoutAsset.cs","d777bfd7214aa684283d480f804d60ed","Direct","EditorOrCode",
"Assets/Config/Formal/Abilities/VarusAbilityRuntimeCatalog.asset","e09025f013ae7a8449335c6356fee5fb","Assets/Art/Icon/Ability/Varus/韦鲁斯E.png","0d1ee503e046e064790a584b400c97e2","Transitive","ClientPresentation",
"Assets/Config/Formal/Abilities/VarusAbilityRuntimeCatalog.asset","e09025f013ae7a8449335c6356fee5fb","Assets/Art/Icon/Ability/Varus/韦鲁斯Q_未蓄力.png","6118bc6bfec0b614594d040f5541d5bd","Transitive","ClientPresentation",
"Assets/Config/Formal/Abilities/VarusAbilityRuntimeCatalog.asset","e09025f013ae7a8449335c6356fee5fb","Assets/Art/Icon/Ability/Varus/韦鲁斯Q_蓄力中.png","4fadc3515107f0e4e979a26aeaa8e7b7","Transitive","ClientPresentation",
"Assets/Config/Formal/Abilities/VarusAbilityRuntimeCatalog.asset","e09025f013ae7a8449335c6356fee5fb","Assets/Art/Icon/Ability/Varus/韦鲁斯R.png","780063d3e4c43d144951a3e1a5cd50f8","Transitive","ClientPresentation",
"Assets/Config/Formal/Abilities/VarusAbilityRuntimeCatalog.asset","e09025f013ae7a8449335c6356fee5fb","Assets/Art/Icon/Ability/Varus/韦鲁斯W_未激活.png","dbf61c3eedeecfa41adf5571348e67a1","Transitive","ClientPresentation",
"Assets/Config/Formal/Abilities/VarusAbilityRuntimeCatalog.asset","e09025f013ae7a8449335c6356fee5fb","Assets/Art/Icon/Ability/Varus/韦鲁斯W_激活中.png","b7596755b9731874abd6b653cbfdec07","Transitive","ClientPresentation",
"Assets/Config/Formal/Abilities/VarusAbilityRuntimeCatalog.asset","e09025f013ae7a8449335c6356fee5fb","Assets/Art/Icon/Ability/Varus/韦鲁斯被动.png","f6b922f5d10cb3741a50fbfd1dc7bddf","Transitive","ClientPresentation",
"Assets/Config/Formal/Abilities/VarusAbilityRuntimeCatalog.asset","e09025f013ae7a8449335c6356fee5fb","Assets/Config/Formal/Abilities/VarusE.asset","83ba0131923d35144bae77d6654b9c35","Direct","SharedConfig",
"Assets/Config/Formal/Abilities/VarusAbilityRuntimeCatalog.asset","e09025f013ae7a8449335c6356fee5fb","Assets/Config/Formal/Abilities/VarusFixedPassive.asset","91eaffc7874ccd141add968c10da300a","Direct","SharedConfig",
"Assets/Config/Formal/Abilities/VarusAbilityRuntimeCatalog.asset","e09025f013ae7a8449335c6356fee5fb","Assets/Config/Formal/Abilities/VarusQ.asset","1d39b6fcb4a6c3a4d93f531a7d71e0df","Direct","SharedConfig",
"Assets/Config/Formal/Abilities/VarusAbilityRuntimeCatalog.asset","e09025f013ae7a8449335c6356fee5fb","Assets/Config/Formal/Abilities/VarusR.asset","b4215bedc8e28eb418a072e305076585","Direct","SharedConfig",
"Assets/Config/Formal/Abilities/VarusAbilityRuntimeCatalog.asset","e09025f013ae7a8449335c6356fee5fb","Assets/Config/Formal/Abilities/VarusW.asset","cebff4eed8f123e489b437871eeb891a","Direct","SharedConfig",
"Assets/Config/Formal/Abilities/VarusAbilityRuntimeCatalog.asset","e09025f013ae7a8449335c6356fee5fb","Assets/Scripts/Gameplay/Ability/AbilityAsset.cs","c1ffb938a26d10b46b88354c8e8aeb8a","Transitive","EditorOrCode",
"Assets/Config/Formal/Abilities/VarusAbilityRuntimeCatalog.asset","e09025f013ae7a8449335c6356fee5fb","Assets/Scripts/Gameplay/Ability/AbilityRuntimeCatalogAsset.cs","5dd9fe71164fdd74d8c227b087003d1a","Direct","EditorOrCode",
"Assets/Config/Formal/Abilities/VarusAbilityRuntimeCatalog.asset","e09025f013ae7a8449335c6356fee5fb","Assets/Scripts/Gameplay/Ability/FixedPassiveDefinitionAsset.cs","60509f831563fe34eb5e0fa5db121c3c","Transitive","EditorOrCode",
"Assets/Config/Formal/Abilities/VarusE.asset","83ba0131923d35144bae77d6654b9c35","Assets/Art/Icon/Ability/Varus/韦鲁斯E.png","0d1ee503e046e064790a584b400c97e2","Direct","ClientPresentation",
"Assets/Config/Formal/Abilities/VarusE.asset","83ba0131923d35144bae77d6654b9c35","Assets/Scripts/Gameplay/Ability/AbilityAsset.cs","c1ffb938a26d10b46b88354c8e8aeb8a","Direct","EditorOrCode",
"Assets/Config/Formal/Abilities/VarusFixedPassive.asset","91eaffc7874ccd141add968c10da300a","Assets/Art/Icon/Ability/Varus/韦鲁斯被动.png","f6b922f5d10cb3741a50fbfd1dc7bddf","Direct","ClientPresentation",
"Assets/Config/Formal/Abilities/VarusFixedPassive.asset","91eaffc7874ccd141add968c10da300a","Assets/Scripts/Gameplay/Ability/FixedPassiveDefinitionAsset.cs","60509f831563fe34eb5e0fa5db121c3c","Direct","EditorOrCode",
"Assets/Config/Formal/Abilities/VarusQ.asset","1d39b6fcb4a6c3a4d93f531a7d71e0df","Assets/Art/Icon/Ability/Varus/韦鲁斯Q_未蓄力.png","6118bc6bfec0b614594d040f5541d5bd","Direct","ClientPresentation",
"Assets/Config/Formal/Abilities/VarusQ.asset","1d39b6fcb4a6c3a4d93f531a7d71e0df","Assets/Art/Icon/Ability/Varus/韦鲁斯Q_蓄力中.png","4fadc3515107f0e4e979a26aeaa8e7b7","Direct","ClientPresentation",
"Assets/Config/Formal/Abilities/VarusQ.asset","1d39b6fcb4a6c3a4d93f531a7d71e0df","Assets/Scripts/Gameplay/Ability/AbilityAsset.cs","c1ffb938a26d10b46b88354c8e8aeb8a","Direct","EditorOrCode",
"Assets/Config/Formal/Abilities/VarusR.asset","b4215bedc8e28eb418a072e305076585","Assets/Art/Icon/Ability/Varus/韦鲁斯R.png","780063d3e4c43d144951a3e1a5cd50f8","Direct","ClientPresentation",
"Assets/Config/Formal/Abilities/VarusR.asset","b4215bedc8e28eb418a072e305076585","Assets/Scripts/Gameplay/Ability/AbilityAsset.cs","c1ffb938a26d10b46b88354c8e8aeb8a","Direct","EditorOrCode",
"Assets/Config/Formal/Abilities/VarusW.asset","cebff4eed8f123e489b437871eeb891a","Assets/Art/Icon/Ability/Varus/韦鲁斯W_未激活.png","dbf61c3eedeecfa41adf5571348e67a1","Direct","ClientPresentation",
"Assets/Config/Formal/Abilities/VarusW.asset","cebff4eed8f123e489b437871eeb891a","Assets/Art/Icon/Ability/Varus/韦鲁斯W_激活中.png","b7596755b9731874abd6b653cbfdec07","Direct","ClientPresentation",
"Assets/Config/Formal/Abilities/VarusW.asset","cebff4eed8f123e489b437871eeb891a","Assets/Scripts/Gameplay/Ability/AbilityAsset.cs","c1ffb938a26d10b46b88354c8e8aeb8a","Direct","EditorOrCode",
"Assets/Config/Formal/Animation/AatroxAnimationProfile.asset","eaec47e1763f63a45809fd1c3d29ca8e","Assets/Scripts/Gameplay/Presentation/UnitAnimationProfile.cs","7112a06ac3587ca46ba2dbfa5b35902b","Direct","EditorOrCode",
"Assets/Config/Formal/Animation/CasterBlue.controller","793b6c33ccfc57a46be4ac1600b67f32","Assets/Resources/Animation/Minion/Blue/CasterMinion_Attack.anim","c3935cbe8b1fe8e4fbe3f6c4b1a6e0d4","Direct","ClientPresentation",
"Assets/Config/Formal/Animation/CasterBlue.controller","793b6c33ccfc57a46be4ac1600b67f32","Assets/Resources/Animation/Minion/Blue/CasterMinion_Death.anim","2fb47ec91b9d29a4c884fc942847e266","Direct","ClientPresentation",
"Assets/Config/Formal/Animation/CasterBlue.controller","793b6c33ccfc57a46be4ac1600b67f32","Assets/Resources/Animation/Minion/Blue/CasterMinion_Idle.anim","f2693f32fca6fed4494c5fe1d7c73140","Direct","ClientPresentation",
"Assets/Config/Formal/Animation/CasterBlue.controller","793b6c33ccfc57a46be4ac1600b67f32","Assets/Resources/Animation/Minion/Blue/CasterMinion_Walk.anim","03af889a600a66947869e83181c5643f","Direct","ClientPresentation",
"Assets/Config/Formal/Animation/CasterRed.controller","9e720db7282df5a4c9f4a58d73fb6e96","Assets/Resources/Animation/Minion/Red/CasterMinion_Attack.anim","70ca89583698d3d44901555f595528d1","Direct","ClientPresentation",
"Assets/Config/Formal/Animation/CasterRed.controller","9e720db7282df5a4c9f4a58d73fb6e96","Assets/Resources/Animation/Minion/Red/CasterMinion_Death.anim","2b85ea4cf35a5834f9a36a4596e813df","Direct","ClientPresentation",
"Assets/Config/Formal/Animation/CasterRed.controller","9e720db7282df5a4c9f4a58d73fb6e96","Assets/Resources/Animation/Minion/Red/CasterMinion_Idle.anim","51d8c0867d1ea8b4aaf146310afd9f02","Direct","ClientPresentation",
"Assets/Config/Formal/Animation/CasterRed.controller","9e720db7282df5a4c9f4a58d73fb6e96","Assets/Resources/Animation/Minion/Red/CasterMinion_Walk.anim","be899e3fb2a2dd341849032392f2957b","Direct","ClientPresentation",
"Assets/Config/Formal/Animation/MeleeBlue.controller","625352f2e73df0c4982f6a5367c1d5c6","Assets/Resources/Animation/Minion/Blue/MeleeMinion_Attack.anim","220dd8ba7c6b7e646b4b1946c3d52ef8","Direct","ClientPresentation",
"Assets/Config/Formal/Animation/MeleeBlue.controller","625352f2e73df0c4982f6a5367c1d5c6","Assets/Resources/Animation/Minion/Blue/MeleeMinion_Death.anim","62db727fa22d87a429e57c1e313cc344","Direct","ClientPresentation",
"Assets/Config/Formal/Animation/MeleeBlue.controller","625352f2e73df0c4982f6a5367c1d5c6","Assets/Resources/Animation/Minion/Blue/MeleeMinion_Idle.anim","a3ad0c6a5ae3fd44ab340554970e0541","Direct","ClientPresentation",
"Assets/Config/Formal/Animation/MeleeBlue.controller","625352f2e73df0c4982f6a5367c1d5c6","Assets/Resources/Animation/Minion/Blue/MeleeMinion_Walk.anim","a3b04fd15585d31409197d63cca03ebd","Direct","ClientPresentation",
"Assets/Config/Formal/Animation/MeleeRed.controller","1e22e6272edcbb94a8f92628a64f566a","Assets/Resources/Animation/Minion/Red/MeleeMinion_Attack.anim","eb76ad0103f3efe4a8c7f104b18ba3b7","Direct","ClientPresentation",
"Assets/Config/Formal/Animation/MeleeRed.controller","1e22e6272edcbb94a8f92628a64f566a","Assets/Resources/Animation/Minion/Red/MeleeMinion_Death.anim","667dcc2faad23a74a9a5f72f53e0ac1d","Direct","ClientPresentation",
"Assets/Config/Formal/Animation/MeleeRed.controller","1e22e6272edcbb94a8f92628a64f566a","Assets/Resources/Animation/Minion/Red/MeleeMinion_Idle.anim","abc3ff4c728c48549a0cfb041d28afe1","Direct","ClientPresentation",
"Assets/Config/Formal/Animation/MeleeRed.controller","1e22e6272edcbb94a8f92628a64f566a","Assets/Resources/Animation/Minion/Red/MeleeMinion_Walk.anim","a305521f5a779cb4ea289e5582eb2e2a","Direct","ClientPresentation",
"Assets/Config/Formal/Animation/TestUnitAnimationProfile.asset","3592d1e3449411743befb9d5763bcfe9","Assets/Scripts/Gameplay/Presentation/UnitAnimationProfile.cs","7112a06ac3587ca46ba2dbfa5b35902b","Direct","EditorOrCode",
"Assets/Config/Formal/Animation/Varus.controller","44660058be562344494669a80981d4b3","Assets/Resources/Animation/Varus/VarusAttack1.anim","0cf85d26f59eb7746bdb4a51a69a0f50","Direct","ClientPresentation",
"Assets/Config/Formal/Animation/Varus.controller","44660058be562344494669a80981d4b3","Assets/Resources/Animation/Varus/VarusAttack2.anim","23935cc971facab4480e1da8e5edbd92","Direct","ClientPresentation",
"Assets/Config/Formal/Animation/Varus.controller","44660058be562344494669a80981d4b3","Assets/Resources/Animation/Varus/VarusDeath.anim","91911fca58c97c249bc80badbe09f4a5","Direct","ClientPresentation",
"Assets/Config/Formal/Animation/Varus.controller","44660058be562344494669a80981d4b3","Assets/Resources/Animation/Varus/VarusIdle.anim","276c23e01035d5e4ea228102f7966744","Direct","ClientPresentation",
"Assets/Config/Formal/Animation/Varus.controller","44660058be562344494669a80981d4b3","Assets/Resources/Animation/Varus/VarusSpellE.anim","04a1600959a5a814d9dc7ffcf689abd9","Direct","ClientPresentation",
"Assets/Config/Formal/Animation/Varus.controller","44660058be562344494669a80981d4b3","Assets/Resources/Animation/Varus/VarusSpellQChanneling_Walk.anim","5f316e4f42754a54c91a85a08f1c2109","Direct","ClientPresentation",
"Assets/Config/Formal/Animation/Varus.controller","44660058be562344494669a80981d4b3","Assets/Resources/Animation/Varus/VarusSpellQ_ChannelingIdle.anim","0be8f0f20ceb7154683d8e7153807b32","Direct","ClientPresentation",
"Assets/Config/Formal/Animation/Varus.controller","44660058be562344494669a80981d4b3","Assets/Resources/Animation/Varus/VarusSpellQ_Fire.anim","59c9f8e0dcb3b8f4da24bd657198556e","Direct","ClientPresentation",
"Assets/Config/Formal/Animation/Varus.controller","44660058be562344494669a80981d4b3","Assets/Resources/Animation/Varus/VarusSpellR.anim","67ff9cd0d01dd0b47a0255bc14ee0ca1","Direct","ClientPresentation",
"Assets/Config/Formal/Animation/Varus.controller","44660058be562344494669a80981d4b3","Assets/Resources/Animation/Varus/VarusWalk.anim","53277acafa583bd42903fd3e03109128","Direct","ClientPresentation",
"Assets/Config/Formal/AudioLibrary.asset","f9f9cef3e3515764dbdd11ff11b7bb07","Assets/Art/Sound/韦鲁斯攻击生效音效.mp3","cacda20d948fd6a4cafaf8ff19b1e0f0","Direct","ClientPresentation",
"Assets/Config/Formal/AudioLibrary.asset","f9f9cef3e3515764dbdd11ff11b7bb07","Assets/Scripts/FrameSync/AudioLibrary.cs","9979f210757b1a5439c16592353e7d4c","Direct","EditorOrCode",
"Assets/Config/Formal/Buffs/Aatrox/AatroxWSlow.asset","bc9ddf41975c4fd43b94ac1d50aea8fb","Assets/Art/Icon/Ability/Aatrox/AatroxW.png","804f3e1b015d3c445af822036f4058ba","Direct","ClientPresentation",
"Assets/Config/Formal/Buffs/Aatrox/AatroxWSlow.asset","bc9ddf41975c4fd43b94ac1d50aea8fb","Assets/Scripts/Gameplay/Buff/BuffDefinition.cs","2fd190d0d50aa5847a974015e823714e","Direct","EditorOrCode",
"Assets/Config/Formal/Buffs/Aatrox/AatroxWTether.asset","025674ac71275a3408a799cac0f81c7d","Assets/Art/Icon/Ability/Aatrox/AatroxW.png","804f3e1b015d3c445af822036f4058ba","Direct","ClientPresentation",
"Assets/Config/Formal/Buffs/Aatrox/AatroxWTether.asset","025674ac71275a3408a799cac0f81c7d","Assets/Scripts/Gameplay/Buff/BuffDefinition.cs","2fd190d0d50aa5847a974015e823714e","Direct","EditorOrCode",
"Assets/Config/Formal/Buffs/Aatrox/AatroxWorldEnder.asset","6ef1141b9f9607944a9d8cbb2005cc92","Assets/Art/Icon/Ability/Aatrox/AatroxR.png","530bdb7b178dc224e98d3a27461805f2","Direct","ClientPresentation",
"Assets/Config/Formal/Buffs/Aatrox/AatroxWorldEnder.asset","6ef1141b9f9607944a9d8cbb2005cc92","Assets/Scripts/Gameplay/Buff/BuffDefinition.cs","2fd190d0d50aa5847a974015e823714e","Direct","EditorOrCode",
"Assets/Config/Formal/Buffs/Aatrox/Buff_DeathbringerStance.asset","957ad9105d62de54c86417d44c4f77ac","Assets/Art/Icon/Ability/Aatrox/Aatrox_Passive.png","35a40a65df8df004eb47015ccda2a0c2","Direct","ClientPresentation",
"Assets/Config/Formal/Buffs/Aatrox/Buff_DeathbringerStance.asset","957ad9105d62de54c86417d44c4f77ac","Assets/Scripts/Gameplay/Buff/BuffDefinition.cs","2fd190d0d50aa5847a974015e823714e","Direct","EditorOrCode",
"Assets/Config/Formal/Buffs/BlightBuffDefinition.asset","f23a48fe70f8d504c9fb8a98cb94f1b7","Assets/Art/Icon/Buff/韦鲁斯_枯萎.png","50137e36b1e92454db3e2534e676b03b","Direct","ClientPresentation",
"Assets/Config/Formal/Buffs/BlightBuffDefinition.asset","f23a48fe70f8d504c9fb8a98cb94f1b7","Assets/Scripts/Gameplay/Buff/BuffDefinition.cs","2fd190d0d50aa5847a974015e823714e","Direct","EditorOrCode",
"Assets/Config/Formal/Buffs/Buff_CorruptionVines.asset","22e8c11e1690f0442b121fa5d011d20c","Assets/Scripts/Gameplay/Buff/BuffDefinition.cs","2fd190d0d50aa5847a974015e823714e","Direct","EditorOrCode",
"Assets/Config/Formal/Buffs/Buff_DesecratedGrievous.asset","bc4b667791827e546be7fb76eb88210c","Assets/Scripts/Gameplay/Buff/BuffDefinition.cs","2fd190d0d50aa5847a974015e823714e","Direct","EditorOrCode",
"Assets/Config/Formal/Buffs/Buff_DesecratedSlow.asset","ebe0fff2c87b3ff4d8162d69df16bcf6","Assets/Scripts/Gameplay/Buff/BuffDefinition.cs","2fd190d0d50aa5847a974015e823714e","Direct","EditorOrCode",
"Assets/Config/Formal/Buffs/Buff_MinionMuncher.asset","92d427a40267f5a4fb08cbc5e8f2e14b","Assets/Scripts/Gameplay/Buff/BuffDefinition.cs","2fd190d0d50aa5847a974015e823714e","Direct","EditorOrCode",
"Assets/Config/Formal/Buffs/Buff_MinionPincushion.asset","3a972ade4ffc00f4887925b177e2fd2e","Assets/Scripts/Gameplay/Buff/BuffDefinition.cs","2fd190d0d50aa5847a974015e823714e","Direct","EditorOrCode",
"Assets/Config/Formal/Buffs/Buff_RVineContactTimer.asset","40b3e80b30072784e85d556ded55b5f7","Assets/Scripts/Gameplay/Buff/BuffDefinition.cs","2fd190d0d50aa5847a974015e823714e","Direct","EditorOrCode",
"Assets/Config/Formal/Buffs/Buff_RVineMarker.asset","3516da3ec2a493a499f55cbd6466846e","Assets/Scripts/Gameplay/Buff/BuffDefinition.cs","2fd190d0d50aa5847a974015e823714e","Direct","EditorOrCode",
"Assets/Config/Formal/Buffs/Buff_SeethingStrike.asset","789eafa8ddc299a4cb3e6689f429f464","Assets/Art/Icon/Equipment/鬼索的狂暴之刃.png","86d765fa57452364f9577c5014480763","Direct","ClientPresentation",
"Assets/Config/Formal/Buffs/Buff_SeethingStrike.asset","789eafa8ddc299a4cb3e6689f429f464","Assets/Scripts/Gameplay/Buff/BuffDefinition.cs","2fd190d0d50aa5847a974015e823714e","Direct","EditorOrCode",
"Assets/Config/Formal/Buffs/Buff_SunderedSkyOverheal.asset","bbbbbbbb000000000000000000000001","Assets/Art/Icon/Equipment/焚天.png","22ee2f49eb0f53c4f9007811dd4883cc","Direct","ClientPresentation",
"Assets/Config/Formal/Buffs/Buff_SunderedSkyOverheal.asset","bbbbbbbb000000000000000000000001","Assets/Scripts/Gameplay/Buff/BuffDefinition.cs","2fd190d0d50aa5847a974015e823714e","Direct","EditorOrCode",
"Assets/Config/Formal/Buffs/Buff_TowerPillow.asset","0bfb054b0a2b50347b47b33a3d4523d4","Assets/Scripts/Gameplay/Buff/BuffDefinition.cs","2fd190d0d50aa5847a974015e823714e","Direct","EditorOrCode",
"Assets/Config/Formal/Buffs/FullMatchTestBuffCatalog.asset","bfbc23906fc1fac499ac5a7b12b8ca9b","Assets/Art/Icon/Ability/Aatrox/AatroxR.png","530bdb7b178dc224e98d3a27461805f2","Transitive","ClientPresentation",
"Assets/Config/Formal/Buffs/FullMatchTestBuffCatalog.asset","bfbc23906fc1fac499ac5a7b12b8ca9b","Assets/Art/Icon/Ability/Aatrox/AatroxW.png","804f3e1b015d3c445af822036f4058ba","Transitive","ClientPresentation",
"Assets/Config/Formal/Buffs/FullMatchTestBuffCatalog.asset","bfbc23906fc1fac499ac5a7b12b8ca9b","Assets/Art/Icon/Ability/Aatrox/Aatrox_Passive.png","35a40a65df8df004eb47015ccda2a0c2","Transitive","ClientPresentation",
"Assets/Config/Formal/Buffs/FullMatchTestBuffCatalog.asset","bfbc23906fc1fac499ac5a7b12b8ca9b","Assets/Art/Icon/Ability/Varus/韦鲁斯被动.png","f6b922f5d10cb3741a50fbfd1dc7bddf","Transitive","ClientPresentation",
"Assets/Config/Formal/Buffs/FullMatchTestBuffCatalog.asset","bfbc23906fc1fac499ac5a7b12b8ca9b","Assets/Art/Icon/Buff/韦鲁斯_枯萎.png","50137e36b1e92454db3e2534e676b03b","Transitive","ClientPresentation",
"Assets/Config/Formal/Buffs/FullMatchTestBuffCatalog.asset","bfbc23906fc1fac499ac5a7b12b8ca9b","Assets/Art/Icon/Equipment/焚天.png","22ee2f49eb0f53c4f9007811dd4883cc","Transitive","ClientPresentation",
"Assets/Config/Formal/Buffs/FullMatchTestBuffCatalog.asset","bfbc23906fc1fac499ac5a7b12b8ca9b","Assets/Art/Icon/Equipment/鬼索的狂暴之刃.png","86d765fa57452364f9577c5014480763","Transitive","ClientPresentation",
"Assets/Config/Formal/Buffs/FullMatchTestBuffCatalog.asset","bfbc23906fc1fac499ac5a7b12b8ca9b","Assets/Config/Formal/Buffs/Aatrox/AatroxWSlow.asset","bc9ddf41975c4fd43b94ac1d50aea8fb","Direct","SharedConfig",
"Assets/Config/Formal/Buffs/FullMatchTestBuffCatalog.asset","bfbc23906fc1fac499ac5a7b12b8ca9b","Assets/Config/Formal/Buffs/Aatrox/AatroxWTether.asset","025674ac71275a3408a799cac0f81c7d","Direct","SharedConfig",
"Assets/Config/Formal/Buffs/FullMatchTestBuffCatalog.asset","bfbc23906fc1fac499ac5a7b12b8ca9b","Assets/Config/Formal/Buffs/Aatrox/AatroxWorldEnder.asset","6ef1141b9f9607944a9d8cbb2005cc92","Direct","SharedConfig",
"Assets/Config/Formal/Buffs/FullMatchTestBuffCatalog.asset","bfbc23906fc1fac499ac5a7b12b8ca9b","Assets/Config/Formal/Buffs/Aatrox/Buff_DeathbringerStance.asset","957ad9105d62de54c86417d44c4f77ac","Direct","SharedConfig",
"Assets/Config/Formal/Buffs/FullMatchTestBuffCatalog.asset","bfbc23906fc1fac499ac5a7b12b8ca9b","Assets/Config/Formal/Buffs/BlightBuffDefinition.asset","f23a48fe70f8d504c9fb8a98cb94f1b7","Direct","SharedConfig",
"Assets/Config/Formal/Buffs/FullMatchTestBuffCatalog.asset","bfbc23906fc1fac499ac5a7b12b8ca9b","Assets/Config/Formal/Buffs/Buff_CorruptionVines.asset","22e8c11e1690f0442b121fa5d011d20c","Direct","SharedConfig",
"Assets/Config/Formal/Buffs/FullMatchTestBuffCatalog.asset","bfbc23906fc1fac499ac5a7b12b8ca9b","Assets/Config/Formal/Buffs/Buff_DesecratedGrievous.asset","bc4b667791827e546be7fb76eb88210c","Direct","SharedConfig",
"Assets/Config/Formal/Buffs/FullMatchTestBuffCatalog.asset","bfbc23906fc1fac499ac5a7b12b8ca9b","Assets/Config/Formal/Buffs/Buff_DesecratedSlow.asset","ebe0fff2c87b3ff4d8162d69df16bcf6","Direct","SharedConfig",
"Assets/Config/Formal/Buffs/FullMatchTestBuffCatalog.asset","bfbc23906fc1fac499ac5a7b12b8ca9b","Assets/Config/Formal/Buffs/Buff_MinionMuncher.asset","92d427a40267f5a4fb08cbc5e8f2e14b","Direct","SharedConfig",
"Assets/Config/Formal/Buffs/FullMatchTestBuffCatalog.asset","bfbc23906fc1fac499ac5a7b12b8ca9b","Assets/Config/Formal/Buffs/Buff_MinionPincushion.asset","3a972ade4ffc00f4887925b177e2fd2e","Direct","SharedConfig",
"Assets/Config/Formal/Buffs/FullMatchTestBuffCatalog.asset","bfbc23906fc1fac499ac5a7b12b8ca9b","Assets/Config/Formal/Buffs/Buff_RVineContactTimer.asset","40b3e80b30072784e85d556ded55b5f7","Direct","SharedConfig",
"Assets/Config/Formal/Buffs/FullMatchTestBuffCatalog.asset","bfbc23906fc1fac499ac5a7b12b8ca9b","Assets/Config/Formal/Buffs/Buff_RVineMarker.asset","3516da3ec2a493a499f55cbd6466846e","Direct","SharedConfig",
"Assets/Config/Formal/Buffs/FullMatchTestBuffCatalog.asset","bfbc23906fc1fac499ac5a7b12b8ca9b","Assets/Config/Formal/Buffs/Buff_SeethingStrike.asset","789eafa8ddc299a4cb3e6689f429f464","Direct","SharedConfig",
"Assets/Config/Formal/Buffs/FullMatchTestBuffCatalog.asset","bfbc23906fc1fac499ac5a7b12b8ca9b","Assets/Config/Formal/Buffs/Buff_SunderedSkyOverheal.asset","bbbbbbbb000000000000000000000001","Direct","SharedConfig",
"Assets/Config/Formal/Buffs/FullMatchTestBuffCatalog.asset","bfbc23906fc1fac499ac5a7b12b8ca9b","Assets/Config/Formal/Buffs/Buff_TowerPillow.asset","0bfb054b0a2b50347b47b33a3d4523d4","Direct","SharedConfig",
"Assets/Config/Formal/Buffs/FullMatchTestBuffCatalog.asset","bfbc23906fc1fac499ac5a7b12b8ca9b","Assets/Config/Formal/Buffs/RevengeBuffDefinition.asset","5a4b18ea3df75544a9f1f39983da662e","Direct","SharedConfig",
"Assets/Config/Formal/Buffs/FullMatchTestBuffCatalog.asset","bfbc23906fc1fac499ac5a7b12b8ca9b","Assets/Scripts/Gameplay/Buff/BuffCatalogAsset.cs","ceebe5169722b774f97bc365f3070240","Direct","EditorOrCode",
"Assets/Config/Formal/Buffs/FullMatchTestBuffCatalog.asset","bfbc23906fc1fac499ac5a7b12b8ca9b","Assets/Scripts/Gameplay/Buff/BuffDefinition.cs","2fd190d0d50aa5847a974015e823714e","Transitive","EditorOrCode",
"Assets/Config/Formal/Buffs/RevengeBuffDefinition.asset","5a4b18ea3df75544a9f1f39983da662e","Assets/Art/Icon/Ability/Varus/韦鲁斯被动.png","f6b922f5d10cb3741a50fbfd1dc7bddf","Direct","ClientPresentation",
"Assets/Config/Formal/Buffs/RevengeBuffDefinition.asset","5a4b18ea3df75544a9f1f39983da662e","Assets/Scripts/Gameplay/Buff/BuffDefinition.cs","2fd190d0d50aa5847a974015e823714e","Direct","EditorOrCode",
"Assets/Config/Formal/CrowdControl/CC_Charm.asset","3c89f594cb9242b4bb529802ece85229","Assets/Scripts/Gameplay/CrowdControl/CrowdControlDefinition.cs","26f8388baef4e4144818c3567086f577","Direct","EditorOrCode",
"Assets/Config/Formal/CrowdControl/CC_Disarm.asset","658b4a3796228a94985c0e3d1ad14158","Assets/Scripts/Gameplay/CrowdControl/CrowdControlDefinition.cs","26f8388baef4e4144818c3567086f577","Direct","EditorOrCode",
"Assets/Config/Formal/CrowdControl/CC_Drowsy.asset","2fe52b5b213f31547a4d69f7a7fe1ad6","Assets/Scripts/Gameplay/CrowdControl/CrowdControlDefinition.cs","26f8388baef4e4144818c3567086f577","Direct","EditorOrCode",
"Assets/Config/Formal/CrowdControl/CC_Fear.asset","4ffa6ca9850313a499734e9712e4d35b","Assets/Scripts/Gameplay/CrowdControl/CrowdControlDefinition.cs","26f8388baef4e4144818c3567086f577","Direct","EditorOrCode",
"Assets/Config/Formal/CrowdControl/CC_KnockBack.asset","7591f2047516663478b0945ceb1ff1bf","Assets/Scripts/Gameplay/CrowdControl/CrowdControlDefinition.cs","26f8388baef4e4144818c3567086f577","Direct","EditorOrCode",
"Assets/Config/Formal/CrowdControl/CC_KnockUp.asset","876e7a0dd49edfe4983cc298b6231b1f","Assets/Scripts/Gameplay/CrowdControl/CrowdControlDefinition.cs","26f8388baef4e4144818c3567086f577","Direct","EditorOrCode",
"Assets/Config/Formal/CrowdControl/CC_Root.asset","9d4f15f978a54ce44a81f25a91de3dbf","Assets/Scripts/Gameplay/CrowdControl/CrowdControlDefinition.cs","26f8388baef4e4144818c3567086f577","Direct","EditorOrCode",
"Assets/Config/Formal/CrowdControl/CC_Silence.asset","b9e71f2a58928764cad97ff093245357","Assets/Scripts/Gameplay/CrowdControl/CrowdControlDefinition.cs","26f8388baef4e4144818c3567086f577","Direct","EditorOrCode",
"Assets/Config/Formal/CrowdControl/CC_Sleep.asset","ec6ccc90e78e9a749820986589627668","Assets/Scripts/Gameplay/CrowdControl/CrowdControlDefinition.cs","26f8388baef4e4144818c3567086f577","Direct","EditorOrCode",
"Assets/Config/Formal/CrowdControl/CC_Slow.asset","d10f1ed06216f904a8f5f8da5e938294","Assets/Scripts/Gameplay/CrowdControl/CrowdControlDefinition.cs","26f8388baef4e4144818c3567086f577","Direct","EditorOrCode",
"Assets/Config/Formal/CrowdControl/CC_Stun.asset","245fd2ed3b4c7a24ea1f9fed13cda2e8","Assets/Scripts/Gameplay/CrowdControl/CrowdControlDefinition.cs","26f8388baef4e4144818c3567086f577","Direct","EditorOrCode",
"Assets/Config/Formal/CrowdControl/CC_Suppression.asset","b6da36dfc3b16884d869780d5107fd3a","Assets/Scripts/Gameplay/CrowdControl/CrowdControlDefinition.cs","26f8388baef4e4144818c3567086f577","Direct","EditorOrCode",
"Assets/Config/Formal/CrowdControl/CC_Taunt.asset","efbfa473f76d7c444ade09247b86757e","Assets/Scripts/Gameplay/CrowdControl/CrowdControlDefinition.cs","26f8388baef4e4144818c3567086f577","Direct","EditorOrCode",
"Assets/Config/Formal/CrowdControl/CrowdControlCatalog.asset","65e31fb930be6b34c812d22d5d2749d6","Assets/Config/Formal/CrowdControl/CC_Charm.asset","3c89f594cb9242b4bb529802ece85229","Direct","SharedConfig",
"Assets/Config/Formal/CrowdControl/CrowdControlCatalog.asset","65e31fb930be6b34c812d22d5d2749d6","Assets/Config/Formal/CrowdControl/CC_Disarm.asset","658b4a3796228a94985c0e3d1ad14158","Direct","SharedConfig",
"Assets/Config/Formal/CrowdControl/CrowdControlCatalog.asset","65e31fb930be6b34c812d22d5d2749d6","Assets/Config/Formal/CrowdControl/CC_Drowsy.asset","2fe52b5b213f31547a4d69f7a7fe1ad6","Direct","SharedConfig",
"Assets/Config/Formal/CrowdControl/CrowdControlCatalog.asset","65e31fb930be6b34c812d22d5d2749d6","Assets/Config/Formal/CrowdControl/CC_Fear.asset","4ffa6ca9850313a499734e9712e4d35b","Direct","SharedConfig",
"Assets/Config/Formal/CrowdControl/CrowdControlCatalog.asset","65e31fb930be6b34c812d22d5d2749d6","Assets/Config/Formal/CrowdControl/CC_KnockBack.asset","7591f2047516663478b0945ceb1ff1bf","Direct","SharedConfig",
"Assets/Config/Formal/CrowdControl/CrowdControlCatalog.asset","65e31fb930be6b34c812d22d5d2749d6","Assets/Config/Formal/CrowdControl/CC_KnockUp.asset","876e7a0dd49edfe4983cc298b6231b1f","Direct","SharedConfig",
"Assets/Config/Formal/CrowdControl/CrowdControlCatalog.asset","65e31fb930be6b34c812d22d5d2749d6","Assets/Config/Formal/CrowdControl/CC_Root.asset","9d4f15f978a54ce44a81f25a91de3dbf","Direct","SharedConfig",
"Assets/Config/Formal/CrowdControl/CrowdControlCatalog.asset","65e31fb930be6b34c812d22d5d2749d6","Assets/Config/Formal/CrowdControl/CC_Silence.asset","b9e71f2a58928764cad97ff093245357","Direct","SharedConfig",
"Assets/Config/Formal/CrowdControl/CrowdControlCatalog.asset","65e31fb930be6b34c812d22d5d2749d6","Assets/Config/Formal/CrowdControl/CC_Sleep.asset","ec6ccc90e78e9a749820986589627668","Direct","SharedConfig",
"Assets/Config/Formal/CrowdControl/CrowdControlCatalog.asset","65e31fb930be6b34c812d22d5d2749d6","Assets/Config/Formal/CrowdControl/CC_Slow.asset","d10f1ed06216f904a8f5f8da5e938294","Direct","SharedConfig",
"Assets/Config/Formal/CrowdControl/CrowdControlCatalog.asset","65e31fb930be6b34c812d22d5d2749d6","Assets/Config/Formal/CrowdControl/CC_Stun.asset","245fd2ed3b4c7a24ea1f9fed13cda2e8","Direct","SharedConfig",
"Assets/Config/Formal/CrowdControl/CrowdControlCatalog.asset","65e31fb930be6b34c812d22d5d2749d6","Assets/Config/Formal/CrowdControl/CC_Suppression.asset","b6da36dfc3b16884d869780d5107fd3a","Direct","SharedConfig",
"Assets/Config/Formal/CrowdControl/CrowdControlCatalog.asset","65e31fb930be6b34c812d22d5d2749d6","Assets/Config/Formal/CrowdControl/CC_Taunt.asset","efbfa473f76d7c444ade09247b86757e","Direct","SharedConfig",
"Assets/Config/Formal/CrowdControl/CrowdControlCatalog.asset","65e31fb930be6b34c812d22d5d2749d6","Assets/Scripts/Gameplay/CrowdControl/CrowdControlCatalogAsset.cs","c92d2072a0ec06843bdb0facdf57ccd4","Direct","EditorOrCode",
"Assets/Config/Formal/CrowdControl/CrowdControlCatalog.asset","65e31fb930be6b34c812d22d5d2749d6","Assets/Scripts/Gameplay/CrowdControl/CrowdControlDefinition.cs","26f8388baef4e4144818c3567086f577","Transitive","EditorOrCode",
"Assets/Config/Formal/Equipment/AmplifyingTome.asset","bbaf1346bcaac9c42b657264179d6795","Assets/Art/Icon/Equipment/增幅典籍.png","eb073a169e8d14f41a58c531b824a368","Direct","ClientPresentation",
"Assets/Config/Formal/Equipment/AmplifyingTome.asset","bbaf1346bcaac9c42b657264179d6795","Assets/Scripts/Gameplay/Equipment/EquipmentDefinition.cs","10968a781afdb4648aab6bb16996728c","Direct","EditorOrCode",
"Assets/Config/Formal/Equipment/CaulfieldsWarhammer.asset","aaaaaaaa000000000000000000000005","Assets/Art/Icon/Equipment/考尔菲德的战锤.png","a7271a60e0865f940a12ad9f97d92d7e","Direct","ClientPresentation",
"Assets/Config/Formal/Equipment/CaulfieldsWarhammer.asset","aaaaaaaa000000000000000000000005","Assets/Art/Icon/Equipment/荧尘.png","be809818752188249a3aab7ad105cfe0","Transitive","ClientPresentation",
"Assets/Config/Formal/Equipment/CaulfieldsWarhammer.asset","aaaaaaaa000000000000000000000005","Assets/Art/Icon/Equipment/长剑.png","10109fb3c0d85f24aaf62c84fa4bde67","Transitive","ClientPresentation",
"Assets/Config/Formal/Equipment/CaulfieldsWarhammer.asset","aaaaaaaa000000000000000000000005","Assets/Config/Formal/Equipment/GlowingMote.asset","aaaaaaaa000000000000000000000003","Direct","SharedConfig",
"Assets/Config/Formal/Equipment/CaulfieldsWarhammer.asset","aaaaaaaa000000000000000000000005","Assets/Config/Formal/Equipment/LongSword.asset","aaaaaaaa000000000000000000000001","Direct","SharedConfig",
"Assets/Config/Formal/Equipment/CaulfieldsWarhammer.asset","aaaaaaaa000000000000000000000005","Assets/Scripts/Gameplay/Equipment/EquipmentDefinition.cs","10968a781afdb4648aab6bb16996728c","Direct","EditorOrCode",
"Assets/Config/Formal/Equipment/Dagger.asset","e85d40669023def4791da7aeea37e8bf","Assets/Art/Icon/Equipment/短剑.png","ce093c4d89bfff64999673091f7b1130","Direct","ClientPresentation",
"Assets/Config/Formal/Equipment/Dagger.asset","e85d40669023def4791da7aeea37e8bf","Assets/Scripts/Gameplay/Equipment/EquipmentDefinition.cs","10968a781afdb4648aab6bb16996728c","Direct","EditorOrCode",
"Assets/Config/Formal/Equipment/FormalEquipmentCatalog.asset","eb9d7cfdf62385847aa5e2480b266dae","Assets/Art/Icon/Equipment/十字镐.png","0e05c618c0a7c024a94ced98ffdc0695","Transitive","ClientPresentation",
"Assets/Config/Formal/Equipment/FormalEquipmentCatalog.asset","eb9d7cfdf62385847aa5e2480b266dae","Assets/Art/Icon/Equipment/反曲之弓.png","6b7a039792e48b5468c197a77371f7d1","Transitive","ClientPresentation",
"Assets/Config/Formal/Equipment/FormalEquipmentCatalog.asset","eb9d7cfdf62385847aa5e2480b266dae","Assets/Art/Icon/Equipment/增幅典籍.png","eb073a169e8d14f41a58c531b824a368","Transitive","ClientPresentation",
"Assets/Config/Formal/Equipment/FormalEquipmentCatalog.asset","eb9d7cfdf62385847aa5e2480b266dae","Assets/Art/Icon/Equipment/掘道钻头.png","5e44ca630b8853b4eac51877ef530e61","Transitive","ClientPresentation",
"Assets/Config/Formal/Equipment/FormalEquipmentCatalog.asset","eb9d7cfdf62385847aa5e2480b266dae","Assets/Art/Icon/Equipment/焚天.png","22ee2f49eb0f53c4f9007811dd4883cc","Transitive","ClientPresentation",
"Assets/Config/Formal/Equipment/FormalEquipmentCatalog.asset","eb9d7cfdf62385847aa5e2480b266dae","Assets/Art/Icon/Equipment/短剑.png","ce093c4d89bfff64999673091f7b1130","Transitive","ClientPresentation",
"Assets/Config/Formal/Equipment/FormalEquipmentCatalog.asset","eb9d7cfdf62385847aa5e2480b266dae","Assets/Art/Icon/Equipment/红水晶.png","7ff31451ad4b246479de80aa3261dedc","Transitive","ClientPresentation",
"Assets/Config/Formal/Equipment/FormalEquipmentCatalog.asset","eb9d7cfdf62385847aa5e2480b266dae","Assets/Art/Icon/Equipment/考尔菲德的战锤.png","a7271a60e0865f940a12ad9f97d92d7e","Transitive","ClientPresentation",
"Assets/Config/Formal/Equipment/FormalEquipmentCatalog.asset","eb9d7cfdf62385847aa5e2480b266dae","Assets/Art/Icon/Equipment/荧尘.png","be809818752188249a3aab7ad105cfe0","Transitive","ClientPresentation",
"Assets/Config/Formal/Equipment/FormalEquipmentCatalog.asset","eb9d7cfdf62385847aa5e2480b266dae","Assets/Art/Icon/Equipment/长剑.png","10109fb3c0d85f24aaf62c84fa4bde67","Transitive","ClientPresentation",
"Assets/Config/Formal/Equipment/FormalEquipmentCatalog.asset","eb9d7cfdf62385847aa5e2480b266dae","Assets/Art/Icon/Equipment/鬼索的狂暴之刃.png","86d765fa57452364f9577c5014480763","Transitive","ClientPresentation",
"Assets/Config/Formal/Equipment/FormalEquipmentCatalog.asset","eb9d7cfdf62385847aa5e2480b266dae","Assets/Config/Formal/Equipment/AmplifyingTome.asset","bbaf1346bcaac9c42b657264179d6795","Direct","SharedConfig",
"Assets/Config/Formal/Equipment/FormalEquipmentCatalog.asset","eb9d7cfdf62385847aa5e2480b266dae","Assets/Config/Formal/Equipment/CaulfieldsWarhammer.asset","aaaaaaaa000000000000000000000005","Direct","SharedConfig",
"Assets/Config/Formal/Equipment/FormalEquipmentCatalog.asset","eb9d7cfdf62385847aa5e2480b266dae","Assets/Config/Formal/Equipment/Dagger.asset","e85d40669023def4791da7aeea37e8bf","Direct","SharedConfig",
"Assets/Config/Formal/Equipment/FormalEquipmentCatalog.asset","eb9d7cfdf62385847aa5e2480b266dae","Assets/Config/Formal/Equipment/GlowingMote.asset","aaaaaaaa000000000000000000000003","Direct","SharedConfig",
"Assets/Config/Formal/Equipment/FormalEquipmentCatalog.asset","eb9d7cfdf62385847aa5e2480b266dae","Assets/Config/Formal/Equipment/GuinsoosRageblade.asset","4d5e43f68e39be74cb87071952697983","Direct","SharedConfig",
"Assets/Config/Formal/Equipment/FormalEquipmentCatalog.asset","eb9d7cfdf62385847aa5e2480b266dae","Assets/Config/Formal/Equipment/LongSword.asset","aaaaaaaa000000000000000000000001","Direct","SharedConfig",
"Assets/Config/Formal/Equipment/FormalEquipmentCatalog.asset","eb9d7cfdf62385847aa5e2480b266dae","Assets/Config/Formal/Equipment/Pickaxe.asset","062bb1f9189f94c47ad269521bff814f","Direct","SharedConfig",
"Assets/Config/Formal/Equipment/FormalEquipmentCatalog.asset","eb9d7cfdf62385847aa5e2480b266dae","Assets/Config/Formal/Equipment/RecurveBow.asset","5f05c4f5673081f4e8727f18899fa5de","Direct","SharedConfig",
"Assets/Config/Formal/Equipment/FormalEquipmentCatalog.asset","eb9d7cfdf62385847aa5e2480b266dae","Assets/Config/Formal/Equipment/RubyCrystal.asset","aaaaaaaa000000000000000000000002","Direct","SharedConfig",
"Assets/Config/Formal/Equipment/FormalEquipmentCatalog.asset","eb9d7cfdf62385847aa5e2480b266dae","Assets/Config/Formal/Equipment/SunderedSky.asset","aaaaaaaa000000000000000000000006","Direct","SharedConfig",
"Assets/Config/Formal/Equipment/FormalEquipmentCatalog.asset","eb9d7cfdf62385847aa5e2480b266dae","Assets/Config/Formal/Equipment/Tunneler.asset","aaaaaaaa000000000000000000000004","Direct","SharedConfig",
"Assets/Config/Formal/Equipment/FormalEquipmentCatalog.asset","eb9d7cfdf62385847aa5e2480b266dae","Assets/Scripts/Gameplay/Equipment/EquipmentCatalogAsset.cs","13fd81ec7bfe5b64fa09415b10fb0130","Direct","EditorOrCode",
"Assets/Config/Formal/Equipment/FormalEquipmentCatalog.asset","eb9d7cfdf62385847aa5e2480b266dae","Assets/Scripts/Gameplay/Equipment/EquipmentDefinition.cs","10968a781afdb4648aab6bb16996728c","Transitive","EditorOrCode",
"Assets/Config/Formal/Equipment/GlowingMote.asset","aaaaaaaa000000000000000000000003","Assets/Art/Icon/Equipment/荧尘.png","be809818752188249a3aab7ad105cfe0","Direct","ClientPresentation",
"Assets/Config/Formal/Equipment/GlowingMote.asset","aaaaaaaa000000000000000000000003","Assets/Scripts/Gameplay/Equipment/EquipmentDefinition.cs","10968a781afdb4648aab6bb16996728c","Direct","EditorOrCode",
"Assets/Config/Formal/Equipment/GuinsoosRageblade.asset","4d5e43f68e39be74cb87071952697983","Assets/Art/Icon/Equipment/十字镐.png","0e05c618c0a7c024a94ced98ffdc0695","Transitive","ClientPresentation",
"Assets/Config/Formal/Equipment/GuinsoosRageblade.asset","4d5e43f68e39be74cb87071952697983","Assets/Art/Icon/Equipment/反曲之弓.png","6b7a039792e48b5468c197a77371f7d1","Transitive","ClientPresentation",
"Assets/Config/Formal/Equipment/GuinsoosRageblade.asset","4d5e43f68e39be74cb87071952697983","Assets/Art/Icon/Equipment/增幅典籍.png","eb073a169e8d14f41a58c531b824a368","Transitive","ClientPresentation",
"Assets/Config/Formal/Equipment/GuinsoosRageblade.asset","4d5e43f68e39be74cb87071952697983","Assets/Art/Icon/Equipment/短剑.png","ce093c4d89bfff64999673091f7b1130","Transitive","ClientPresentation",
"Assets/Config/Formal/Equipment/GuinsoosRageblade.asset","4d5e43f68e39be74cb87071952697983","Assets/Art/Icon/Equipment/鬼索的狂暴之刃.png","86d765fa57452364f9577c5014480763","Direct","ClientPresentation",
"Assets/Config/Formal/Equipment/GuinsoosRageblade.asset","4d5e43f68e39be74cb87071952697983","Assets/Config/Formal/Equipment/AmplifyingTome.asset","bbaf1346bcaac9c42b657264179d6795","Direct","SharedConfig",
"Assets/Config/Formal/Equipment/GuinsoosRageblade.asset","4d5e43f68e39be74cb87071952697983","Assets/Config/Formal/Equipment/Dagger.asset","e85d40669023def4791da7aeea37e8bf","Transitive","SharedConfig",
"Assets/Config/Formal/Equipment/GuinsoosRageblade.asset","4d5e43f68e39be74cb87071952697983","Assets/Config/Formal/Equipment/Pickaxe.asset","062bb1f9189f94c47ad269521bff814f","Direct","SharedConfig",
"Assets/Config/Formal/Equipment/GuinsoosRageblade.asset","4d5e43f68e39be74cb87071952697983","Assets/Config/Formal/Equipment/RecurveBow.asset","5f05c4f5673081f4e8727f18899fa5de","Direct","SharedConfig",
"Assets/Config/Formal/Equipment/GuinsoosRageblade.asset","4d5e43f68e39be74cb87071952697983","Assets/Scripts/Gameplay/Equipment/EquipmentDefinition.cs","10968a781afdb4648aab6bb16996728c","Direct","EditorOrCode",
"Assets/Config/Formal/Equipment/LongSword.asset","aaaaaaaa000000000000000000000001","Assets/Art/Icon/Equipment/长剑.png","10109fb3c0d85f24aaf62c84fa4bde67","Direct","ClientPresentation",
"Assets/Config/Formal/Equipment/LongSword.asset","aaaaaaaa000000000000000000000001","Assets/Scripts/Gameplay/Equipment/EquipmentDefinition.cs","10968a781afdb4648aab6bb16996728c","Direct","EditorOrCode",
"Assets/Config/Formal/Equipment/Pickaxe.asset","062bb1f9189f94c47ad269521bff814f","Assets/Art/Icon/Equipment/十字镐.png","0e05c618c0a7c024a94ced98ffdc0695","Direct","ClientPresentation",
"Assets/Config/Formal/Equipment/Pickaxe.asset","062bb1f9189f94c47ad269521bff814f","Assets/Scripts/Gameplay/Equipment/EquipmentDefinition.cs","10968a781afdb4648aab6bb16996728c","Direct","EditorOrCode",
"Assets/Config/Formal/Equipment/RecurveBow.asset","5f05c4f5673081f4e8727f18899fa5de","Assets/Art/Icon/Equipment/反曲之弓.png","6b7a039792e48b5468c197a77371f7d1","Direct","ClientPresentation",
"Assets/Config/Formal/Equipment/RecurveBow.asset","5f05c4f5673081f4e8727f18899fa5de","Assets/Art/Icon/Equipment/短剑.png","ce093c4d89bfff64999673091f7b1130","Transitive","ClientPresentation",
"Assets/Config/Formal/Equipment/RecurveBow.asset","5f05c4f5673081f4e8727f18899fa5de","Assets/Config/Formal/Equipment/Dagger.asset","e85d40669023def4791da7aeea37e8bf","Direct","SharedConfig",
"Assets/Config/Formal/Equipment/RecurveBow.asset","5f05c4f5673081f4e8727f18899fa5de","Assets/Scripts/Gameplay/Equipment/EquipmentDefinition.cs","10968a781afdb4648aab6bb16996728c","Direct","EditorOrCode",
"Assets/Config/Formal/Equipment/RubyCrystal.asset","aaaaaaaa000000000000000000000002","Assets/Art/Icon/Equipment/红水晶.png","7ff31451ad4b246479de80aa3261dedc","Direct","ClientPresentation",
"Assets/Config/Formal/Equipment/RubyCrystal.asset","aaaaaaaa000000000000000000000002","Assets/Scripts/Gameplay/Equipment/EquipmentDefinition.cs","10968a781afdb4648aab6bb16996728c","Direct","EditorOrCode",
"Assets/Config/Formal/Equipment/SunderedSky.asset","aaaaaaaa000000000000000000000006","Assets/Art/Icon/Equipment/掘道钻头.png","5e44ca630b8853b4eac51877ef530e61","Transitive","ClientPresentation",
"Assets/Config/Formal/Equipment/SunderedSky.asset","aaaaaaaa000000000000000000000006","Assets/Art/Icon/Equipment/焚天.png","22ee2f49eb0f53c4f9007811dd4883cc","Direct","ClientPresentation",
"Assets/Config/Formal/Equipment/SunderedSky.asset","aaaaaaaa000000000000000000000006","Assets/Art/Icon/Equipment/红水晶.png","7ff31451ad4b246479de80aa3261dedc","Transitive","ClientPresentation",
"Assets/Config/Formal/Equipment/SunderedSky.asset","aaaaaaaa000000000000000000000006","Assets/Art/Icon/Equipment/考尔菲德的战锤.png","a7271a60e0865f940a12ad9f97d92d7e","Transitive","ClientPresentation",
"Assets/Config/Formal/Equipment/SunderedSky.asset","aaaaaaaa000000000000000000000006","Assets/Art/Icon/Equipment/荧尘.png","be809818752188249a3aab7ad105cfe0","Transitive","ClientPresentation",
"Assets/Config/Formal/Equipment/SunderedSky.asset","aaaaaaaa000000000000000000000006","Assets/Art/Icon/Equipment/长剑.png","10109fb3c0d85f24aaf62c84fa4bde67","Transitive","ClientPresentation",
"Assets/Config/Formal/Equipment/SunderedSky.asset","aaaaaaaa000000000000000000000006","Assets/Config/Formal/Equipment/CaulfieldsWarhammer.asset","aaaaaaaa000000000000000000000005","Direct","SharedConfig",
"Assets/Config/Formal/Equipment/SunderedSky.asset","aaaaaaaa000000000000000000000006","Assets/Config/Formal/Equipment/GlowingMote.asset","aaaaaaaa000000000000000000000003","Transitive","SharedConfig",
"Assets/Config/Formal/Equipment/SunderedSky.asset","aaaaaaaa000000000000000000000006","Assets/Config/Formal/Equipment/LongSword.asset","aaaaaaaa000000000000000000000001","Transitive","SharedConfig",
"Assets/Config/Formal/Equipment/SunderedSky.asset","aaaaaaaa000000000000000000000006","Assets/Config/Formal/Equipment/RubyCrystal.asset","aaaaaaaa000000000000000000000002","Transitive","SharedConfig",
"Assets/Config/Formal/Equipment/SunderedSky.asset","aaaaaaaa000000000000000000000006","Assets/Config/Formal/Equipment/Tunneler.asset","aaaaaaaa000000000000000000000004","Direct","SharedConfig",
"Assets/Config/Formal/Equipment/SunderedSky.asset","aaaaaaaa000000000000000000000006","Assets/Scripts/Gameplay/Equipment/EquipmentDefinition.cs","10968a781afdb4648aab6bb16996728c","Direct","EditorOrCode",
"Assets/Config/Formal/Equipment/Tunneler.asset","aaaaaaaa000000000000000000000004","Assets/Art/Icon/Equipment/掘道钻头.png","5e44ca630b8853b4eac51877ef530e61","Direct","ClientPresentation",
"Assets/Config/Formal/Equipment/Tunneler.asset","aaaaaaaa000000000000000000000004","Assets/Art/Icon/Equipment/红水晶.png","7ff31451ad4b246479de80aa3261dedc","Transitive","ClientPresentation",
"Assets/Config/Formal/Equipment/Tunneler.asset","aaaaaaaa000000000000000000000004","Assets/Art/Icon/Equipment/长剑.png","10109fb3c0d85f24aaf62c84fa4bde67","Transitive","ClientPresentation",
"Assets/Config/Formal/Equipment/Tunneler.asset","aaaaaaaa000000000000000000000004","Assets/Config/Formal/Equipment/LongSword.asset","aaaaaaaa000000000000000000000001","Direct","SharedConfig",
"Assets/Config/Formal/Equipment/Tunneler.asset","aaaaaaaa000000000000000000000004","Assets/Config/Formal/Equipment/RubyCrystal.asset","aaaaaaaa000000000000000000000002","Direct","SharedConfig",
"Assets/Config/Formal/Equipment/Tunneler.asset","aaaaaaaa000000000000000000000004","Assets/Scripts/Gameplay/Equipment/EquipmentDefinition.cs","10968a781afdb4648aab6bb16996728c","Direct","EditorOrCode",
"Assets/Config/Formal/FlowFields/FlowField_Team1_Large.asset","dcf7180b84934334cb97d83f97d0bee0","Assets/Scripts/Gameplay/Pathfinding/FlowFieldBakeAsset.cs","d5218c50022da114baa0481dd2fe6343","Direct","EditorOrCode",
"Assets/Config/Formal/FlowFields/FlowField_Team1_Medium.asset","4637441032303ee4b9bf02aa83264d27","Assets/Scripts/Gameplay/Pathfinding/FlowFieldBakeAsset.cs","d5218c50022da114baa0481dd2fe6343","Direct","EditorOrCode",
"Assets/Config/Formal/FlowFields/FlowField_Team1_Small.asset","2e6cf1ea45336fe40896128818973436","Assets/Scripts/Gameplay/Pathfinding/FlowFieldBakeAsset.cs","d5218c50022da114baa0481dd2fe6343","Direct","EditorOrCode",
"Assets/Config/Formal/FlowFields/FlowField_Team2_Large.asset","1c1753d82b1abf44595899bb234670d8","Assets/Scripts/Gameplay/Pathfinding/FlowFieldBakeAsset.cs","d5218c50022da114baa0481dd2fe6343","Direct","EditorOrCode",
"Assets/Config/Formal/FlowFields/FlowField_Team2_Medium.asset","70b80eccfc43c194bb035c2caef9bb69","Assets/Scripts/Gameplay/Pathfinding/FlowFieldBakeAsset.cs","d5218c50022da114baa0481dd2fe6343","Direct","EditorOrCode",
"Assets/Config/Formal/FlowFields/FlowField_Team2_Small.asset","6db431ebbaf4a01498cc2ccf2adebf93","Assets/Scripts/Gameplay/Pathfinding/FlowFieldBakeAsset.cs","d5218c50022da114baa0481dd2fe6343","Direct","EditorOrCode",
"Assets/Config/Formal/FullMatchDeterministicMapConfig.asset","f1c4e69f4a5028647b5c47fb0408da9f","Assets/Scripts/Gameplay/Pathfinding/DeterministicMapConfig.cs","d27708bbd537c3d4fa44ec30e908300d","Direct","EditorOrCode",
"Assets/Config/Formal/FullMatchMinionWaveConfig.asset","56cfde14cc8802849bbae5bb8733b5d9","Assets/Scripts/RuntimeConfig/MinionWaveConfig.cs","d3103a25258ae554ba208d97aa4b4204","Direct","EditorOrCode",
"Assets/Config/Formal/FullMatchProjectileRuntimeCatalog.asset","e548718fd0a6b7d4b87db7539574720f","Assets/Scripts/Gameplay/Projectile/ProjectileRuntimeCatalogAsset.cs","20e0327561ceb194aa8df1b2f4874e1f","Direct","EditorOrCode",
"Assets/Config/Formal/FullMatchUnitDisposePolicyTable.asset","a94aa9b65aa66d9438c9752a791476bd","Assets/Scripts/Gameplay/Unit/Prototype/UnitDisposePolicyTable.cs","c25d6a58ba7ef1145afbc46887bedc11","Direct","EditorOrCode",
"Assets/Config/Formal/FullMatchUnitRuntimeCatalog.asset","cf6a213803fa81b4cb7ac2699f40045b","Assets/Art/Icon/Hero/Aatrox.png","05cc6a8fbb52ed246b0f3b4720325ef1","Transitive","ClientPresentation",
"Assets/Config/Formal/FullMatchUnitRuntimeCatalog.asset","cf6a213803fa81b4cb7ac2699f40045b","Assets/Art/Icon/Hero/Varus.jpg","b54876e9c470b774fa7adc1a21c34d1e","Transitive","ClientPresentation",
"Assets/Config/Formal/FullMatchUnitRuntimeCatalog.asset","cf6a213803fa81b4cb7ac2699f40045b","Assets/Config/Formal/FullMatchUnitDisposePolicyTable.asset","a94aa9b65aa66d9438c9752a791476bd","Direct","SharedConfig",
"Assets/Config/Formal/FullMatchUnitRuntimeCatalog.asset","cf6a213803fa81b4cb7ac2699f40045b","Assets/Config/Formal/HeroDisplayTable.asset","c5958d1073b594545aa68c722dd4feb1","Direct","SharedConfig",
"Assets/Config/Formal/FullMatchUnitRuntimeCatalog.asset","cf6a213803fa81b4cb7ac2699f40045b","Assets/Scripts/Gameplay/Unit/Authoring/UnitRuntimeCatalogAsset.cs","b86cf68e04206d5488acf26a5bdc1e11","Direct","EditorOrCode",
"Assets/Config/Formal/FullMatchUnitRuntimeCatalog.asset","cf6a213803fa81b4cb7ac2699f40045b","Assets/Scripts/Gameplay/Unit/Prototype/UnitDisposePolicyTable.cs","c25d6a58ba7ef1145afbc46887bedc11","Transitive","EditorOrCode",
"Assets/Config/Formal/FullMatchUnitRuntimeCatalog.asset","cf6a213803fa81b4cb7ac2699f40045b","Assets/Scripts/RuntimeConfig/HeroDisplayTable.cs","899e7bc53a633ee4dabd640727cd2076","Transitive","EditorOrCode",
"Assets/Config/Formal/FullMatchVfxLibrary.asset","8b765830955140048b5e07ba16c7167d","Assets/Art/Img/剑魔Q1特效.png","6639585702dbaa74f854854c9b44fec5","Transitive","ClientPresentation",
"Assets/Config/Formal/FullMatchVfxLibrary.asset","8b765830955140048b5e07ba16c7167d","Assets/Art/Img/剑魔Q2特效.png","1d8b1aceb7498f648a82afd1cc27343e","Transitive","ClientPresentation",
"Assets/Config/Formal/FullMatchVfxLibrary.asset","8b765830955140048b5e07ba16c7167d","Assets/Art/Img/剑魔Q3特效.png","27f4cf630739603478c09255ee54bbf7","Transitive","ClientPresentation",
"Assets/Config/Formal/FullMatchVfxLibrary.asset","8b765830955140048b5e07ba16c7167d","Assets/Art/Model/韦鲁斯_E特效.glb","ec4bfcbd6fd33364aa532d3531de3147","Transitive","ClientPresentation",
"Assets/Config/Formal/FullMatchVfxLibrary.asset","8b765830955140048b5e07ba16c7167d","Assets/Resources/Material/韦鲁斯特效通用材质.mat","a22de958bf0c8ff47a18ee82d573f017","Transitive","ClientPresentation",
"Assets/Config/Formal/FullMatchVfxLibrary.asset","8b765830955140048b5e07ba16c7167d","Assets/Resources/Prefab/VFX/AatroxQ1VFX.prefab","c104df327fc900e459d8d8d88080e74c","Direct","ClientPresentation",
"Assets/Config/Formal/FullMatchVfxLibrary.asset","8b765830955140048b5e07ba16c7167d","Assets/Resources/Prefab/VFX/AatroxQ2VFX.prefab","e548ee90e7b95e74fa2b03d68ec88b7a","Direct","ClientPresentation",
"Assets/Config/Formal/FullMatchVfxLibrary.asset","8b765830955140048b5e07ba16c7167d","Assets/Resources/Prefab/VFX/AatroxQ3VFX.prefab","4c4378ba777eca9439d5d0e74413316d","Direct","ClientPresentation",
"Assets/Config/Formal/FullMatchVfxLibrary.asset","8b765830955140048b5e07ba16c7167d","Assets/Resources/Prefab/VFX/RenvengeIgniteVFX.prefab","188f953b9c8e8bb45aae4dad667fff10","Direct","ClientPresentation",
"Assets/Config/Formal/FullMatchVfxLibrary.asset","8b765830955140048b5e07ba16c7167d","Assets/Resources/Prefab/VFX/RevengeMarkVFX.prefab","b8afe4b8f34ff6e489e0893500558ddc","Direct","ClientPresentation",
"Assets/Config/Formal/FullMatchVfxLibrary.asset","8b765830955140048b5e07ba16c7167d","Assets/Resources/Prefab/VFX/VarusRBuffVFX.prefab","37b5e78e750a585489efc9dc73bc60d2","Direct","ClientPresentation",
"Assets/Config/Formal/FullMatchVfxLibrary.asset","8b765830955140048b5e07ba16c7167d","Assets/Resources/Prefab/VFX/VarusSpellEVFX.prefab","bfe65ff0689be0f4bb52ef5cd63cccbc","Direct","ClientPresentation",
"Assets/Config/Formal/FullMatchVfxLibrary.asset","8b765830955140048b5e07ba16c7167d","Assets/Scripts/FrameSync/CorruptionVineSpreadLineBehaviour.cs","c307e98cfee29034b9c20fa8f5f76740","Transitive","EditorOrCode",
"Assets/Config/Formal/FullMatchVfxLibrary.asset","8b765830955140048b5e07ba16c7167d","Assets/Scripts/FrameSync/VfxLibrary.cs","e11ee76014eb1114e8f728e19af3d0e4","Direct","EditorOrCode",
"Assets/Config/Formal/FullMatchVfxLibrary.asset","8b765830955140048b5e07ba16c7167d","Assets/Scripts/FrameSync/VfxPlaybackHost.cs","51532e9eb1691d0429ab49c063121b01","Transitive","EditorOrCode",
"Assets/Config/Formal/FullMatchVfxLibrary.asset","8b765830955140048b5e07ba16c7167d","Assets/Scripts/Presentation/SplineTentacleRenderer.cs","456d68042b6fa4747bb50d6e7aa645bf","Transitive","EditorOrCode",
"Assets/Config/Formal/FullMatchVfxLibrary.asset","8b765830955140048b5e07ba16c7167d","Packages/com.siccity.gltfutility/Materials/URP/Standard (Metallic).shadergraph","a08f3a1c845d57c4293a42c3202574a1","Transitive","ThirdParty",
"Assets/Config/Formal/FullMatchVfxLibrary.asset","8b765830955140048b5e07ba16c7167d","Packages/com.siccity.gltfutility/Materials/URP/Standard (Specular).shadergraph","e6061ad897a8bd843b501d409aff8a22","Transitive","ThirdParty",
"Assets/Config/Formal/FullMatchVfxLibrary.asset","8b765830955140048b5e07ba16c7167d","Packages/com.siccity.gltfutility/Materials/URP/Standard Transparent (Metallic).shadergraph","bb6606ffd3868dd46a773758ff6901fc","Transitive","ThirdParty",
"Assets/Config/Formal/FullMatchVfxLibrary.asset","8b765830955140048b5e07ba16c7167d","Packages/com.siccity.gltfutility/Materials/URP/Standard Transparent (Specular).shadergraph","09512c1ba26fe804283ec6e09112e53c","Transitive","ThirdParty",
"Assets/Config/Formal/FullMatchVfxLibrary.asset","8b765830955140048b5e07ba16c7167d","Packages/com.siccity.gltfutility/Scripts/Editor/GLBImporter.cs","768a5a18fd6eb914f980bf85dd7b34ec","Transitive","ThirdParty",
"Assets/Config/Formal/FullMatchVfxLibrary.asset","8b765830955140048b5e07ba16c7167d","Packages/com.unity.render-pipelines.universal/Editor/AssetVersion.cs","d0353a89b1f911e48b9e16bdc9f2e058","Transitive","ThirdParty",
"Assets/Config/Formal/FullMatchVfxLibrary.asset","8b765830955140048b5e07ba16c7167d","Packages/com.unity.render-pipelines.universal/Editor/ShaderGraph/UniversalMetadata.cs","d2654ad3c17ab8a4ebb9fd0719795d21","Transitive","ThirdParty",
"Assets/Config/Formal/FullMatchVfxLibrary.asset","8b765830955140048b5e07ba16c7167d","Packages/com.unity.render-pipelines.universal/Runtime/Materials/ParticlesUnlit.mat","e823cd5b5d27c0f4b8256e7c12ee3e6d","Transitive","ThirdParty",
"Assets/Config/Formal/FullMatchVfxLibrary.asset","8b765830955140048b5e07ba16c7167d","Packages/com.unity.render-pipelines.universal/Shaders/Lit.shader","933532a4fcc9baf4fa0491de14d08ed7","Transitive","ThirdParty",
"Assets/Config/Formal/FullMatchVfxLibrary.asset","8b765830955140048b5e07ba16c7167d","Packages/com.unity.render-pipelines.universal/Shaders/Particles/ParticlesUnlit.shader","0406db5a14f94604a8c57ccfbc9f3b46","Transitive","ThirdParty",
"Assets/Config/Formal/FullMatchVfxLibrary.asset","8b765830955140048b5e07ba16c7167d","Packages/com.unity.shadergraph/Editor/Importers/ShaderGraphImporter.cs","625f186215c104763be7675aa2d941aa","Transitive","ThirdParty",
"Assets/Config/Formal/FullMatchVfxLibrary.asset","8b765830955140048b5e07ba16c7167d","Packages/com.unity.shadergraph/Editor/Importers/ShaderGraphMetadata.cs","b64ab828cd6c5b3479a4c575ca6617d5","Transitive","ThirdParty",
"Assets/Config/Formal/FullMatchVfxLibrary.asset","8b765830955140048b5e07ba16c7167d","Packages/com.unity.splines/Runtime/SplineContainer.cs","dab5c7d4c32e743048dfca98e2d5914f","Transitive","ThirdParty",
"Assets/Config/Formal/GlobalGameplayData.asset","8b0cdcd39dbb2964baebdd8475f1e60e","Assets/Art/Icon/Ability/Aatrox/AatroxQ1.png","e894b675c21081c48870a9a7933c7439","Transitive","ClientPresentation",
"Assets/Config/Formal/GlobalGameplayData.asset","8b0cdcd39dbb2964baebdd8475f1e60e","Assets/Art/Icon/Ability/Aatrox/AatroxQ2.png","00e9e3466d875504dacc31d33410c22a","Transitive","ClientPresentation",
"Assets/Config/Formal/GlobalGameplayData.asset","8b0cdcd39dbb2964baebdd8475f1e60e","Assets/Art/Icon/Ability/Aatrox/AatroxQ3.png","6b760e2beac14724da8a55d9ff3ecd64","Transitive","ClientPresentation",
"Assets/Config/Formal/GlobalGameplayData.asset","8b0cdcd39dbb2964baebdd8475f1e60e","Assets/Art/Icon/Hero/Aatrox.png","05cc6a8fbb52ed246b0f3b4720325ef1","Transitive","ClientPresentation",
"Assets/Config/Formal/GlobalGameplayData.asset","8b0cdcd39dbb2964baebdd8475f1e60e","Assets/Art/Icon/Hero/Varus.jpg","b54876e9c470b774fa7adc1a21c34d1e","Transitive","ClientPresentation",
"Assets/Config/Formal/GlobalGameplayData.asset","8b0cdcd39dbb2964baebdd8475f1e60e","Assets/Art/Img/剑魔Q1特效.png","6639585702dbaa74f854854c9b44fec5","Transitive","ClientPresentation",
"Assets/Config/Formal/GlobalGameplayData.asset","8b0cdcd39dbb2964baebdd8475f1e60e","Assets/Art/Img/剑魔Q2特效.png","1d8b1aceb7498f648a82afd1cc27343e","Transitive","ClientPresentation",
"Assets/Config/Formal/GlobalGameplayData.asset","8b0cdcd39dbb2964baebdd8475f1e60e","Assets/Art/Img/剑魔Q3特效.png","27f4cf630739603478c09255ee54bbf7","Transitive","ClientPresentation",
"Assets/Config/Formal/GlobalGameplayData.asset","8b0cdcd39dbb2964baebdd8475f1e60e","Assets/Art/Img/韦鲁斯E污染地面贴图.png","8fe40a9a092a27d47aab50fba5763bef","Transitive","ClientPresentation",
"Assets/Config/Formal/GlobalGameplayData.asset","8b0cdcd39dbb2964baebdd8475f1e60e","Assets/Art/Model/惩戒之箭.glb","8f40f99fab8436a49b4e59ff72e4a06c","Transitive","ClientPresentation",
"Assets/Config/Formal/GlobalGameplayData.asset","8b0cdcd39dbb2964baebdd8475f1e60e","Assets/Art/Model/暗裔剑魔.glb","685c437926c856740894fdf207975bb1","Transitive","ClientPresentation",
"Assets/Config/Formal/GlobalGameplayData.asset","8b0cdcd39dbb2964baebdd8475f1e60e","Assets/Art/Model/红方近战小兵.glb","c890ea416b8790e408fe2b525edec67f","Transitive","ClientPresentation",
"Assets/Config/Formal/GlobalGameplayData.asset","8b0cdcd39dbb2964baebdd8475f1e60e","Assets/Art/Model/红方远程小兵.glb","ddbb9a9fe8ffc8e43a83662e68f48609","Transitive","ClientPresentation",
"Assets/Config/Formal/GlobalGameplayData.asset","8b0cdcd39dbb2964baebdd8475f1e60e","Assets/Art/Model/红方防御塔.glb","804b36482ac2a7445b4ba95e89e1699c","Transitive","ClientPresentation",
"Assets/Config/Formal/GlobalGameplayData.asset","8b0cdcd39dbb2964baebdd8475f1e60e","Assets/Art/Model/蓝方近战小兵.glb","992d5acb9b350e749baa94ae4267cecb","Transitive","ClientPresentation",
"Assets/Config/Formal/GlobalGameplayData.asset","8b0cdcd39dbb2964baebdd8475f1e60e","Assets/Art/Model/蓝方远程小兵.glb","065c37ae71d0926459365abaef2cd1a4","Transitive","ClientPresentation",
"Assets/Config/Formal/GlobalGameplayData.asset","8b0cdcd39dbb2964baebdd8475f1e60e","Assets/Art/Model/蓝方防御塔.glb","5c2dda9b8c528924ca647ec45754439c","Transitive","ClientPresentation",
"Assets/Config/Formal/GlobalGameplayData.asset","8b0cdcd39dbb2964baebdd8475f1e60e","Assets/Art/Model/韦鲁斯_Q投掷物.glb","e0b83d01f6e7a5d42b78738662005672","Transitive","ClientPresentation",
"Assets/Config/Formal/GlobalGameplayData.asset","8b0cdcd39dbb2964baebdd8475f1e60e","Assets/Art/Model/韦鲁斯_R投掷物.glb","3776dc52365ba9c488f0be67dd419620","Transitive","ClientPresentation",
"Assets/Config/Formal/GlobalGameplayData.asset","8b0cdcd39dbb2964baebdd8475f1e60e","Assets/Art/Model/韦鲁斯_攻击投掷物.glb","c045de92664f45c45bb57374a5965859","Transitive","ClientPresentation",
"Assets/Config/Formal/GlobalGameplayData.asset","8b0cdcd39dbb2964baebdd8475f1e60e","Assets/Config/Formal/Abilities/Aatrox/AatroxAbilityLoadout.asset","8fbc76321103fb247bd648e41ad357f7","Transitive","SharedConfig",
"Assets/Config/Formal/GlobalGameplayData.asset","8b0cdcd39dbb2964baebdd8475f1e60e","Assets/Config/Formal/Abilities/Aatrox/AatroxQ.asset","068666dd3d20a5f489558bcc4a192c7e","Transitive","SharedConfig",
"Assets/Config/Formal/GlobalGameplayData.asset","8b0cdcd39dbb2964baebdd8475f1e60e","Assets/Config/Formal/Abilities/VarusAbilityLoadout.asset","71946883abc6c8a47bdcc5c3a61b356c","Transitive","SharedConfig",
"Assets/Config/Formal/GlobalGameplayData.asset","8b0cdcd39dbb2964baebdd8475f1e60e","Assets/Config/Formal/Animation/AatroxAnimationProfile.asset","eaec47e1763f63a45809fd1c3d29ca8e","Transitive","SharedConfig",
"Assets/Config/Formal/GlobalGameplayData.asset","8b0cdcd39dbb2964baebdd8475f1e60e","Assets/Config/Formal/Animation/CasterBlue.controller","793b6c33ccfc57a46be4ac1600b67f32","Transitive","ClientPresentation",
"Assets/Config/Formal/GlobalGameplayData.asset","8b0cdcd39dbb2964baebdd8475f1e60e","Assets/Config/Formal/Animation/CasterRed.controller","9e720db7282df5a4c9f4a58d73fb6e96","Transitive","ClientPresentation",
"Assets/Config/Formal/GlobalGameplayData.asset","8b0cdcd39dbb2964baebdd8475f1e60e","Assets/Config/Formal/Animation/MeleeBlue.controller","625352f2e73df0c4982f6a5367c1d5c6","Transitive","ClientPresentation",
"Assets/Config/Formal/GlobalGameplayData.asset","8b0cdcd39dbb2964baebdd8475f1e60e","Assets/Config/Formal/Animation/MeleeRed.controller","1e22e6272edcbb94a8f92628a64f566a","Transitive","ClientPresentation",
"Assets/Config/Formal/GlobalGameplayData.asset","8b0cdcd39dbb2964baebdd8475f1e60e","Assets/Config/Formal/Animation/TestUnitAnimationProfile.asset","3592d1e3449411743befb9d5763bcfe9","Transitive","SharedConfig",
"Assets/Config/Formal/GlobalGameplayData.asset","8b0cdcd39dbb2964baebdd8475f1e60e","Assets/Config/Formal/Animation/Varus.controller","44660058be562344494669a80981d4b3","Transitive","ClientPresentation",
"Assets/Config/Formal/GlobalGameplayData.asset","8b0cdcd39dbb2964baebdd8475f1e60e","Assets/Config/Formal/GlobalPrefabTable.asset","0afb3a04101933e4db188d9d13aa30ea","Direct","SharedConfig",
"Assets/Config/Formal/GlobalGameplayData.asset","8b0cdcd39dbb2964baebdd8475f1e60e","Assets/Config/Formal/HeroDisplayTable.asset","c5958d1073b594545aa68c722dd4feb1","Direct","SharedConfig",
"Assets/Config/Formal/GlobalGameplayData.asset","8b0cdcd39dbb2964baebdd8475f1e60e","Assets/Config/Formal/UnitOutlineRim.mat","864a3b4ca3d42f44484fae1ef521e889","Transitive","ClientPresentation",
"Assets/Config/Formal/GlobalGameplayData.asset","8b0cdcd39dbb2964baebdd8475f1e60e","Assets/Resources/Animation/Aatrox/AatroxAnimator.controller","d090724705de58f42bfa939f13959d54","Transitive","ClientPresentation",
"Assets/Config/Formal/GlobalGameplayData.asset","8b0cdcd39dbb2964baebdd8475f1e60e","Assets/Resources/Animation/Aatrox/AatroxAttack1.anim","12e8ff2fc426e7349bbe8b01bcd623fa","Transitive","ClientPresentation",
"Assets/Config/Formal/GlobalGameplayData.asset","8b0cdcd39dbb2964baebdd8475f1e60e","Assets/Resources/Animation/Aatrox/AatroxAttack1_ULT.anim","50fe63f7d202f934091bf07b5585b558","Transitive","ClientPresentation",
"Assets/Config/Formal/GlobalGameplayData.asset","8b0cdcd39dbb2964baebdd8475f1e60e","Assets/Resources/Animation/Aatrox/AatroxAttack2.anim","8f774a9762de4fc4688a4b4aa3a8dba0","Transitive","ClientPresentation",
"Assets/Config/Formal/GlobalGameplayData.asset","8b0cdcd39dbb2964baebdd8475f1e60e","Assets/Resources/Animation/Aatrox/AatroxAttack2_ULT.anim","e1d18de90d26ce44f8088bedab4fcff2","Transitive","ClientPresentation",
"Assets/Config/Formal/GlobalGameplayData.asset","8b0cdcd39dbb2964baebdd8475f1e60e","Assets/Resources/Animation/Aatrox/AatroxAttack_Passive.anim","2f849e9442d822f47a3870574c4a6f04","Transitive","ClientPresentation",
"Assets/Config/Formal/GlobalGameplayData.asset","8b0cdcd39dbb2964baebdd8475f1e60e","Assets/Resources/Animation/Aatrox/AatroxAttack_Passive_ULT.anim","cb8af5fafd460494bb531c784d655771","Transitive","ClientPresentation",
"Assets/Config/Formal/GlobalGameplayData.asset","8b0cdcd39dbb2964baebdd8475f1e60e","Assets/Resources/Animation/Aatrox/AatroxDash.anim","62c340cc1d351fd448767528cd7b18aa","Transitive","ClientPresentation",
"Assets/Config/Formal/GlobalGameplayData.asset","8b0cdcd39dbb2964baebdd8475f1e60e","Assets/Resources/Animation/Aatrox/AatroxDash_Passive.anim","e77537776c85e054a9d8b5d82ba02afd","Transitive","ClientPresentation",
"Assets/Config/Formal/GlobalGameplayData.asset","8b0cdcd39dbb2964baebdd8475f1e60e","Assets/Resources/Animation/Aatrox/AatroxDash_ULT.anim","00254f01ef82f4944b2f557e85a4bcd9","Transitive","ClientPresentation",
"Assets/Config/Formal/GlobalGameplayData.asset","8b0cdcd39dbb2964baebdd8475f1e60e","Assets/Resources/Animation/Aatrox/AatroxDeath.anim","41acb76393344ac4a89b13a8fe2de2ae","Transitive","ClientPresentation",
"Assets/Config/Formal/GlobalGameplayData.asset","8b0cdcd39dbb2964baebdd8475f1e60e","Assets/Resources/Animation/Aatrox/AatroxIdle.anim","f9323091a2488f34799ca56e363d19a1","Transitive","ClientPresentation",
"Assets/Config/Formal/GlobalGameplayData.asset","8b0cdcd39dbb2964baebdd8475f1e60e","Assets/Resources/Animation/Aatrox/AatroxIdle_Passive.anim","c5885abca03bcb046939b45b012f6cc3","Transitive","ClientPresentation",
"Assets/Config/Formal/GlobalGameplayData.asset","8b0cdcd39dbb2964baebdd8475f1e60e","Assets/Resources/Animation/Aatrox/AatroxIdle_ULT.anim","7f8156845366f334b9e11e5f019de16b","Transitive","ClientPresentation",
"Assets/Config/Formal/GlobalGameplayData.asset","8b0cdcd39dbb2964baebdd8475f1e60e","Assets/Resources/Animation/Aatrox/AatroxQ1.anim","b158f602146c5c343b09ea6a99ad1a0b","Transitive","ClientPresentation",
"Assets/Config/Formal/GlobalGameplayData.asset","8b0cdcd39dbb2964baebdd8475f1e60e","Assets/Resources/Animation/Aatrox/AatroxQ1_ULT.anim","9436315b9f0aab44eb88add8256eacea","Transitive","ClientPresentation",
"Assets/Config/Formal/GlobalGameplayData.asset","8b0cdcd39dbb2964baebdd8475f1e60e","Assets/Resources/Animation/Aatrox/AatroxQ2.anim","9dd0d0d373c5998438bbf729f578ffeb","Transitive","ClientPresentation",
"Assets/Config/Formal/GlobalGameplayData.asset","8b0cdcd39dbb2964baebdd8475f1e60e","Assets/Resources/Animation/Aatrox/AatroxQ2_ULT.anim","0f3454a5803ba43438dc565f38c1ae2b","Transitive","ClientPresentation",
"Assets/Config/Formal/GlobalGameplayData.asset","8b0cdcd39dbb2964baebdd8475f1e60e","Assets/Resources/Animation/Aatrox/AatroxQ3.anim","e23aedc8a42711644b6152f30efd7145","Transitive","ClientPresentation",
"Assets/Config/Formal/GlobalGameplayData.asset","8b0cdcd39dbb2964baebdd8475f1e60e","Assets/Resources/Animation/Aatrox/AatroxQ3_ULT.anim","0f4a407080caf764289170dca5b7e07e","Transitive","ClientPresentation",
"Assets/Config/Formal/GlobalGameplayData.asset","8b0cdcd39dbb2964baebdd8475f1e60e","Assets/Resources/Animation/Aatrox/AatroxSpellR.anim","d854f4c196f0acd46b56d5e28d614568","Transitive","ClientPresentation",
"Assets/Config/Formal/GlobalGameplayData.asset","8b0cdcd39dbb2964baebdd8475f1e60e","Assets/Resources/Animation/Aatrox/AatroxSpellW.anim","0cece2fc29ce15848b3f8179dff77dd2","Transitive","ClientPresentation",
"Assets/Config/Formal/GlobalGameplayData.asset","8b0cdcd39dbb2964baebdd8475f1e60e","Assets/Resources/Animation/Aatrox/AatroxSpellW_ULT.anim","3255706c8bc0cbb49b66da53ce53b4be","Transitive","ClientPresentation",
"Assets/Config/Formal/GlobalGameplayData.asset","8b0cdcd39dbb2964baebdd8475f1e60e","Assets/Resources/Animation/Aatrox/AatroxULTOut.anim","084921aef66c5414f9e631cdcc704f86","Transitive","ClientPresentation",
"Assets/Config/Formal/GlobalGameplayData.asset","8b0cdcd39dbb2964baebdd8475f1e60e","Assets/Resources/Animation/Aatrox/AatroxWalk.anim","8f6f603150ba43f428a896ae1d76c40e","Transitive","ClientPresentation",
"Assets/Config/Formal/GlobalGameplayData.asset","8b0cdcd39dbb2964baebdd8475f1e60e","Assets/Resources/Animation/Aatrox/AatroxWalk_Passive.anim","fb0fba21833fd2e428bd8287764bc5af","Transitive","ClientPresentation",
"Assets/Config/Formal/GlobalGameplayData.asset","8b0cdcd39dbb2964baebdd8475f1e60e","Assets/Resources/Animation/Aatrox/AatroxWalk_ULT.anim","b56520861af749c48ac057f92a1c2b5e","Transitive","ClientPresentation",
"Assets/Config/Formal/GlobalGameplayData.asset","8b0cdcd39dbb2964baebdd8475f1e60e","Assets/Resources/Animation/Minion/Blue/CasterMinion_Attack.anim","c3935cbe8b1fe8e4fbe3f6c4b1a6e0d4","Transitive","ClientPresentation",
"Assets/Config/Formal/GlobalGameplayData.asset","8b0cdcd39dbb2964baebdd8475f1e60e","Assets/Resources/Animation/Minion/Blue/CasterMinion_Death.anim","2fb47ec91b9d29a4c884fc942847e266","Transitive","ClientPresentation",
"Assets/Config/Formal/GlobalGameplayData.asset","8b0cdcd39dbb2964baebdd8475f1e60e","Assets/Resources/Animation/Minion/Blue/CasterMinion_Idle.anim","f2693f32fca6fed4494c5fe1d7c73140","Transitive","ClientPresentation",
"Assets/Config/Formal/GlobalGameplayData.asset","8b0cdcd39dbb2964baebdd8475f1e60e","Assets/Resources/Animation/Minion/Blue/CasterMinion_Walk.anim","03af889a600a66947869e83181c5643f","Transitive","ClientPresentation",
"Assets/Config/Formal/GlobalGameplayData.asset","8b0cdcd39dbb2964baebdd8475f1e60e","Assets/Resources/Animation/Minion/Blue/MeleeMinion_Attack.anim","220dd8ba7c6b7e646b4b1946c3d52ef8","Transitive","ClientPresentation",
"Assets/Config/Formal/GlobalGameplayData.asset","8b0cdcd39dbb2964baebdd8475f1e60e","Assets/Resources/Animation/Minion/Blue/MeleeMinion_Death.anim","62db727fa22d87a429e57c1e313cc344","Transitive","ClientPresentation",
"Assets/Config/Formal/GlobalGameplayData.asset","8b0cdcd39dbb2964baebdd8475f1e60e","Assets/Resources/Animation/Minion/Blue/MeleeMinion_Idle.anim","a3ad0c6a5ae3fd44ab340554970e0541","Transitive","ClientPresentation",
"Assets/Config/Formal/GlobalGameplayData.asset","8b0cdcd39dbb2964baebdd8475f1e60e","Assets/Resources/Animation/Minion/Blue/MeleeMinion_Walk.anim","a3b04fd15585d31409197d63cca03ebd","Transitive","ClientPresentation",
"Assets/Config/Formal/GlobalGameplayData.asset","8b0cdcd39dbb2964baebdd8475f1e60e","Assets/Resources/Animation/Minion/Red/CasterMinion_Attack.anim","70ca89583698d3d44901555f595528d1","Transitive","ClientPresentation",
"Assets/Config/Formal/GlobalGameplayData.asset","8b0cdcd39dbb2964baebdd8475f1e60e","Assets/Resources/Animation/Minion/Red/CasterMinion_Death.anim","2b85ea4cf35a5834f9a36a4596e813df","Transitive","ClientPresentation",
"Assets/Config/Formal/GlobalGameplayData.asset","8b0cdcd39dbb2964baebdd8475f1e60e","Assets/Resources/Animation/Minion/Red/CasterMinion_Idle.anim","51d8c0867d1ea8b4aaf146310afd9f02","Transitive","ClientPresentation",
"Assets/Config/Formal/GlobalGameplayData.asset","8b0cdcd39dbb2964baebdd8475f1e60e","Assets/Resources/Animation/Minion/Red/CasterMinion_Walk.anim","be899e3fb2a2dd341849032392f2957b","Transitive","ClientPresentation",
"Assets/Config/Formal/GlobalGameplayData.asset","8b0cdcd39dbb2964baebdd8475f1e60e","Assets/Resources/Animation/Minion/Red/MeleeMinion_Attack.anim","eb76ad0103f3efe4a8c7f104b18ba3b7","Transitive","ClientPresentation",
"Assets/Config/Formal/GlobalGameplayData.asset","8b0cdcd39dbb2964baebdd8475f1e60e","Assets/Resources/Animation/Minion/Red/MeleeMinion_Death.anim","667dcc2faad23a74a9a5f72f53e0ac1d","Transitive","ClientPresentation",
"Assets/Config/Formal/GlobalGameplayData.asset","8b0cdcd39dbb2964baebdd8475f1e60e","Assets/Resources/Animation/Minion/Red/MeleeMinion_Idle.anim","abc3ff4c728c48549a0cfb041d28afe1","Transitive","ClientPresentation",
"Assets/Config/Formal/GlobalGameplayData.asset","8b0cdcd39dbb2964baebdd8475f1e60e","Assets/Resources/Animation/Minion/Red/MeleeMinion_Walk.anim","a305521f5a779cb4ea289e5582eb2e2a","Transitive","ClientPresentation",
"Assets/Config/Formal/GlobalGameplayData.asset","8b0cdcd39dbb2964baebdd8475f1e60e","Assets/Resources/Animation/Turret/TurretBlue.controller","4c8eb35614430c040b29c9b33a5e1d5c","Transitive","ClientPresentation",
"Assets/Config/Formal/GlobalGameplayData.asset","8b0cdcd39dbb2964baebdd8475f1e60e","Assets/Resources/Animation/Turret/TurretBlueAnimationProfile.asset","0704006b28978b24d89ddc8d722b798e","Transitive","ClientPresentation",
"Assets/Config/Formal/GlobalGameplayData.asset","8b0cdcd39dbb2964baebdd8475f1e60e","Assets/Resources/Animation/Turret/TurretDestory_Blue.anim","107a79369ffc0914095510fb87ba6781","Transitive","ClientPresentation",
"Assets/Config/Formal/GlobalGameplayData.asset","8b0cdcd39dbb2964baebdd8475f1e60e","Assets/Resources/Animation/Turret/TurretDestory_Red.anim","5ebdcaeb4f0327541afe5e4a5ffe3438","Transitive","ClientPresentation",
"Assets/Config/Formal/GlobalGameplayData.asset","8b0cdcd39dbb2964baebdd8475f1e60e","Assets/Resources/Animation/Turret/TurretIdel_Red.anim","aa2b48c3faf9e5748a0a4be7c03c2197","Transitive","ClientPresentation",
"Assets/Config/Formal/GlobalGameplayData.asset","8b0cdcd39dbb2964baebdd8475f1e60e","Assets/Resources/Animation/Turret/TurretIdle_Blue.anim","88f8fb5f070c65f47acfe5dbe2f93031","Transitive","ClientPresentation",
"Assets/Config/Formal/GlobalGameplayData.asset","8b0cdcd39dbb2964baebdd8475f1e60e","Assets/Resources/Animation/Turret/TurretRed.controller","5593f884ef5e12a4baf9dfd3ccb04977","Transitive","ClientPresentation",
"Assets/Config/Formal/GlobalGameplayData.asset","8b0cdcd39dbb2964baebdd8475f1e60e","Assets/Resources/Animation/Turret/TurretRedAnimationProfile.asset","3168336f57ba06b4d8d9641835c44ef6","Transitive","ClientPresentation",
"Assets/Config/Formal/GlobalGameplayData.asset","8b0cdcd39dbb2964baebdd8475f1e60e","Assets/Resources/Animation/Varus/VarusAttack1.anim","0cf85d26f59eb7746bdb4a51a69a0f50","Transitive","ClientPresentation",
"Assets/Config/Formal/GlobalGameplayData.asset","8b0cdcd39dbb2964baebdd8475f1e60e","Assets/Resources/Animation/Varus/VarusAttack2.anim","23935cc971facab4480e1da8e5edbd92","Transitive","ClientPresentation",
"Assets/Config/Formal/GlobalGameplayData.asset","8b0cdcd39dbb2964baebdd8475f1e60e","Assets/Resources/Animation/Varus/VarusDeath.anim","91911fca58c97c249bc80badbe09f4a5","Transitive","ClientPresentation",
"Assets/Config/Formal/GlobalGameplayData.asset","8b0cdcd39dbb2964baebdd8475f1e60e","Assets/Resources/Animation/Varus/VarusIdle.anim","276c23e01035d5e4ea228102f7966744","Transitive","ClientPresentation",
"Assets/Config/Formal/GlobalGameplayData.asset","8b0cdcd39dbb2964baebdd8475f1e60e","Assets/Resources/Animation/Varus/VarusSpellE.anim","04a1600959a5a814d9dc7ffcf689abd9","Transitive","ClientPresentation",
"Assets/Config/Formal/GlobalGameplayData.asset","8b0cdcd39dbb2964baebdd8475f1e60e","Assets/Resources/Animation/Varus/VarusSpellQChanneling_Walk.anim","5f316e4f42754a54c91a85a08f1c2109","Transitive","ClientPresentation",
"Assets/Config/Formal/GlobalGameplayData.asset","8b0cdcd39dbb2964baebdd8475f1e60e","Assets/Resources/Animation/Varus/VarusSpellQ_ChannelingIdle.anim","0be8f0f20ceb7154683d8e7153807b32","Transitive","ClientPresentation",
"Assets/Config/Formal/GlobalGameplayData.asset","8b0cdcd39dbb2964baebdd8475f1e60e","Assets/Resources/Animation/Varus/VarusSpellQ_Fire.anim","59c9f8e0dcb3b8f4da24bd657198556e","Transitive","ClientPresentation",
"Assets/Config/Formal/GlobalGameplayData.asset","8b0cdcd39dbb2964baebdd8475f1e60e","Assets/Resources/Animation/Varus/VarusSpellR.anim","67ff9cd0d01dd0b47a0255bc14ee0ca1","Transitive","ClientPresentation",
"Assets/Config/Formal/GlobalGameplayData.asset","8b0cdcd39dbb2964baebdd8475f1e60e","Assets/Resources/Animation/Varus/VarusWalk.anim","53277acafa583bd42903fd3e03109128","Transitive","ClientPresentation",
"Assets/Config/Formal/GlobalGameplayData.asset","8b0cdcd39dbb2964baebdd8475f1e60e","Assets/Resources/Material/亚托克斯通用材质.mat","3d347c0be0047484681175b0a46733ce","Transitive","ClientPresentation",
"Assets/Config/Formal/GlobalGameplayData.asset","8b0cdcd39dbb2964baebdd8475f1e60e","Assets/Resources/Material/红方远程小兵攻击投掷物.mat","66bd48b9f6739194a9e60f4aaac60ff9","Transitive","ClientPresentation",
"Assets/Config/Formal/GlobalGameplayData.asset","8b0cdcd39dbb2964baebdd8475f1e60e","Assets/Resources/Material/蓝方远程小兵攻击投掷物.mat","6881a8644760fcb47a6e5dbc6ddd218d","Transitive","ClientPresentation",
"Assets/Config/Formal/GlobalGameplayData.asset","8b0cdcd39dbb2964baebdd8475f1e60e","Assets/Resources/Prefab/Missle/AatroxSpellWMissle.prefab","45b294545c967314f9decb88c44d5920","Transitive","Unclassified",
"Assets/Config/Formal/GlobalGameplayData.asset","8b0cdcd39dbb2964baebdd8475f1e60e","Assets/Resources/Prefab/Missle/BlueTeamGeneralAttackMissle.prefab","b3eb1d4dc78a3914883c5db568ff2514","Transitive","Unclassified",
"Assets/Config/Formal/GlobalGameplayData.asset","8b0cdcd39dbb2964baebdd8475f1e60e","Assets/Resources/Prefab/Missle/InfernalChainsArea.prefab","3561a9ede028f4741a955188d8b48b97","Transitive","Unclassified",
"Assets/Config/Formal/GlobalGameplayData.asset","8b0cdcd39dbb2964baebdd8475f1e60e","Assets/Resources/Prefab/Missle/RedTeamGeneralAttackMissle.prefab","d0e27105677f5f4439bc6bf3e582435c","Transitive","Unclassified",
"Assets/Config/Formal/GlobalGameplayData.asset","8b0cdcd39dbb2964baebdd8475f1e60e","Assets/Resources/Prefab/Missle/VarusAttackMissle.prefab","6f4a50dde2a01f745bed4b9d9324f5fa","Transitive","Unclassified",
"Assets/Config/Formal/GlobalGameplayData.asset","8b0cdcd39dbb2964baebdd8475f1e60e","Assets/Resources/Prefab/Missle/VarusEMissle_DesecratedGround.prefab","c024096fa5aceb144b1c7ffedbc285fc","Transitive","Unclassified",
"Assets/Config/Formal/GlobalGameplayData.asset","8b0cdcd39dbb2964baebdd8475f1e60e","Assets/Resources/Prefab/Missle/VarusSpellQMissle.prefab","3b9c7c4bd406ebf449736a4a6c7432c8","Transitive","Unclassified",
"Assets/Config/Formal/GlobalGameplayData.asset","8b0cdcd39dbb2964baebdd8475f1e60e","Assets/Resources/Prefab/Missle/VarusSpellRMissle.prefab","9c9cad292a5e9134c8f337b579ef599a","Transitive","Unclassified",
"Assets/Config/Formal/GlobalGameplayData.asset","8b0cdcd39dbb2964baebdd8475f1e60e","Assets/Resources/Prefab/Unit/AatroxHeroRuntime.prefab","e7b912ff51273d94aa44a93069b84017","Transitive","LegacyMixed",
"Assets/Config/Formal/GlobalGameplayData.asset","8b0cdcd39dbb2964baebdd8475f1e60e","Assets/Resources/Prefab/Unit/TestCasterMinionBlueRuntime.prefab","b1683136fbeb0ec43bb2651cb3c096cf","Transitive","LegacyMixed",
"Assets/Config/Formal/GlobalGameplayData.asset","8b0cdcd39dbb2964baebdd8475f1e60e","Assets/Resources/Prefab/Unit/TestCasterMinionRedRuntime.prefab","2c0dd4221aa4d3445ad5e29b609bc03b","Transitive","LegacyMixed",
"Assets/Config/Formal/GlobalGameplayData.asset","8b0cdcd39dbb2964baebdd8475f1e60e","Assets/Resources/Prefab/Unit/TestMeleeMinionBlueRuntime.prefab","3ccd4e1aedf4eec4e858f61a124b015d","Transitive","LegacyMixed",
"Assets/Config/Formal/GlobalGameplayData.asset","8b0cdcd39dbb2964baebdd8475f1e60e","Assets/Resources/Prefab/Unit/TestMeleeMinionRedRuntime.prefab","b400545b29699e841a9e7eca456ad6ac","Transitive","LegacyMixed",
"Assets/Config/Formal/GlobalGameplayData.asset","8b0cdcd39dbb2964baebdd8475f1e60e","Assets/Resources/Prefab/Unit/TestTowerBlueRuntime.prefab","86effef21215481438a7d1f6fb7ee429","Transitive","LegacyMixed",
"Assets/Config/Formal/GlobalGameplayData.asset","8b0cdcd39dbb2964baebdd8475f1e60e","Assets/Resources/Prefab/Unit/TestTowerRedRuntime.prefab","8117cac3f6c07ae418a92479ffd9b25c","Transitive","LegacyMixed",
"Assets/Config/Formal/GlobalGameplayData.asset","8b0cdcd39dbb2964baebdd8475f1e60e","Assets/Resources/Prefab/Unit/VarusRuntime.prefab","8386d2da6f6754946a202d33532daffd","Transitive","LegacyMixed",
"Assets/Config/Formal/GlobalGameplayData.asset","8b0cdcd39dbb2964baebdd8475f1e60e","Assets/Resources/Prefab/VFX/AatroxQ1VFX.prefab","c104df327fc900e459d8d8d88080e74c","Transitive","ClientPresentation",
"Assets/Config/Formal/GlobalGameplayData.asset","8b0cdcd39dbb2964baebdd8475f1e60e","Assets/Resources/Prefab/VFX/AatroxQ2VFX.prefab","e548ee90e7b95e74fa2b03d68ec88b7a","Transitive","ClientPresentation",
"Assets/Config/Formal/GlobalGameplayData.asset","8b0cdcd39dbb2964baebdd8475f1e60e","Assets/Resources/Prefab/VFX/AatroxQ3VFX.prefab","4c4378ba777eca9439d5d0e74413316d","Transitive","ClientPresentation",
"Assets/Config/Formal/GlobalGameplayData.asset","8b0cdcd39dbb2964baebdd8475f1e60e","Assets/Scripts/Bootstrap/ClientUnitOutline.cs","e27fb308c093d80429c4af615daf7055","Transitive","EditorOrCode",
"Assets/Config/Formal/GlobalGameplayData.asset","8b0cdcd39dbb2964baebdd8475f1e60e","Assets/Scripts/FrameSync/BuffDrivenBoneVisibility.cs","324c940c39f36834eaab67a7a73936d5","Transitive","EditorOrCode",
"Assets/Config/Formal/GlobalGameplayData.asset","8b0cdcd39dbb2964baebdd8475f1e60e","Assets/Scripts/FrameSync/PresentationSocketSet.cs","a7c8b8e0d56dd714c96ff5e67047c8f0","Transitive","EditorOrCode",
"Assets/Config/Formal/GlobalGameplayData.asset","8b0cdcd39dbb2964baebdd8475f1e60e","Assets/Scripts/FrameSync/ProjectileAreaRadiusVisualizer.cs","86856d9775574c2499fb3eb5c2f133b1","Transitive","EditorOrCode",
"Assets/Config/Formal/GlobalGameplayData.asset","8b0cdcd39dbb2964baebdd8475f1e60e","Assets/Scripts/FrameSync/TowerTargetLinePresenter.cs","44765ad328b802541a8af70d5df2a94c","Transitive","EditorOrCode",
"Assets/Config/Formal/GlobalGameplayData.asset","8b0cdcd39dbb2964baebdd8475f1e60e","Assets/Scripts/FrameSync/UnitAnimationDriver.cs","377bfec80d767444382fe67b6c4c5b38","Transitive","EditorOrCode",
"Assets/Config/Formal/GlobalGameplayData.asset","8b0cdcd39dbb2964baebdd8475f1e60e","Assets/Scripts/FrameSync/UnitPresentationHost.cs","94939c62f8549054d9238b3896698fe4","Transitive","EditorOrCode",
"Assets/Config/Formal/GlobalGameplayData.asset","8b0cdcd39dbb2964baebdd8475f1e60e","Assets/Scripts/Gameplay/Ability/AatroxAbilityZoneAuthoringGizmo.cs","6da65dcc93f367e499b7695a3ab97ffb","Transitive","EditorOrCode",
"Assets/Config/Formal/GlobalGameplayData.asset","8b0cdcd39dbb2964baebdd8475f1e60e","Assets/Scripts/Gameplay/Ability/AbilityAsset.cs","c1ffb938a26d10b46b88354c8e8aeb8a","Transitive","EditorOrCode",
"Assets/Config/Formal/GlobalGameplayData.asset","8b0cdcd39dbb2964baebdd8475f1e60e","Assets/Scripts/Gameplay/Ability/AbilityHandler.cs","4f79abb261c1b3b4bb423e8924a50d88","Transitive","EditorOrCode",
"Assets/Config/Formal/GlobalGameplayData.asset","8b0cdcd39dbb2964baebdd8475f1e60e","Assets/Scripts/Gameplay/Ability/AbilityLoadoutAsset.cs","d777bfd7214aa684283d480f804d60ed","Transitive","EditorOrCode",
"Assets/Config/Formal/GlobalGameplayData.asset","8b0cdcd39dbb2964baebdd8475f1e60e","Assets/Scripts/Gameplay/Attack/AttackHandler.cs","11536609f17ade44196b69b7297fbadf","Transitive","EditorOrCode",
"Assets/Config/Formal/GlobalGameplayData.asset","8b0cdcd39dbb2964baebdd8475f1e60e","Assets/Scripts/Gameplay/Attack/TowerAttackHandler.cs","d7749b323d4bedd41905d72bfd3b55bc","Transitive","EditorOrCode",
"Assets/Config/Formal/GlobalGameplayData.asset","8b0cdcd39dbb2964baebdd8475f1e60e","Assets/Scripts/Gameplay/Buff/BuffHandler.cs","75af4f65fc14b0e47a13cf0f26e0fb62","Transitive","EditorOrCode",
"Assets/Config/Formal/GlobalGameplayData.asset","8b0cdcd39dbb2964baebdd8475f1e60e","Assets/Scripts/Gameplay/CrowdControl/CrowdControlHandler.cs","3fbd12ccb1f37e24c8448b6322cda983","Transitive","EditorOrCode",
"Assets/Config/Formal/GlobalGameplayData.asset","8b0cdcd39dbb2964baebdd8475f1e60e","Assets/Scripts/Gameplay/Equipment/EquipmentHandler.cs","1d296fac7364e2f4b8449516654b37a4","Transitive","EditorOrCode",
"Assets/Config/Formal/GlobalGameplayData.asset","8b0cdcd39dbb2964baebdd8475f1e60e","Assets/Scripts/Gameplay/Movement/MovementHandler.cs","0493a04bad49cf540a1384de14b9aa2f","Transitive","EditorOrCode",
"Assets/Config/Formal/GlobalGameplayData.asset","8b0cdcd39dbb2964baebdd8475f1e60e","Assets/Scripts/Gameplay/Presentation/UnitAnimationProfile.cs","7112a06ac3587ca46ba2dbfa5b35902b","Transitive","EditorOrCode",
"Assets/Config/Formal/GlobalGameplayData.asset","8b0cdcd39dbb2964baebdd8475f1e60e","Assets/Scripts/Gameplay/Projectile/ProjectileContainmentZoneAuthoring.cs","213be447bab72bf44b67f992a84f55ce","Transitive","EditorOrCode",
"Assets/Config/Formal/GlobalGameplayData.asset","8b0cdcd39dbb2964baebdd8475f1e60e","Assets/Scripts/Gameplay/Stats/StatHandler.cs","d83cb680cdcf541438b70b0b87eb51fa","Transitive","EditorOrCode",
"Assets/Config/Formal/GlobalGameplayData.asset","8b0cdcd39dbb2964baebdd8475f1e60e","Assets/Scripts/Gameplay/Unit/Core/Unit.cs","d8b92a46f17a0c1408cebd31e093972b","Transitive","EditorOrCode",
"Assets/Config/Formal/GlobalGameplayData.asset","8b0cdcd39dbb2964baebdd8475f1e60e","Assets/Scripts/Physics/Core/PhysicsEntity2D.cs","cf2e4b89224828f48befee4b715885df","Transitive","EditorOrCode",
"Assets/Config/Formal/GlobalGameplayData.asset","8b0cdcd39dbb2964baebdd8475f1e60e","Assets/Scripts/Physics/Core/PhysicsEntity2DShapeAuthoring.cs","ed0a9cc1ab86cbe4484aa191eda97ca8","Transitive","EditorOrCode",
"Assets/Config/Formal/GlobalGameplayData.asset","8b0cdcd39dbb2964baebdd8475f1e60e","Assets/Scripts/RuntimeConfig/GlobalGameplayData.cs","a55ff372add67d84c9a2664628d62911","Direct","EditorOrCode",
"Assets/Config/Formal/GlobalGameplayData.asset","8b0cdcd39dbb2964baebdd8475f1e60e","Assets/Scripts/RuntimeConfig/GlobalPrefabTable.cs","492af7122f0961340b9648f93f8af7f8","Transitive","EditorOrCode",
"Assets/Config/Formal/GlobalGameplayData.asset","8b0cdcd39dbb2964baebdd8475f1e60e","Assets/Scripts/RuntimeConfig/HeroDisplayTable.cs","899e7bc53a633ee4dabd640727cd2076","Transitive","EditorOrCode",
"Assets/Config/Formal/GlobalGameplayData.asset","8b0cdcd39dbb2964baebdd8475f1e60e","Assets/Shader/UnitOutlineRim.shader","66aa05f6f4814464ebf165d1aba43d7e","Transitive","ClientPresentation",
"Assets/Config/Formal/GlobalGameplayData.asset","8b0cdcd39dbb2964baebdd8475f1e60e","Packages/com.siccity.gltfutility/Materials/URP/Standard (Metallic).shadergraph","a08f3a1c845d57c4293a42c3202574a1","Transitive","ThirdParty",
"Assets/Config/Formal/GlobalGameplayData.asset","8b0cdcd39dbb2964baebdd8475f1e60e","Packages/com.siccity.gltfutility/Materials/URP/Standard (Specular).shadergraph","e6061ad897a8bd843b501d409aff8a22","Transitive","ThirdParty",
"Assets/Config/Formal/GlobalGameplayData.asset","8b0cdcd39dbb2964baebdd8475f1e60e","Packages/com.siccity.gltfutility/Materials/URP/Standard Transparent (Metallic).shadergraph","bb6606ffd3868dd46a773758ff6901fc","Transitive","ThirdParty",
"Assets/Config/Formal/GlobalGameplayData.asset","8b0cdcd39dbb2964baebdd8475f1e60e","Packages/com.siccity.gltfutility/Materials/URP/Standard Transparent (Specular).shadergraph","09512c1ba26fe804283ec6e09112e53c","Transitive","ThirdParty",
"Assets/Config/Formal/GlobalGameplayData.asset","8b0cdcd39dbb2964baebdd8475f1e60e","Packages/com.siccity.gltfutility/Scripts/Editor/GLBImporter.cs","768a5a18fd6eb914f980bf85dd7b34ec","Transitive","ThirdParty",
"Assets/Config/Formal/GlobalGameplayData.asset","8b0cdcd39dbb2964baebdd8475f1e60e","Packages/com.unity.render-pipelines.universal/Editor/AssetVersion.cs","d0353a89b1f911e48b9e16bdc9f2e058","Transitive","ThirdParty",
"Assets/Config/Formal/GlobalGameplayData.asset","8b0cdcd39dbb2964baebdd8475f1e60e","Packages/com.unity.render-pipelines.universal/Editor/ShaderGraph/UniversalMetadata.cs","d2654ad3c17ab8a4ebb9fd0719795d21","Transitive","ThirdParty",
"Assets/Config/Formal/GlobalGameplayData.asset","8b0cdcd39dbb2964baebdd8475f1e60e","Packages/com.unity.render-pipelines.universal/Runtime/Materials/Lit.mat","31321ba15b8f8eb4c954353edc038b1d","Transitive","ThirdParty",
"Assets/Config/Formal/GlobalGameplayData.asset","8b0cdcd39dbb2964baebdd8475f1e60e","Packages/com.unity.render-pipelines.universal/Shaders/Lit.shader","933532a4fcc9baf4fa0491de14d08ed7","Transitive","ThirdParty",
"Assets/Config/Formal/GlobalGameplayData.asset","8b0cdcd39dbb2964baebdd8475f1e60e","Packages/com.unity.shadergraph/Editor/Importers/ShaderGraphImporter.cs","625f186215c104763be7675aa2d941aa","Transitive","ThirdParty",
"Assets/Config/Formal/GlobalGameplayData.asset","8b0cdcd39dbb2964baebdd8475f1e60e","Packages/com.unity.shadergraph/Editor/Importers/ShaderGraphMetadata.cs","b64ab828cd6c5b3479a4c575ca6617d5","Transitive","ThirdParty",
"Assets/Config/Formal/GlobalPrefabTable.asset","0afb3a04101933e4db188d9d13aa30ea","Assets/Art/Icon/Ability/Aatrox/AatroxQ1.png","e894b675c21081c48870a9a7933c7439","Transitive","ClientPresentation",
"Assets/Config/Formal/GlobalPrefabTable.asset","0afb3a04101933e4db188d9d13aa30ea","Assets/Art/Icon/Ability/Aatrox/AatroxQ2.png","00e9e3466d875504dacc31d33410c22a","Transitive","ClientPresentation",
"Assets/Config/Formal/GlobalPrefabTable.asset","0afb3a04101933e4db188d9d13aa30ea","Assets/Art/Icon/Ability/Aatrox/AatroxQ3.png","6b760e2beac14724da8a55d9ff3ecd64","Transitive","ClientPresentation",
"Assets/Config/Formal/GlobalPrefabTable.asset","0afb3a04101933e4db188d9d13aa30ea","Assets/Art/Img/剑魔Q1特效.png","6639585702dbaa74f854854c9b44fec5","Transitive","ClientPresentation",
"Assets/Config/Formal/GlobalPrefabTable.asset","0afb3a04101933e4db188d9d13aa30ea","Assets/Art/Img/剑魔Q2特效.png","1d8b1aceb7498f648a82afd1cc27343e","Transitive","ClientPresentation",
"Assets/Config/Formal/GlobalPrefabTable.asset","0afb3a04101933e4db188d9d13aa30ea","Assets/Art/Img/剑魔Q3特效.png","27f4cf630739603478c09255ee54bbf7","Transitive","ClientPresentation",
"Assets/Config/Formal/GlobalPrefabTable.asset","0afb3a04101933e4db188d9d13aa30ea","Assets/Art/Img/韦鲁斯E污染地面贴图.png","8fe40a9a092a27d47aab50fba5763bef","Transitive","ClientPresentation",
"Assets/Config/Formal/GlobalPrefabTable.asset","0afb3a04101933e4db188d9d13aa30ea","Assets/Art/Model/惩戒之箭.glb","8f40f99fab8436a49b4e59ff72e4a06c","Transitive","ClientPresentation",
"Assets/Config/Formal/GlobalPrefabTable.asset","0afb3a04101933e4db188d9d13aa30ea","Assets/Art/Model/暗裔剑魔.glb","685c437926c856740894fdf207975bb1","Transitive","ClientPresentation",
"Assets/Config/Formal/GlobalPrefabTable.asset","0afb3a04101933e4db188d9d13aa30ea","Assets/Art/Model/红方近战小兵.glb","c890ea416b8790e408fe2b525edec67f","Transitive","ClientPresentation",
"Assets/Config/Formal/GlobalPrefabTable.asset","0afb3a04101933e4db188d9d13aa30ea","Assets/Art/Model/红方远程小兵.glb","ddbb9a9fe8ffc8e43a83662e68f48609","Transitive","ClientPresentation",
"Assets/Config/Formal/GlobalPrefabTable.asset","0afb3a04101933e4db188d9d13aa30ea","Assets/Art/Model/红方防御塔.glb","804b36482ac2a7445b4ba95e89e1699c","Transitive","ClientPresentation",
"Assets/Config/Formal/GlobalPrefabTable.asset","0afb3a04101933e4db188d9d13aa30ea","Assets/Art/Model/蓝方近战小兵.glb","992d5acb9b350e749baa94ae4267cecb","Transitive","ClientPresentation",
"Assets/Config/Formal/GlobalPrefabTable.asset","0afb3a04101933e4db188d9d13aa30ea","Assets/Art/Model/蓝方远程小兵.glb","065c37ae71d0926459365abaef2cd1a4","Transitive","ClientPresentation",
"Assets/Config/Formal/GlobalPrefabTable.asset","0afb3a04101933e4db188d9d13aa30ea","Assets/Art/Model/蓝方防御塔.glb","5c2dda9b8c528924ca647ec45754439c","Transitive","ClientPresentation",
"Assets/Config/Formal/GlobalPrefabTable.asset","0afb3a04101933e4db188d9d13aa30ea","Assets/Art/Model/韦鲁斯_Q投掷物.glb","e0b83d01f6e7a5d42b78738662005672","Transitive","ClientPresentation",
"Assets/Config/Formal/GlobalPrefabTable.asset","0afb3a04101933e4db188d9d13aa30ea","Assets/Art/Model/韦鲁斯_R投掷物.glb","3776dc52365ba9c488f0be67dd419620","Transitive","ClientPresentation",
"Assets/Config/Formal/GlobalPrefabTable.asset","0afb3a04101933e4db188d9d13aa30ea","Assets/Art/Model/韦鲁斯_攻击投掷物.glb","c045de92664f45c45bb57374a5965859","Transitive","ClientPresentation",
"Assets/Config/Formal/GlobalPrefabTable.asset","0afb3a04101933e4db188d9d13aa30ea","Assets/Config/Formal/Abilities/Aatrox/AatroxAbilityLoadout.asset","8fbc76321103fb247bd648e41ad357f7","Transitive","SharedConfig",
"Assets/Config/Formal/GlobalPrefabTable.asset","0afb3a04101933e4db188d9d13aa30ea","Assets/Config/Formal/Abilities/Aatrox/AatroxQ.asset","068666dd3d20a5f489558bcc4a192c7e","Transitive","SharedConfig",
"Assets/Config/Formal/GlobalPrefabTable.asset","0afb3a04101933e4db188d9d13aa30ea","Assets/Config/Formal/Abilities/VarusAbilityLoadout.asset","71946883abc6c8a47bdcc5c3a61b356c","Transitive","SharedConfig",
"Assets/Config/Formal/GlobalPrefabTable.asset","0afb3a04101933e4db188d9d13aa30ea","Assets/Config/Formal/Animation/AatroxAnimationProfile.asset","eaec47e1763f63a45809fd1c3d29ca8e","Transitive","SharedConfig",
"Assets/Config/Formal/GlobalPrefabTable.asset","0afb3a04101933e4db188d9d13aa30ea","Assets/Config/Formal/Animation/CasterBlue.controller","793b6c33ccfc57a46be4ac1600b67f32","Transitive","ClientPresentation",
"Assets/Config/Formal/GlobalPrefabTable.asset","0afb3a04101933e4db188d9d13aa30ea","Assets/Config/Formal/Animation/CasterRed.controller","9e720db7282df5a4c9f4a58d73fb6e96","Transitive","ClientPresentation",
"Assets/Config/Formal/GlobalPrefabTable.asset","0afb3a04101933e4db188d9d13aa30ea","Assets/Config/Formal/Animation/MeleeBlue.controller","625352f2e73df0c4982f6a5367c1d5c6","Transitive","ClientPresentation",
"Assets/Config/Formal/GlobalPrefabTable.asset","0afb3a04101933e4db188d9d13aa30ea","Assets/Config/Formal/Animation/MeleeRed.controller","1e22e6272edcbb94a8f92628a64f566a","Transitive","ClientPresentation",
"Assets/Config/Formal/GlobalPrefabTable.asset","0afb3a04101933e4db188d9d13aa30ea","Assets/Config/Formal/Animation/TestUnitAnimationProfile.asset","3592d1e3449411743befb9d5763bcfe9","Transitive","SharedConfig",
"Assets/Config/Formal/GlobalPrefabTable.asset","0afb3a04101933e4db188d9d13aa30ea","Assets/Config/Formal/Animation/Varus.controller","44660058be562344494669a80981d4b3","Transitive","ClientPresentation",
"Assets/Config/Formal/GlobalPrefabTable.asset","0afb3a04101933e4db188d9d13aa30ea","Assets/Config/Formal/UnitOutlineRim.mat","864a3b4ca3d42f44484fae1ef521e889","Transitive","ClientPresentation",
"Assets/Config/Formal/GlobalPrefabTable.asset","0afb3a04101933e4db188d9d13aa30ea","Assets/Resources/Animation/Aatrox/AatroxAnimator.controller","d090724705de58f42bfa939f13959d54","Transitive","ClientPresentation",
"Assets/Config/Formal/GlobalPrefabTable.asset","0afb3a04101933e4db188d9d13aa30ea","Assets/Resources/Animation/Aatrox/AatroxAttack1.anim","12e8ff2fc426e7349bbe8b01bcd623fa","Transitive","ClientPresentation",
"Assets/Config/Formal/GlobalPrefabTable.asset","0afb3a04101933e4db188d9d13aa30ea","Assets/Resources/Animation/Aatrox/AatroxAttack1_ULT.anim","50fe63f7d202f934091bf07b5585b558","Transitive","ClientPresentation",
"Assets/Config/Formal/GlobalPrefabTable.asset","0afb3a04101933e4db188d9d13aa30ea","Assets/Resources/Animation/Aatrox/AatroxAttack2.anim","8f774a9762de4fc4688a4b4aa3a8dba0","Transitive","ClientPresentation",
"Assets/Config/Formal/GlobalPrefabTable.asset","0afb3a04101933e4db188d9d13aa30ea","Assets/Resources/Animation/Aatrox/AatroxAttack2_ULT.anim","e1d18de90d26ce44f8088bedab4fcff2","Transitive","ClientPresentation",
"Assets/Config/Formal/GlobalPrefabTable.asset","0afb3a04101933e4db188d9d13aa30ea","Assets/Resources/Animation/Aatrox/AatroxAttack_Passive.anim","2f849e9442d822f47a3870574c4a6f04","Transitive","ClientPresentation",
"Assets/Config/Formal/GlobalPrefabTable.asset","0afb3a04101933e4db188d9d13aa30ea","Assets/Resources/Animation/Aatrox/AatroxAttack_Passive_ULT.anim","cb8af5fafd460494bb531c784d655771","Transitive","ClientPresentation",
"Assets/Config/Formal/GlobalPrefabTable.asset","0afb3a04101933e4db188d9d13aa30ea","Assets/Resources/Animation/Aatrox/AatroxDash.anim","62c340cc1d351fd448767528cd7b18aa","Transitive","ClientPresentation",
"Assets/Config/Formal/GlobalPrefabTable.asset","0afb3a04101933e4db188d9d13aa30ea","Assets/Resources/Animation/Aatrox/AatroxDash_Passive.anim","e77537776c85e054a9d8b5d82ba02afd","Transitive","ClientPresentation",
"Assets/Config/Formal/GlobalPrefabTable.asset","0afb3a04101933e4db188d9d13aa30ea","Assets/Resources/Animation/Aatrox/AatroxDash_ULT.anim","00254f01ef82f4944b2f557e85a4bcd9","Transitive","ClientPresentation",
"Assets/Config/Formal/GlobalPrefabTable.asset","0afb3a04101933e4db188d9d13aa30ea","Assets/Resources/Animation/Aatrox/AatroxDeath.anim","41acb76393344ac4a89b13a8fe2de2ae","Transitive","ClientPresentation",
"Assets/Config/Formal/GlobalPrefabTable.asset","0afb3a04101933e4db188d9d13aa30ea","Assets/Resources/Animation/Aatrox/AatroxIdle.anim","f9323091a2488f34799ca56e363d19a1","Transitive","ClientPresentation",
"Assets/Config/Formal/GlobalPrefabTable.asset","0afb3a04101933e4db188d9d13aa30ea","Assets/Resources/Animation/Aatrox/AatroxIdle_Passive.anim","c5885abca03bcb046939b45b012f6cc3","Transitive","ClientPresentation",
"Assets/Config/Formal/GlobalPrefabTable.asset","0afb3a04101933e4db188d9d13aa30ea","Assets/Resources/Animation/Aatrox/AatroxIdle_ULT.anim","7f8156845366f334b9e11e5f019de16b","Transitive","ClientPresentation",
"Assets/Config/Formal/GlobalPrefabTable.asset","0afb3a04101933e4db188d9d13aa30ea","Assets/Resources/Animation/Aatrox/AatroxQ1.anim","b158f602146c5c343b09ea6a99ad1a0b","Transitive","ClientPresentation",
"Assets/Config/Formal/GlobalPrefabTable.asset","0afb3a04101933e4db188d9d13aa30ea","Assets/Resources/Animation/Aatrox/AatroxQ1_ULT.anim","9436315b9f0aab44eb88add8256eacea","Transitive","ClientPresentation",
"Assets/Config/Formal/GlobalPrefabTable.asset","0afb3a04101933e4db188d9d13aa30ea","Assets/Resources/Animation/Aatrox/AatroxQ2.anim","9dd0d0d373c5998438bbf729f578ffeb","Transitive","ClientPresentation",
"Assets/Config/Formal/GlobalPrefabTable.asset","0afb3a04101933e4db188d9d13aa30ea","Assets/Resources/Animation/Aatrox/AatroxQ2_ULT.anim","0f3454a5803ba43438dc565f38c1ae2b","Transitive","ClientPresentation",
"Assets/Config/Formal/GlobalPrefabTable.asset","0afb3a04101933e4db188d9d13aa30ea","Assets/Resources/Animation/Aatrox/AatroxQ3.anim","e23aedc8a42711644b6152f30efd7145","Transitive","ClientPresentation",
"Assets/Config/Formal/GlobalPrefabTable.asset","0afb3a04101933e4db188d9d13aa30ea","Assets/Resources/Animation/Aatrox/AatroxQ3_ULT.anim","0f4a407080caf764289170dca5b7e07e","Transitive","ClientPresentation",
"Assets/Config/Formal/GlobalPrefabTable.asset","0afb3a04101933e4db188d9d13aa30ea","Assets/Resources/Animation/Aatrox/AatroxSpellR.anim","d854f4c196f0acd46b56d5e28d614568","Transitive","ClientPresentation",
"Assets/Config/Formal/GlobalPrefabTable.asset","0afb3a04101933e4db188d9d13aa30ea","Assets/Resources/Animation/Aatrox/AatroxSpellW.anim","0cece2fc29ce15848b3f8179dff77dd2","Transitive","ClientPresentation",
"Assets/Config/Formal/GlobalPrefabTable.asset","0afb3a04101933e4db188d9d13aa30ea","Assets/Resources/Animation/Aatrox/AatroxSpellW_ULT.anim","3255706c8bc0cbb49b66da53ce53b4be","Transitive","ClientPresentation",
"Assets/Config/Formal/GlobalPrefabTable.asset","0afb3a04101933e4db188d9d13aa30ea","Assets/Resources/Animation/Aatrox/AatroxULTOut.anim","084921aef66c5414f9e631cdcc704f86","Transitive","ClientPresentation",
"Assets/Config/Formal/GlobalPrefabTable.asset","0afb3a04101933e4db188d9d13aa30ea","Assets/Resources/Animation/Aatrox/AatroxWalk.anim","8f6f603150ba43f428a896ae1d76c40e","Transitive","ClientPresentation",
"Assets/Config/Formal/GlobalPrefabTable.asset","0afb3a04101933e4db188d9d13aa30ea","Assets/Resources/Animation/Aatrox/AatroxWalk_Passive.anim","fb0fba21833fd2e428bd8287764bc5af","Transitive","ClientPresentation",
"Assets/Config/Formal/GlobalPrefabTable.asset","0afb3a04101933e4db188d9d13aa30ea","Assets/Resources/Animation/Aatrox/AatroxWalk_ULT.anim","b56520861af749c48ac057f92a1c2b5e","Transitive","ClientPresentation",
"Assets/Config/Formal/GlobalPrefabTable.asset","0afb3a04101933e4db188d9d13aa30ea","Assets/Resources/Animation/Minion/Blue/CasterMinion_Attack.anim","c3935cbe8b1fe8e4fbe3f6c4b1a6e0d4","Transitive","ClientPresentation",
"Assets/Config/Formal/GlobalPrefabTable.asset","0afb3a04101933e4db188d9d13aa30ea","Assets/Resources/Animation/Minion/Blue/CasterMinion_Death.anim","2fb47ec91b9d29a4c884fc942847e266","Transitive","ClientPresentation",
"Assets/Config/Formal/GlobalPrefabTable.asset","0afb3a04101933e4db188d9d13aa30ea","Assets/Resources/Animation/Minion/Blue/CasterMinion_Idle.anim","f2693f32fca6fed4494c5fe1d7c73140","Transitive","ClientPresentation",
"Assets/Config/Formal/GlobalPrefabTable.asset","0afb3a04101933e4db188d9d13aa30ea","Assets/Resources/Animation/Minion/Blue/CasterMinion_Walk.anim","03af889a600a66947869e83181c5643f","Transitive","ClientPresentation",
"Assets/Config/Formal/GlobalPrefabTable.asset","0afb3a04101933e4db188d9d13aa30ea","Assets/Resources/Animation/Minion/Blue/MeleeMinion_Attack.anim","220dd8ba7c6b7e646b4b1946c3d52ef8","Transitive","ClientPresentation",
"Assets/Config/Formal/GlobalPrefabTable.asset","0afb3a04101933e4db188d9d13aa30ea","Assets/Resources/Animation/Minion/Blue/MeleeMinion_Death.anim","62db727fa22d87a429e57c1e313cc344","Transitive","ClientPresentation",
"Assets/Config/Formal/GlobalPrefabTable.asset","0afb3a04101933e4db188d9d13aa30ea","Assets/Resources/Animation/Minion/Blue/MeleeMinion_Idle.anim","a3ad0c6a5ae3fd44ab340554970e0541","Transitive","ClientPresentation",
"Assets/Config/Formal/GlobalPrefabTable.asset","0afb3a04101933e4db188d9d13aa30ea","Assets/Resources/Animation/Minion/Blue/MeleeMinion_Walk.anim","a3b04fd15585d31409197d63cca03ebd","Transitive","ClientPresentation",
"Assets/Config/Formal/GlobalPrefabTable.asset","0afb3a04101933e4db188d9d13aa30ea","Assets/Resources/Animation/Minion/Red/CasterMinion_Attack.anim","70ca89583698d3d44901555f595528d1","Transitive","ClientPresentation",
"Assets/Config/Formal/GlobalPrefabTable.asset","0afb3a04101933e4db188d9d13aa30ea","Assets/Resources/Animation/Minion/Red/CasterMinion_Death.anim","2b85ea4cf35a5834f9a36a4596e813df","Transitive","ClientPresentation",
"Assets/Config/Formal/GlobalPrefabTable.asset","0afb3a04101933e4db188d9d13aa30ea","Assets/Resources/Animation/Minion/Red/CasterMinion_Idle.anim","51d8c0867d1ea8b4aaf146310afd9f02","Transitive","ClientPresentation",
"Assets/Config/Formal/GlobalPrefabTable.asset","0afb3a04101933e4db188d9d13aa30ea","Assets/Resources/Animation/Minion/Red/CasterMinion_Walk.anim","be899e3fb2a2dd341849032392f2957b","Transitive","ClientPresentation",
"Assets/Config/Formal/GlobalPrefabTable.asset","0afb3a04101933e4db188d9d13aa30ea","Assets/Resources/Animation/Minion/Red/MeleeMinion_Attack.anim","eb76ad0103f3efe4a8c7f104b18ba3b7","Transitive","ClientPresentation",
"Assets/Config/Formal/GlobalPrefabTable.asset","0afb3a04101933e4db188d9d13aa30ea","Assets/Resources/Animation/Minion/Red/MeleeMinion_Death.anim","667dcc2faad23a74a9a5f72f53e0ac1d","Transitive","ClientPresentation",
"Assets/Config/Formal/GlobalPrefabTable.asset","0afb3a04101933e4db188d9d13aa30ea","Assets/Resources/Animation/Minion/Red/MeleeMinion_Idle.anim","abc3ff4c728c48549a0cfb041d28afe1","Transitive","ClientPresentation",
"Assets/Config/Formal/GlobalPrefabTable.asset","0afb3a04101933e4db188d9d13aa30ea","Assets/Resources/Animation/Minion/Red/MeleeMinion_Walk.anim","a305521f5a779cb4ea289e5582eb2e2a","Transitive","ClientPresentation",
"Assets/Config/Formal/GlobalPrefabTable.asset","0afb3a04101933e4db188d9d13aa30ea","Assets/Resources/Animation/Turret/TurretBlue.controller","4c8eb35614430c040b29c9b33a5e1d5c","Transitive","ClientPresentation",
"Assets/Config/Formal/GlobalPrefabTable.asset","0afb3a04101933e4db188d9d13aa30ea","Assets/Resources/Animation/Turret/TurretBlueAnimationProfile.asset","0704006b28978b24d89ddc8d722b798e","Transitive","ClientPresentation",
"Assets/Config/Formal/GlobalPrefabTable.asset","0afb3a04101933e4db188d9d13aa30ea","Assets/Resources/Animation/Turret/TurretDestory_Blue.anim","107a79369ffc0914095510fb87ba6781","Transitive","ClientPresentation",
"Assets/Config/Formal/GlobalPrefabTable.asset","0afb3a04101933e4db188d9d13aa30ea","Assets/Resources/Animation/Turret/TurretDestory_Red.anim","5ebdcaeb4f0327541afe5e4a5ffe3438","Transitive","ClientPresentation",
"Assets/Config/Formal/GlobalPrefabTable.asset","0afb3a04101933e4db188d9d13aa30ea","Assets/Resources/Animation/Turret/TurretIdel_Red.anim","aa2b48c3faf9e5748a0a4be7c03c2197","Transitive","ClientPresentation",
"Assets/Config/Formal/GlobalPrefabTable.asset","0afb3a04101933e4db188d9d13aa30ea","Assets/Resources/Animation/Turret/TurretIdle_Blue.anim","88f8fb5f070c65f47acfe5dbe2f93031","Transitive","ClientPresentation",
"Assets/Config/Formal/GlobalPrefabTable.asset","0afb3a04101933e4db188d9d13aa30ea","Assets/Resources/Animation/Turret/TurretRed.controller","5593f884ef5e12a4baf9dfd3ccb04977","Transitive","ClientPresentation",
"Assets/Config/Formal/GlobalPrefabTable.asset","0afb3a04101933e4db188d9d13aa30ea","Assets/Resources/Animation/Turret/TurretRedAnimationProfile.asset","3168336f57ba06b4d8d9641835c44ef6","Transitive","ClientPresentation",
"Assets/Config/Formal/GlobalPrefabTable.asset","0afb3a04101933e4db188d9d13aa30ea","Assets/Resources/Animation/Varus/VarusAttack1.anim","0cf85d26f59eb7746bdb4a51a69a0f50","Transitive","ClientPresentation",
"Assets/Config/Formal/GlobalPrefabTable.asset","0afb3a04101933e4db188d9d13aa30ea","Assets/Resources/Animation/Varus/VarusAttack2.anim","23935cc971facab4480e1da8e5edbd92","Transitive","ClientPresentation",
"Assets/Config/Formal/GlobalPrefabTable.asset","0afb3a04101933e4db188d9d13aa30ea","Assets/Resources/Animation/Varus/VarusDeath.anim","91911fca58c97c249bc80badbe09f4a5","Transitive","ClientPresentation",
"Assets/Config/Formal/GlobalPrefabTable.asset","0afb3a04101933e4db188d9d13aa30ea","Assets/Resources/Animation/Varus/VarusIdle.anim","276c23e01035d5e4ea228102f7966744","Transitive","ClientPresentation",
"Assets/Config/Formal/GlobalPrefabTable.asset","0afb3a04101933e4db188d9d13aa30ea","Assets/Resources/Animation/Varus/VarusSpellE.anim","04a1600959a5a814d9dc7ffcf689abd9","Transitive","ClientPresentation",
"Assets/Config/Formal/GlobalPrefabTable.asset","0afb3a04101933e4db188d9d13aa30ea","Assets/Resources/Animation/Varus/VarusSpellQChanneling_Walk.anim","5f316e4f42754a54c91a85a08f1c2109","Transitive","ClientPresentation",
"Assets/Config/Formal/GlobalPrefabTable.asset","0afb3a04101933e4db188d9d13aa30ea","Assets/Resources/Animation/Varus/VarusSpellQ_ChannelingIdle.anim","0be8f0f20ceb7154683d8e7153807b32","Transitive","ClientPresentation",
"Assets/Config/Formal/GlobalPrefabTable.asset","0afb3a04101933e4db188d9d13aa30ea","Assets/Resources/Animation/Varus/VarusSpellQ_Fire.anim","59c9f8e0dcb3b8f4da24bd657198556e","Transitive","ClientPresentation",
"Assets/Config/Formal/GlobalPrefabTable.asset","0afb3a04101933e4db188d9d13aa30ea","Assets/Resources/Animation/Varus/VarusSpellR.anim","67ff9cd0d01dd0b47a0255bc14ee0ca1","Transitive","ClientPresentation",
"Assets/Config/Formal/GlobalPrefabTable.asset","0afb3a04101933e4db188d9d13aa30ea","Assets/Resources/Animation/Varus/VarusWalk.anim","53277acafa583bd42903fd3e03109128","Transitive","ClientPresentation",
"Assets/Config/Formal/GlobalPrefabTable.asset","0afb3a04101933e4db188d9d13aa30ea","Assets/Resources/Material/亚托克斯通用材质.mat","3d347c0be0047484681175b0a46733ce","Transitive","ClientPresentation",
"Assets/Config/Formal/GlobalPrefabTable.asset","0afb3a04101933e4db188d9d13aa30ea","Assets/Resources/Material/红方远程小兵攻击投掷物.mat","66bd48b9f6739194a9e60f4aaac60ff9","Transitive","ClientPresentation",
"Assets/Config/Formal/GlobalPrefabTable.asset","0afb3a04101933e4db188d9d13aa30ea","Assets/Resources/Material/蓝方远程小兵攻击投掷物.mat","6881a8644760fcb47a6e5dbc6ddd218d","Transitive","ClientPresentation",
"Assets/Config/Formal/GlobalPrefabTable.asset","0afb3a04101933e4db188d9d13aa30ea","Assets/Resources/Prefab/Missle/AatroxSpellWMissle.prefab","45b294545c967314f9decb88c44d5920","Direct","Unclassified",
"Assets/Config/Formal/GlobalPrefabTable.asset","0afb3a04101933e4db188d9d13aa30ea","Assets/Resources/Prefab/Missle/BlueTeamGeneralAttackMissle.prefab","b3eb1d4dc78a3914883c5db568ff2514","Direct","Unclassified",
"Assets/Config/Formal/GlobalPrefabTable.asset","0afb3a04101933e4db188d9d13aa30ea","Assets/Resources/Prefab/Missle/InfernalChainsArea.prefab","3561a9ede028f4741a955188d8b48b97","Direct","Unclassified",
"Assets/Config/Formal/GlobalPrefabTable.asset","0afb3a04101933e4db188d9d13aa30ea","Assets/Resources/Prefab/Missle/RedTeamGeneralAttackMissle.prefab","d0e27105677f5f4439bc6bf3e582435c","Direct","Unclassified",
"Assets/Config/Formal/GlobalPrefabTable.asset","0afb3a04101933e4db188d9d13aa30ea","Assets/Resources/Prefab/Missle/VarusAttackMissle.prefab","6f4a50dde2a01f745bed4b9d9324f5fa","Direct","Unclassified",
"Assets/Config/Formal/GlobalPrefabTable.asset","0afb3a04101933e4db188d9d13aa30ea","Assets/Resources/Prefab/Missle/VarusEMissle_DesecratedGround.prefab","c024096fa5aceb144b1c7ffedbc285fc","Direct","Unclassified",
"Assets/Config/Formal/GlobalPrefabTable.asset","0afb3a04101933e4db188d9d13aa30ea","Assets/Resources/Prefab/Missle/VarusSpellQMissle.prefab","3b9c7c4bd406ebf449736a4a6c7432c8","Direct","Unclassified",
"Assets/Config/Formal/GlobalPrefabTable.asset","0afb3a04101933e4db188d9d13aa30ea","Assets/Resources/Prefab/Missle/VarusSpellRMissle.prefab","9c9cad292a5e9134c8f337b579ef599a","Direct","Unclassified",
"Assets/Config/Formal/GlobalPrefabTable.asset","0afb3a04101933e4db188d9d13aa30ea","Assets/Resources/Prefab/Unit/AatroxHeroRuntime.prefab","e7b912ff51273d94aa44a93069b84017","Direct","LegacyMixed",
"Assets/Config/Formal/GlobalPrefabTable.asset","0afb3a04101933e4db188d9d13aa30ea","Assets/Resources/Prefab/Unit/TestCasterMinionBlueRuntime.prefab","b1683136fbeb0ec43bb2651cb3c096cf","Direct","LegacyMixed",
"Assets/Config/Formal/GlobalPrefabTable.asset","0afb3a04101933e4db188d9d13aa30ea","Assets/Resources/Prefab/Unit/TestCasterMinionRedRuntime.prefab","2c0dd4221aa4d3445ad5e29b609bc03b","Direct","LegacyMixed",
"Assets/Config/Formal/GlobalPrefabTable.asset","0afb3a04101933e4db188d9d13aa30ea","Assets/Resources/Prefab/Unit/TestMeleeMinionBlueRuntime.prefab","3ccd4e1aedf4eec4e858f61a124b015d","Direct","LegacyMixed",
"Assets/Config/Formal/GlobalPrefabTable.asset","0afb3a04101933e4db188d9d13aa30ea","Assets/Resources/Prefab/Unit/TestMeleeMinionRedRuntime.prefab","b400545b29699e841a9e7eca456ad6ac","Direct","LegacyMixed",
"Assets/Config/Formal/GlobalPrefabTable.asset","0afb3a04101933e4db188d9d13aa30ea","Assets/Resources/Prefab/Unit/TestTowerBlueRuntime.prefab","86effef21215481438a7d1f6fb7ee429","Direct","LegacyMixed",
"Assets/Config/Formal/GlobalPrefabTable.asset","0afb3a04101933e4db188d9d13aa30ea","Assets/Resources/Prefab/Unit/TestTowerRedRuntime.prefab","8117cac3f6c07ae418a92479ffd9b25c","Direct","LegacyMixed",
"Assets/Config/Formal/GlobalPrefabTable.asset","0afb3a04101933e4db188d9d13aa30ea","Assets/Resources/Prefab/Unit/VarusRuntime.prefab","8386d2da6f6754946a202d33532daffd","Direct","LegacyMixed",
"Assets/Config/Formal/GlobalPrefabTable.asset","0afb3a04101933e4db188d9d13aa30ea","Assets/Resources/Prefab/VFX/AatroxQ1VFX.prefab","c104df327fc900e459d8d8d88080e74c","Direct","ClientPresentation",
"Assets/Config/Formal/GlobalPrefabTable.asset","0afb3a04101933e4db188d9d13aa30ea","Assets/Resources/Prefab/VFX/AatroxQ2VFX.prefab","e548ee90e7b95e74fa2b03d68ec88b7a","Direct","ClientPresentation",
"Assets/Config/Formal/GlobalPrefabTable.asset","0afb3a04101933e4db188d9d13aa30ea","Assets/Resources/Prefab/VFX/AatroxQ3VFX.prefab","4c4378ba777eca9439d5d0e74413316d","Direct","ClientPresentation",
"Assets/Config/Formal/GlobalPrefabTable.asset","0afb3a04101933e4db188d9d13aa30ea","Assets/Scripts/Bootstrap/ClientUnitOutline.cs","e27fb308c093d80429c4af615daf7055","Transitive","EditorOrCode",
"Assets/Config/Formal/GlobalPrefabTable.asset","0afb3a04101933e4db188d9d13aa30ea","Assets/Scripts/FrameSync/BuffDrivenBoneVisibility.cs","324c940c39f36834eaab67a7a73936d5","Transitive","EditorOrCode",
"Assets/Config/Formal/GlobalPrefabTable.asset","0afb3a04101933e4db188d9d13aa30ea","Assets/Scripts/FrameSync/PresentationSocketSet.cs","a7c8b8e0d56dd714c96ff5e67047c8f0","Transitive","EditorOrCode",
"Assets/Config/Formal/GlobalPrefabTable.asset","0afb3a04101933e4db188d9d13aa30ea","Assets/Scripts/FrameSync/ProjectileAreaRadiusVisualizer.cs","86856d9775574c2499fb3eb5c2f133b1","Transitive","EditorOrCode",
"Assets/Config/Formal/GlobalPrefabTable.asset","0afb3a04101933e4db188d9d13aa30ea","Assets/Scripts/FrameSync/TowerTargetLinePresenter.cs","44765ad328b802541a8af70d5df2a94c","Transitive","EditorOrCode",
"Assets/Config/Formal/GlobalPrefabTable.asset","0afb3a04101933e4db188d9d13aa30ea","Assets/Scripts/FrameSync/UnitAnimationDriver.cs","377bfec80d767444382fe67b6c4c5b38","Transitive","EditorOrCode",
"Assets/Config/Formal/GlobalPrefabTable.asset","0afb3a04101933e4db188d9d13aa30ea","Assets/Scripts/FrameSync/UnitPresentationHost.cs","94939c62f8549054d9238b3896698fe4","Transitive","EditorOrCode",
"Assets/Config/Formal/GlobalPrefabTable.asset","0afb3a04101933e4db188d9d13aa30ea","Assets/Scripts/Gameplay/Ability/AatroxAbilityZoneAuthoringGizmo.cs","6da65dcc93f367e499b7695a3ab97ffb","Transitive","EditorOrCode",
"Assets/Config/Formal/GlobalPrefabTable.asset","0afb3a04101933e4db188d9d13aa30ea","Assets/Scripts/Gameplay/Ability/AbilityAsset.cs","c1ffb938a26d10b46b88354c8e8aeb8a","Transitive","EditorOrCode",
"Assets/Config/Formal/GlobalPrefabTable.asset","0afb3a04101933e4db188d9d13aa30ea","Assets/Scripts/Gameplay/Ability/AbilityHandler.cs","4f79abb261c1b3b4bb423e8924a50d88","Transitive","EditorOrCode",
"Assets/Config/Formal/GlobalPrefabTable.asset","0afb3a04101933e4db188d9d13aa30ea","Assets/Scripts/Gameplay/Ability/AbilityLoadoutAsset.cs","d777bfd7214aa684283d480f804d60ed","Transitive","EditorOrCode",
"Assets/Config/Formal/GlobalPrefabTable.asset","0afb3a04101933e4db188d9d13aa30ea","Assets/Scripts/Gameplay/Attack/AttackHandler.cs","11536609f17ade44196b69b7297fbadf","Transitive","EditorOrCode",
"Assets/Config/Formal/GlobalPrefabTable.asset","0afb3a04101933e4db188d9d13aa30ea","Assets/Scripts/Gameplay/Attack/TowerAttackHandler.cs","d7749b323d4bedd41905d72bfd3b55bc","Transitive","EditorOrCode",
"Assets/Config/Formal/GlobalPrefabTable.asset","0afb3a04101933e4db188d9d13aa30ea","Assets/Scripts/Gameplay/Buff/BuffHandler.cs","75af4f65fc14b0e47a13cf0f26e0fb62","Transitive","EditorOrCode",
"Assets/Config/Formal/GlobalPrefabTable.asset","0afb3a04101933e4db188d9d13aa30ea","Assets/Scripts/Gameplay/CrowdControl/CrowdControlHandler.cs","3fbd12ccb1f37e24c8448b6322cda983","Transitive","EditorOrCode",
"Assets/Config/Formal/GlobalPrefabTable.asset","0afb3a04101933e4db188d9d13aa30ea","Assets/Scripts/Gameplay/Equipment/EquipmentHandler.cs","1d296fac7364e2f4b8449516654b37a4","Transitive","EditorOrCode",
"Assets/Config/Formal/GlobalPrefabTable.asset","0afb3a04101933e4db188d9d13aa30ea","Assets/Scripts/Gameplay/Movement/MovementHandler.cs","0493a04bad49cf540a1384de14b9aa2f","Transitive","EditorOrCode",
"Assets/Config/Formal/GlobalPrefabTable.asset","0afb3a04101933e4db188d9d13aa30ea","Assets/Scripts/Gameplay/Presentation/UnitAnimationProfile.cs","7112a06ac3587ca46ba2dbfa5b35902b","Transitive","EditorOrCode",
"Assets/Config/Formal/GlobalPrefabTable.asset","0afb3a04101933e4db188d9d13aa30ea","Assets/Scripts/Gameplay/Projectile/ProjectileContainmentZoneAuthoring.cs","213be447bab72bf44b67f992a84f55ce","Transitive","EditorOrCode",
"Assets/Config/Formal/GlobalPrefabTable.asset","0afb3a04101933e4db188d9d13aa30ea","Assets/Scripts/Gameplay/Stats/StatHandler.cs","d83cb680cdcf541438b70b0b87eb51fa","Transitive","EditorOrCode",
"Assets/Config/Formal/GlobalPrefabTable.asset","0afb3a04101933e4db188d9d13aa30ea","Assets/Scripts/Gameplay/Unit/Core/Unit.cs","d8b92a46f17a0c1408cebd31e093972b","Transitive","EditorOrCode",
"Assets/Config/Formal/GlobalPrefabTable.asset","0afb3a04101933e4db188d9d13aa30ea","Assets/Scripts/Physics/Core/PhysicsEntity2D.cs","cf2e4b89224828f48befee4b715885df","Transitive","EditorOrCode",
"Assets/Config/Formal/GlobalPrefabTable.asset","0afb3a04101933e4db188d9d13aa30ea","Assets/Scripts/Physics/Core/PhysicsEntity2DShapeAuthoring.cs","ed0a9cc1ab86cbe4484aa191eda97ca8","Transitive","EditorOrCode",
"Assets/Config/Formal/GlobalPrefabTable.asset","0afb3a04101933e4db188d9d13aa30ea","Assets/Scripts/RuntimeConfig/GlobalPrefabTable.cs","492af7122f0961340b9648f93f8af7f8","Direct","EditorOrCode",
"Assets/Config/Formal/GlobalPrefabTable.asset","0afb3a04101933e4db188d9d13aa30ea","Assets/Shader/UnitOutlineRim.shader","66aa05f6f4814464ebf165d1aba43d7e","Transitive","ClientPresentation",
"Assets/Config/Formal/GlobalPrefabTable.asset","0afb3a04101933e4db188d9d13aa30ea","Packages/com.siccity.gltfutility/Materials/URP/Standard (Metallic).shadergraph","a08f3a1c845d57c4293a42c3202574a1","Transitive","ThirdParty",
"Assets/Config/Formal/GlobalPrefabTable.asset","0afb3a04101933e4db188d9d13aa30ea","Packages/com.siccity.gltfutility/Materials/URP/Standard (Specular).shadergraph","e6061ad897a8bd843b501d409aff8a22","Transitive","ThirdParty",
"Assets/Config/Formal/GlobalPrefabTable.asset","0afb3a04101933e4db188d9d13aa30ea","Packages/com.siccity.gltfutility/Materials/URP/Standard Transparent (Metallic).shadergraph","bb6606ffd3868dd46a773758ff6901fc","Transitive","ThirdParty",
"Assets/Config/Formal/GlobalPrefabTable.asset","0afb3a04101933e4db188d9d13aa30ea","Packages/com.siccity.gltfutility/Materials/URP/Standard Transparent (Specular).shadergraph","09512c1ba26fe804283ec6e09112e53c","Transitive","ThirdParty",
"Assets/Config/Formal/GlobalPrefabTable.asset","0afb3a04101933e4db188d9d13aa30ea","Packages/com.siccity.gltfutility/Scripts/Editor/GLBImporter.cs","768a5a18fd6eb914f980bf85dd7b34ec","Transitive","ThirdParty",
"Assets/Config/Formal/GlobalPrefabTable.asset","0afb3a04101933e4db188d9d13aa30ea","Packages/com.unity.render-pipelines.universal/Editor/AssetVersion.cs","d0353a89b1f911e48b9e16bdc9f2e058","Transitive","ThirdParty",
"Assets/Config/Formal/GlobalPrefabTable.asset","0afb3a04101933e4db188d9d13aa30ea","Packages/com.unity.render-pipelines.universal/Editor/ShaderGraph/UniversalMetadata.cs","d2654ad3c17ab8a4ebb9fd0719795d21","Transitive","ThirdParty",
"Assets/Config/Formal/GlobalPrefabTable.asset","0afb3a04101933e4db188d9d13aa30ea","Packages/com.unity.render-pipelines.universal/Runtime/Materials/Lit.mat","31321ba15b8f8eb4c954353edc038b1d","Transitive","ThirdParty",
"Assets/Config/Formal/GlobalPrefabTable.asset","0afb3a04101933e4db188d9d13aa30ea","Packages/com.unity.render-pipelines.universal/Shaders/Lit.shader","933532a4fcc9baf4fa0491de14d08ed7","Transitive","ThirdParty",
"Assets/Config/Formal/GlobalPrefabTable.asset","0afb3a04101933e4db188d9d13aa30ea","Packages/com.unity.shadergraph/Editor/Importers/ShaderGraphImporter.cs","625f186215c104763be7675aa2d941aa","Transitive","ThirdParty",
"Assets/Config/Formal/GlobalPrefabTable.asset","0afb3a04101933e4db188d9d13aa30ea","Packages/com.unity.shadergraph/Editor/Importers/ShaderGraphMetadata.cs","b64ab828cd6c5b3479a4c575ca6617d5","Transitive","ThirdParty",
"Assets/Config/Formal/HeroDisplayTable.asset","c5958d1073b594545aa68c722dd4feb1","Assets/Art/Icon/Hero/Aatrox.png","05cc6a8fbb52ed246b0f3b4720325ef1","Direct","ClientPresentation",
"Assets/Config/Formal/HeroDisplayTable.asset","c5958d1073b594545aa68c722dd4feb1","Assets/Art/Icon/Hero/Varus.jpg","b54876e9c470b774fa7adc1a21c34d1e","Direct","ClientPresentation",
"Assets/Config/Formal/HeroDisplayTable.asset","c5958d1073b594545aa68c722dd4feb1","Assets/Scripts/RuntimeConfig/HeroDisplayTable.cs","899e7bc53a633ee4dabd640727cd2076","Direct","EditorOrCode",
"Assets/Config/Formal/Presentation/MobaCameraPresentationConfig.asset","d7036c0641fe3444d9b5f2dcd9f21c19","Assets/Scripts/Bootstrap/MobaCameraPresentationConfig.cs","e7199e030b9ecf64aae8af48cb1239cb","Direct","EditorOrCode",
"Assets/Config/Formal/UnitOutlineRim.mat","864a3b4ca3d42f44484fae1ef521e889","Assets/Shader/UnitOutlineRim.shader","66aa05f6f4814464ebf165d1aba43d7e","Direct","ClientPresentation",
"Assets/Resources/Prefab/Indicators/DirectionIndicator.prefab","27e85fb6395596e40be0a8067ec883e6","Assets/Resources/Prefab/Indicators/IndicatorBarBody.mat","7d4385d2eefc7aa46aa4afe69c09fc7a","Direct","ClientPresentation",
"Assets/Resources/Prefab/Indicators/DirectionIndicator.prefab","27e85fb6395596e40be0a8067ec883e6","Assets/Resources/Prefab/Indicators/IndicatorBarBody.png","a33f6a7e1a0c55b4b80ab4a8893645e9","Transitive","ClientPresentation",
"Assets/Resources/Prefab/Indicators/DirectionIndicator.prefab","27e85fb6395596e40be0a8067ec883e6","Assets/Resources/Prefab/Indicators/IndicatorCircle.mat","6aaf059f361a6054eb5008f9cd8374b7","Direct","ClientPresentation",
"Assets/Resources/Prefab/Indicators/DirectionIndicator.prefab","27e85fb6395596e40be0a8067ec883e6","Assets/Resources/Prefab/Indicators/IndicatorCircle.png","e465cbc2a6927d949b22de2d6e7d4db7","Transitive","ClientPresentation",
"Assets/Resources/Prefab/Indicators/DirectionIndicator.prefab","27e85fb6395596e40be0a8067ec883e6","Packages/com.unity.render-pipelines.universal/Editor/AssetVersion.cs","d0353a89b1f911e48b9e16bdc9f2e058","Transitive","ThirdParty",
"Assets/Resources/Prefab/Indicators/DirectionIndicator.prefab","27e85fb6395596e40be0a8067ec883e6","Packages/com.unity.render-pipelines.universal/Shaders/Unlit.shader","650dd9526735d5b46b79224bc6e94025","Transitive","ThirdParty",
"Assets/Resources/Prefab/Indicators/GroundTargetIndicator.prefab","41bee1419c26ef0409d2e68c858bc7b6","Assets/Resources/Prefab/Indicators/IndicatorCircle.mat","6aaf059f361a6054eb5008f9cd8374b7","Direct","ClientPresentation",
"Assets/Resources/Prefab/Indicators/GroundTargetIndicator.prefab","41bee1419c26ef0409d2e68c858bc7b6","Assets/Resources/Prefab/Indicators/IndicatorCircle.png","e465cbc2a6927d949b22de2d6e7d4db7","Transitive","ClientPresentation",
"Assets/Resources/Prefab/Indicators/GroundTargetIndicator.prefab","41bee1419c26ef0409d2e68c858bc7b6","Packages/com.unity.render-pipelines.universal/Editor/AssetVersion.cs","d0353a89b1f911e48b9e16bdc9f2e058","Transitive","ThirdParty",
"Assets/Resources/Prefab/Indicators/GroundTargetIndicator.prefab","41bee1419c26ef0409d2e68c858bc7b6","Packages/com.unity.render-pipelines.universal/Shaders/Unlit.shader","650dd9526735d5b46b79224bc6e94025","Transitive","ThirdParty",
"Assets/Resources/Prefab/Indicators/IndicatorBarBody.mat","7d4385d2eefc7aa46aa4afe69c09fc7a","Assets/Resources/Prefab/Indicators/IndicatorBarBody.png","a33f6a7e1a0c55b4b80ab4a8893645e9","Direct","ClientPresentation",
"Assets/Resources/Prefab/Indicators/IndicatorBarBody.mat","7d4385d2eefc7aa46aa4afe69c09fc7a","Packages/com.unity.render-pipelines.universal/Editor/AssetVersion.cs","d0353a89b1f911e48b9e16bdc9f2e058","Direct","ThirdParty",
"Assets/Resources/Prefab/Indicators/IndicatorBarBody.mat","7d4385d2eefc7aa46aa4afe69c09fc7a","Packages/com.unity.render-pipelines.universal/Shaders/Unlit.shader","650dd9526735d5b46b79224bc6e94025","Direct","ThirdParty",
"Assets/Resources/Prefab/Indicators/IndicatorCircle.mat","6aaf059f361a6054eb5008f9cd8374b7","Assets/Resources/Prefab/Indicators/IndicatorCircle.png","e465cbc2a6927d949b22de2d6e7d4db7","Direct","ClientPresentation",
"Assets/Resources/Prefab/Indicators/IndicatorCircle.mat","6aaf059f361a6054eb5008f9cd8374b7","Packages/com.unity.render-pipelines.universal/Editor/AssetVersion.cs","d0353a89b1f911e48b9e16bdc9f2e058","Direct","ThirdParty",
"Assets/Resources/Prefab/Indicators/IndicatorCircle.mat","6aaf059f361a6054eb5008f9cd8374b7","Packages/com.unity.render-pipelines.universal/Shaders/Unlit.shader","650dd9526735d5b46b79224bc6e94025","Direct","ThirdParty",
"Assets/Resources/Prefab/Indicators/IndicatorRing.mat","539b6a323db95c44fa84cdeb4c045d1c","Assets/Resources/Prefab/Indicators/IndicatorRing.png","ba3da1a5288f0ff4296359b6f9719d17","Direct","ClientPresentation",
"Assets/Resources/Prefab/Indicators/IndicatorRing.mat","539b6a323db95c44fa84cdeb4c045d1c","Packages/com.unity.render-pipelines.universal/Editor/AssetVersion.cs","d0353a89b1f911e48b9e16bdc9f2e058","Direct","ThirdParty",
"Assets/Resources/Prefab/Indicators/IndicatorRing.mat","539b6a323db95c44fa84cdeb4c045d1c","Packages/com.unity.render-pipelines.universal/Shaders/Unlit.shader","650dd9526735d5b46b79224bc6e94025","Direct","ThirdParty",
"Assets/Resources/Prefab/Indicators/RangeCircleIndicator.prefab","2008ae73edcc9e643996a12d647c88b3","Assets/Resources/Prefab/Indicators/IndicatorRing.mat","539b6a323db95c44fa84cdeb4c045d1c","Direct","ClientPresentation",
"Assets/Resources/Prefab/Indicators/RangeCircleIndicator.prefab","2008ae73edcc9e643996a12d647c88b3","Assets/Resources/Prefab/Indicators/IndicatorRing.png","ba3da1a5288f0ff4296359b6f9719d17","Transitive","ClientPresentation",
"Assets/Resources/Prefab/Indicators/RangeCircleIndicator.prefab","2008ae73edcc9e643996a12d647c88b3","Packages/com.unity.render-pipelines.universal/Editor/AssetVersion.cs","d0353a89b1f911e48b9e16bdc9f2e058","Transitive","ThirdParty",
"Assets/Resources/Prefab/Indicators/RangeCircleIndicator.prefab","2008ae73edcc9e643996a12d647c88b3","Packages/com.unity.render-pipelines.universal/Shaders/Unlit.shader","650dd9526735d5b46b79224bc6e94025","Transitive","ThirdParty",
"Assets/Resources/Prefab/Map.prefab","58908e293ad4aea44a8dbe5b7d9abd59","Assets/Art/Texture/Texturelabs_Soil_143L.jpg","0452dc9ca521f63459497b9d0fa959fc","Transitive","ClientPresentation",
"Assets/Resources/Prefab/Map.prefab","58908e293ad4aea44a8dbe5b7d9abd59","Assets/Art/Texture/Texturelabs_Stone_166M.jpg","e99a2146f01934841a60045e137ebb71","Transitive","ClientPresentation",
"Assets/Resources/Prefab/Map.prefab","58908e293ad4aea44a8dbe5b7d9abd59","Assets/Config/Formal/FlowFields/FlowField_Team1_Large.asset","dcf7180b84934334cb97d83f97d0bee0","Direct","SharedConfig",
"Assets/Resources/Prefab/Map.prefab","58908e293ad4aea44a8dbe5b7d9abd59","Assets/Config/Formal/FlowFields/FlowField_Team1_Medium.asset","4637441032303ee4b9bf02aa83264d27","Direct","SharedConfig",
"Assets/Resources/Prefab/Map.prefab","58908e293ad4aea44a8dbe5b7d9abd59","Assets/Config/Formal/FlowFields/FlowField_Team1_Small.asset","2e6cf1ea45336fe40896128818973436","Direct","SharedConfig",
"Assets/Resources/Prefab/Map.prefab","58908e293ad4aea44a8dbe5b7d9abd59","Assets/Config/Formal/FlowFields/FlowField_Team2_Large.asset","1c1753d82b1abf44595899bb234670d8","Direct","SharedConfig",
"Assets/Resources/Prefab/Map.prefab","58908e293ad4aea44a8dbe5b7d9abd59","Assets/Config/Formal/FlowFields/FlowField_Team2_Medium.asset","70b80eccfc43c194bb035c2caef9bb69","Direct","SharedConfig",
"Assets/Resources/Prefab/Map.prefab","58908e293ad4aea44a8dbe5b7d9abd59","Assets/Config/Formal/FlowFields/FlowField_Team2_Small.asset","6db431ebbaf4a01498cc2ccf2adebf93","Direct","SharedConfig",
"Assets/Resources/Prefab/Map.prefab","58908e293ad4aea44a8dbe5b7d9abd59","Assets/Config/Formal/FullMatchDeterministicMapConfig.asset","f1c4e69f4a5028647b5c47fb0408da9f","Direct","SharedConfig",
"Assets/Resources/Prefab/Map.prefab","58908e293ad4aea44a8dbe5b7d9abd59","Assets/Resources/Material/地图基底材质.mat","ddf9d72465e9b634ca27a3e82688ed28","Direct","ClientPresentation",
"Assets/Resources/Prefab/Map.prefab","58908e293ad4aea44a8dbe5b7d9abd59","Assets/Resources/Material/地图障碍物材质.mat","2f188c1eb9ddcac4e86f383e0e18edb4","Direct","ClientPresentation",
"Assets/Resources/Prefab/Map.prefab","58908e293ad4aea44a8dbe5b7d9abd59","Assets/Scripts/Gameplay/NonHero/LaneAuthoring.cs","4b737508046388d4bab55ec2175fc003","Direct","EditorOrCode",
"Assets/Resources/Prefab/Map.prefab","58908e293ad4aea44a8dbe5b7d9abd59","Assets/Scripts/Gameplay/Pathfinding/DeterministicMapConfig.cs","d27708bbd537c3d4fa44ec30e908300d","Transitive","EditorOrCode",
"Assets/Resources/Prefab/Map.prefab","58908e293ad4aea44a8dbe5b7d9abd59","Assets/Scripts/Gameplay/Pathfinding/FlowFieldBakeAsset.cs","d5218c50022da114baa0481dd2fe6343","Transitive","EditorOrCode",
"Assets/Resources/Prefab/Map.prefab","58908e293ad4aea44a8dbe5b7d9abd59","Assets/Scripts/Gameplay/Pathfinding/FlowFieldSceneAuthoring.cs","b233e8aec2b532449bb580d11a046f40","Direct","EditorOrCode",
"Assets/Resources/Prefab/Map.prefab","58908e293ad4aea44a8dbe5b7d9abd59","Assets/Scripts/Gameplay/Pathfinding/FlowFieldVisualizer.cs","56ffa5bc03bb06b4ba825d0bd5f1a13a","Direct","EditorOrCode",
"Assets/Resources/Prefab/Map.prefab","58908e293ad4aea44a8dbe5b7d9abd59","Packages/com.unity.2d.sprite/Editor/ObjectMenuCreation/DefaultAssets/Textures/v2/Square.png","311925a002f4447b3a28927169b83ea6","Direct","ThirdParty",
"Assets/Resources/Prefab/Map.prefab","58908e293ad4aea44a8dbe5b7d9abd59","Packages/com.unity.render-pipelines.universal/Editor/AssetVersion.cs","d0353a89b1f911e48b9e16bdc9f2e058","Transitive","ThirdParty",
"Assets/Resources/Prefab/Map.prefab","58908e293ad4aea44a8dbe5b7d9abd59","Packages/com.unity.render-pipelines.universal/Runtime/Materials/Lit.mat","31321ba15b8f8eb4c954353edc038b1d","Direct","ThirdParty",
"Assets/Resources/Prefab/Map.prefab","58908e293ad4aea44a8dbe5b7d9abd59","Packages/com.unity.render-pipelines.universal/Shaders/Lit.shader","933532a4fcc9baf4fa0491de14d08ed7","Transitive","ThirdParty",
"Assets/Resources/Prefab/Missle/AatroxSpellWMissle.prefab","45b294545c967314f9decb88c44d5920","Assets/Resources/Material/亚托克斯通用材质.mat","3d347c0be0047484681175b0a46733ce","Direct","ClientPresentation",
"Assets/Resources/Prefab/Missle/AatroxSpellWMissle.prefab","45b294545c967314f9decb88c44d5920","Assets/Scripts/Physics/Core/PhysicsEntity2D.cs","cf2e4b89224828f48befee4b715885df","Direct","EditorOrCode",
"Assets/Resources/Prefab/Missle/AatroxSpellWMissle.prefab","45b294545c967314f9decb88c44d5920","Assets/Scripts/Physics/Core/PhysicsEntity2DShapeAuthoring.cs","ed0a9cc1ab86cbe4484aa191eda97ca8","Direct","EditorOrCode",
"Assets/Resources/Prefab/Missle/AatroxSpellWMissle.prefab","45b294545c967314f9decb88c44d5920","Packages/com.unity.render-pipelines.universal/Editor/AssetVersion.cs","d0353a89b1f911e48b9e16bdc9f2e058","Transitive","ThirdParty",
"Assets/Resources/Prefab/Missle/AatroxSpellWMissle.prefab","45b294545c967314f9decb88c44d5920","Packages/com.unity.render-pipelines.universal/Shaders/Lit.shader","933532a4fcc9baf4fa0491de14d08ed7","Transitive","ThirdParty",
"Assets/Resources/Prefab/Missle/BlueTeamGeneralAttackMissle.prefab","b3eb1d4dc78a3914883c5db568ff2514","Assets/Resources/Material/蓝方远程小兵攻击投掷物.mat","6881a8644760fcb47a6e5dbc6ddd218d","Direct","ClientPresentation",
"Assets/Resources/Prefab/Missle/BlueTeamGeneralAttackMissle.prefab","b3eb1d4dc78a3914883c5db568ff2514","Assets/Scripts/Physics/Core/PhysicsEntity2D.cs","cf2e4b89224828f48befee4b715885df","Direct","EditorOrCode",
"Assets/Resources/Prefab/Missle/BlueTeamGeneralAttackMissle.prefab","b3eb1d4dc78a3914883c5db568ff2514","Assets/Scripts/Physics/Core/PhysicsEntity2DShapeAuthoring.cs","ed0a9cc1ab86cbe4484aa191eda97ca8","Direct","EditorOrCode",
"Assets/Resources/Prefab/Missle/BlueTeamGeneralAttackMissle.prefab","b3eb1d4dc78a3914883c5db568ff2514","Packages/com.unity.render-pipelines.universal/Editor/AssetVersion.cs","d0353a89b1f911e48b9e16bdc9f2e058","Transitive","ThirdParty",
"Assets/Resources/Prefab/Missle/BlueTeamGeneralAttackMissle.prefab","b3eb1d4dc78a3914883c5db568ff2514","Packages/com.unity.render-pipelines.universal/Shaders/Lit.shader","933532a4fcc9baf4fa0491de14d08ed7","Transitive","ThirdParty",
"Assets/Resources/Prefab/Missle/InfernalChainsArea.prefab","3561a9ede028f4741a955188d8b48b97","Assets/Resources/Material/亚托克斯通用材质.mat","3d347c0be0047484681175b0a46733ce","Direct","ClientPresentation",
"Assets/Resources/Prefab/Missle/InfernalChainsArea.prefab","3561a9ede028f4741a955188d8b48b97","Assets/Scripts/Gameplay/Projectile/ProjectileContainmentZoneAuthoring.cs","213be447bab72bf44b67f992a84f55ce","Direct","EditorOrCode",
"Assets/Resources/Prefab/Missle/InfernalChainsArea.prefab","3561a9ede028f4741a955188d8b48b97","Assets/Scripts/Physics/Core/PhysicsEntity2D.cs","cf2e4b89224828f48befee4b715885df","Direct","EditorOrCode",
"Assets/Resources/Prefab/Missle/InfernalChainsArea.prefab","3561a9ede028f4741a955188d8b48b97","Assets/Scripts/Physics/Core/PhysicsEntity2DShapeAuthoring.cs","ed0a9cc1ab86cbe4484aa191eda97ca8","Direct","EditorOrCode",
"Assets/Resources/Prefab/Missle/InfernalChainsArea.prefab","3561a9ede028f4741a955188d8b48b97","Packages/com.unity.render-pipelines.universal/Editor/AssetVersion.cs","d0353a89b1f911e48b9e16bdc9f2e058","Transitive","ThirdParty",
"Assets/Resources/Prefab/Missle/InfernalChainsArea.prefab","3561a9ede028f4741a955188d8b48b97","Packages/com.unity.render-pipelines.universal/Runtime/Materials/Lit.mat","31321ba15b8f8eb4c954353edc038b1d","Direct","ThirdParty",
"Assets/Resources/Prefab/Missle/InfernalChainsArea.prefab","3561a9ede028f4741a955188d8b48b97","Packages/com.unity.render-pipelines.universal/Shaders/Lit.shader","933532a4fcc9baf4fa0491de14d08ed7","Transitive","ThirdParty",
"Assets/Resources/Prefab/Missle/RedTeamGeneralAttackMissle.prefab","d0e27105677f5f4439bc6bf3e582435c","Assets/Resources/Material/红方远程小兵攻击投掷物.mat","66bd48b9f6739194a9e60f4aaac60ff9","Direct","ClientPresentation",
"Assets/Resources/Prefab/Missle/RedTeamGeneralAttackMissle.prefab","d0e27105677f5f4439bc6bf3e582435c","Assets/Scripts/Physics/Core/PhysicsEntity2D.cs","cf2e4b89224828f48befee4b715885df","Direct","EditorOrCode",
"Assets/Resources/Prefab/Missle/RedTeamGeneralAttackMissle.prefab","d0e27105677f5f4439bc6bf3e582435c","Assets/Scripts/Physics/Core/PhysicsEntity2DShapeAuthoring.cs","ed0a9cc1ab86cbe4484aa191eda97ca8","Direct","EditorOrCode",
"Assets/Resources/Prefab/Missle/RedTeamGeneralAttackMissle.prefab","d0e27105677f5f4439bc6bf3e582435c","Packages/com.unity.render-pipelines.universal/Editor/AssetVersion.cs","d0353a89b1f911e48b9e16bdc9f2e058","Transitive","ThirdParty",
"Assets/Resources/Prefab/Missle/RedTeamGeneralAttackMissle.prefab","d0e27105677f5f4439bc6bf3e582435c","Packages/com.unity.render-pipelines.universal/Shaders/Lit.shader","933532a4fcc9baf4fa0491de14d08ed7","Transitive","ThirdParty",
"Assets/Resources/Prefab/Missle/VarusAttackMissle.prefab","6f4a50dde2a01f745bed4b9d9324f5fa","Assets/Art/Model/韦鲁斯_攻击投掷物.glb","c045de92664f45c45bb57374a5965859","Direct","ClientPresentation",
"Assets/Resources/Prefab/Missle/VarusAttackMissle.prefab","6f4a50dde2a01f745bed4b9d9324f5fa","Assets/Scripts/Physics/Core/PhysicsEntity2D.cs","cf2e4b89224828f48befee4b715885df","Direct","EditorOrCode",
"Assets/Resources/Prefab/Missle/VarusAttackMissle.prefab","6f4a50dde2a01f745bed4b9d9324f5fa","Assets/Scripts/Physics/Core/PhysicsEntity2DShapeAuthoring.cs","ed0a9cc1ab86cbe4484aa191eda97ca8","Direct","EditorOrCode",
"Assets/Resources/Prefab/Missle/VarusAttackMissle.prefab","6f4a50dde2a01f745bed4b9d9324f5fa","Packages/com.siccity.gltfutility/Materials/URP/Standard (Metallic).shadergraph","a08f3a1c845d57c4293a42c3202574a1","Transitive","ThirdParty",
"Assets/Resources/Prefab/Missle/VarusAttackMissle.prefab","6f4a50dde2a01f745bed4b9d9324f5fa","Packages/com.siccity.gltfutility/Materials/URP/Standard (Specular).shadergraph","e6061ad897a8bd843b501d409aff8a22","Transitive","ThirdParty",
"Assets/Resources/Prefab/Missle/VarusAttackMissle.prefab","6f4a50dde2a01f745bed4b9d9324f5fa","Packages/com.siccity.gltfutility/Materials/URP/Standard Transparent (Metallic).shadergraph","bb6606ffd3868dd46a773758ff6901fc","Transitive","ThirdParty",
"Assets/Resources/Prefab/Missle/VarusAttackMissle.prefab","6f4a50dde2a01f745bed4b9d9324f5fa","Packages/com.siccity.gltfutility/Materials/URP/Standard Transparent (Specular).shadergraph","09512c1ba26fe804283ec6e09112e53c","Transitive","ThirdParty",
"Assets/Resources/Prefab/Missle/VarusAttackMissle.prefab","6f4a50dde2a01f745bed4b9d9324f5fa","Packages/com.siccity.gltfutility/Scripts/Editor/GLBImporter.cs","768a5a18fd6eb914f980bf85dd7b34ec","Transitive","ThirdParty",
"Assets/Resources/Prefab/Missle/VarusAttackMissle.prefab","6f4a50dde2a01f745bed4b9d9324f5fa","Packages/com.unity.render-pipelines.universal/Editor/ShaderGraph/UniversalMetadata.cs","d2654ad3c17ab8a4ebb9fd0719795d21","Transitive","ThirdParty",
"Assets/Resources/Prefab/Missle/VarusAttackMissle.prefab","6f4a50dde2a01f745bed4b9d9324f5fa","Packages/com.unity.shadergraph/Editor/Importers/ShaderGraphImporter.cs","625f186215c104763be7675aa2d941aa","Transitive","ThirdParty",
"Assets/Resources/Prefab/Missle/VarusAttackMissle.prefab","6f4a50dde2a01f745bed4b9d9324f5fa","Packages/com.unity.shadergraph/Editor/Importers/ShaderGraphMetadata.cs","b64ab828cd6c5b3479a4c575ca6617d5","Transitive","ThirdParty",
"Assets/Resources/Prefab/Missle/VarusEMissle_DesecratedGround.prefab","c024096fa5aceb144b1c7ffedbc285fc","Assets/Art/Img/韦鲁斯E污染地面贴图.png","8fe40a9a092a27d47aab50fba5763bef","Direct","ClientPresentation",
"Assets/Resources/Prefab/Missle/VarusEMissle_DesecratedGround.prefab","c024096fa5aceb144b1c7ffedbc285fc","Assets/Scripts/FrameSync/ProjectileAreaRadiusVisualizer.cs","86856d9775574c2499fb3eb5c2f133b1","Direct","EditorOrCode",
"Assets/Resources/Prefab/Missle/VarusEMissle_DesecratedGround.prefab","c024096fa5aceb144b1c7ffedbc285fc","Assets/Scripts/Physics/Core/PhysicsEntity2D.cs","cf2e4b89224828f48befee4b715885df","Direct","EditorOrCode",
"Assets/Resources/Prefab/Missle/VarusEMissle_DesecratedGround.prefab","c024096fa5aceb144b1c7ffedbc285fc","Assets/Scripts/Physics/Core/PhysicsEntity2DShapeAuthoring.cs","ed0a9cc1ab86cbe4484aa191eda97ca8","Direct","EditorOrCode",
"Assets/Resources/Prefab/Missle/VarusSpellQMissle.prefab","3b9c7c4bd406ebf449736a4a6c7432c8","Assets/Art/Model/韦鲁斯_Q投掷物.glb","e0b83d01f6e7a5d42b78738662005672","Direct","ClientPresentation",
"Assets/Resources/Prefab/Missle/VarusSpellQMissle.prefab","3b9c7c4bd406ebf449736a4a6c7432c8","Assets/Scripts/Physics/Core/PhysicsEntity2D.cs","cf2e4b89224828f48befee4b715885df","Direct","EditorOrCode",
"Assets/Resources/Prefab/Missle/VarusSpellQMissle.prefab","3b9c7c4bd406ebf449736a4a6c7432c8","Assets/Scripts/Physics/Core/PhysicsEntity2DShapeAuthoring.cs","ed0a9cc1ab86cbe4484aa191eda97ca8","Direct","EditorOrCode",
"Assets/Resources/Prefab/Missle/VarusSpellQMissle.prefab","3b9c7c4bd406ebf449736a4a6c7432c8","Packages/com.siccity.gltfutility/Materials/URP/Standard (Metallic).shadergraph","a08f3a1c845d57c4293a42c3202574a1","Transitive","ThirdParty",
"Assets/Resources/Prefab/Missle/VarusSpellQMissle.prefab","3b9c7c4bd406ebf449736a4a6c7432c8","Packages/com.siccity.gltfutility/Materials/URP/Standard (Specular).shadergraph","e6061ad897a8bd843b501d409aff8a22","Transitive","ThirdParty",
"Assets/Resources/Prefab/Missle/VarusSpellQMissle.prefab","3b9c7c4bd406ebf449736a4a6c7432c8","Packages/com.siccity.gltfutility/Materials/URP/Standard Transparent (Metallic).shadergraph","bb6606ffd3868dd46a773758ff6901fc","Transitive","ThirdParty",
"Assets/Resources/Prefab/Missle/VarusSpellQMissle.prefab","3b9c7c4bd406ebf449736a4a6c7432c8","Packages/com.siccity.gltfutility/Materials/URP/Standard Transparent (Specular).shadergraph","09512c1ba26fe804283ec6e09112e53c","Transitive","ThirdParty",
"Assets/Resources/Prefab/Missle/VarusSpellQMissle.prefab","3b9c7c4bd406ebf449736a4a6c7432c8","Packages/com.siccity.gltfutility/Scripts/Editor/GLBImporter.cs","768a5a18fd6eb914f980bf85dd7b34ec","Transitive","ThirdParty",
"Assets/Resources/Prefab/Missle/VarusSpellQMissle.prefab","3b9c7c4bd406ebf449736a4a6c7432c8","Packages/com.unity.render-pipelines.universal/Editor/ShaderGraph/UniversalMetadata.cs","d2654ad3c17ab8a4ebb9fd0719795d21","Transitive","ThirdParty",
"Assets/Resources/Prefab/Missle/VarusSpellQMissle.prefab","3b9c7c4bd406ebf449736a4a6c7432c8","Packages/com.unity.shadergraph/Editor/Importers/ShaderGraphImporter.cs","625f186215c104763be7675aa2d941aa","Transitive","ThirdParty",
"Assets/Resources/Prefab/Missle/VarusSpellQMissle.prefab","3b9c7c4bd406ebf449736a4a6c7432c8","Packages/com.unity.shadergraph/Editor/Importers/ShaderGraphMetadata.cs","b64ab828cd6c5b3479a4c575ca6617d5","Transitive","ThirdParty",
"Assets/Resources/Prefab/Missle/VarusSpellRMissle.prefab","9c9cad292a5e9134c8f337b579ef599a","Assets/Art/Model/韦鲁斯_R投掷物.glb","3776dc52365ba9c488f0be67dd419620","Direct","ClientPresentation",
"Assets/Resources/Prefab/Missle/VarusSpellRMissle.prefab","9c9cad292a5e9134c8f337b579ef599a","Assets/Scripts/Physics/Core/PhysicsEntity2D.cs","cf2e4b89224828f48befee4b715885df","Direct","EditorOrCode",
"Assets/Resources/Prefab/Missle/VarusSpellRMissle.prefab","9c9cad292a5e9134c8f337b579ef599a","Assets/Scripts/Physics/Core/PhysicsEntity2DShapeAuthoring.cs","ed0a9cc1ab86cbe4484aa191eda97ca8","Direct","EditorOrCode",
"Assets/Resources/Prefab/Missle/VarusSpellRMissle.prefab","9c9cad292a5e9134c8f337b579ef599a","Packages/com.siccity.gltfutility/Materials/URP/Standard (Metallic).shadergraph","a08f3a1c845d57c4293a42c3202574a1","Transitive","ThirdParty",
"Assets/Resources/Prefab/Missle/VarusSpellRMissle.prefab","9c9cad292a5e9134c8f337b579ef599a","Packages/com.siccity.gltfutility/Materials/URP/Standard (Specular).shadergraph","e6061ad897a8bd843b501d409aff8a22","Transitive","ThirdParty",
"Assets/Resources/Prefab/Missle/VarusSpellRMissle.prefab","9c9cad292a5e9134c8f337b579ef599a","Packages/com.siccity.gltfutility/Materials/URP/Standard Transparent (Metallic).shadergraph","bb6606ffd3868dd46a773758ff6901fc","Transitive","ThirdParty",
"Assets/Resources/Prefab/Missle/VarusSpellRMissle.prefab","9c9cad292a5e9134c8f337b579ef599a","Packages/com.siccity.gltfutility/Materials/URP/Standard Transparent (Specular).shadergraph","09512c1ba26fe804283ec6e09112e53c","Transitive","ThirdParty",
"Assets/Resources/Prefab/Missle/VarusSpellRMissle.prefab","9c9cad292a5e9134c8f337b579ef599a","Packages/com.siccity.gltfutility/Scripts/Editor/GLBImporter.cs","768a5a18fd6eb914f980bf85dd7b34ec","Transitive","ThirdParty",
"Assets/Resources/Prefab/Missle/VarusSpellRMissle.prefab","9c9cad292a5e9134c8f337b579ef599a","Packages/com.unity.render-pipelines.universal/Editor/ShaderGraph/UniversalMetadata.cs","d2654ad3c17ab8a4ebb9fd0719795d21","Transitive","ThirdParty",
"Assets/Resources/Prefab/Missle/VarusSpellRMissle.prefab","9c9cad292a5e9134c8f337b579ef599a","Packages/com.unity.shadergraph/Editor/Importers/ShaderGraphImporter.cs","625f186215c104763be7675aa2d941aa","Transitive","ThirdParty",
"Assets/Resources/Prefab/Missle/VarusSpellRMissle.prefab","9c9cad292a5e9134c8f337b579ef599a","Packages/com.unity.shadergraph/Editor/Importers/ShaderGraphMetadata.cs","b64ab828cd6c5b3479a4c575ca6617d5","Transitive","ThirdParty",
"Assets/Resources/Prefab/PlayerNetworkHandle.prefab","dda0ed93bbf826147a72d0f88b99e12c","Packages/com.unity.netcode.gameobjects/Runtime/Core/NetworkObject.cs","d5a57f767e5e46a458fc5d3c628d0cbb","Direct","ThirdParty",
"Assets/Resources/Prefab/UI/BuffCell.prefab","1595ba941c4166642ad4be01079c4b34","Assets/Art/Icon/Buff/Line.png","949653ffb178cfc47922f9ad258f4817","Direct","ClientPresentation",
"Assets/Resources/Prefab/UI/BuffCell.prefab","1595ba941c4166642ad4be01079c4b34","Assets/Scripts/LuaBridge/UI/UICell.cs","4e227981d5ada464abba4d883c719dee","Direct","EditorOrCode",
"Assets/Resources/Prefab/UI/BuffCell.prefab","1595ba941c4166642ad4be01079c4b34","Assets/TextMesh Pro/Fonts/LiberationSans.ttf","e3265ab4bf004d28a9537516768c1c75","Transitive","ClientPresentation",
"Assets/Resources/Prefab/UI/BuffCell.prefab","1595ba941c4166642ad4be01079c4b34","Assets/TextMesh Pro/Resources/Fonts & Materials/LiberationSans SDF - Fallback.asset","2e498d1c8094910479dc3e1b768306a4","Transitive","Unclassified",
"Assets/Resources/Prefab/UI/BuffCell.prefab","1595ba941c4166642ad4be01079c4b34","Assets/TextMesh Pro/Resources/Fonts & Materials/LiberationSans SDF.asset","8f586378b4e144a9851e7b34d9b748ee","Direct","Unclassified",
"Assets/Resources/Prefab/UI/BuffCell.prefab","1595ba941c4166642ad4be01079c4b34","Assets/TextMesh Pro/Shaders/TMP_SDF-Mobile.shader","fe393ace9b354375a9cb14cdbbc28be4","Transitive","ClientPresentation",
"Assets/Resources/Prefab/UI/BuffCell.prefab","1595ba941c4166642ad4be01079c4b34","Packages/com.unity.textmeshpro/Editor Resources/Gizmos/TMP - Font Asset Icon.psd","ee148e281f3c41c5b4ff5f8a5afe5a6c","Transitive","ThirdParty",
"Assets/Resources/Prefab/UI/BuffCell.prefab","1595ba941c4166642ad4be01079c4b34","Packages/com.unity.textmeshpro/Editor Resources/Gizmos/TMP - Text Component Icon.psd","2fd6421f253b4ef1a19526541f9ffc0c","Transitive","ThirdParty",
"Assets/Resources/Prefab/UI/BuffCell.prefab","1595ba941c4166642ad4be01079c4b34","Packages/com.unity.textmeshpro/Scripts/Runtime/TMP_FontAsset.cs","71c1514a6bd24e1e882cebbe1904ce04","Transitive","ThirdParty",
"Assets/Resources/Prefab/UI/BuffCell.prefab","1595ba941c4166642ad4be01079c4b34","Packages/com.unity.textmeshpro/Scripts/Runtime/TextMeshProUGUI.cs","f4688fdb7df04437aeb418b961361dc5","Direct","ThirdParty",
"Assets/Resources/Prefab/UI/BuffCell.prefab","1595ba941c4166642ad4be01079c4b34","Packages/com.unity.ugui/Runtime/UI/Core/Image.cs","fe87c0e1cc204ed48ad3b37840f39efc","Direct","ThirdParty",
"Assets/Resources/Prefab/UI/BuffCell.prefab","1595ba941c4166642ad4be01079c4b34","Packages/com.unity.ugui/Runtime/UI/Core/Slider.cs","67db9e8f0e2ae9c40bc1e2b64352a6b4","Direct","ThirdParty",
"Assets/Resources/Prefab/UI/EquipmentShopCell.prefab","9e7d0449ef5c0f44b88f3bce81e96577","Assets/Scripts/LuaBridge/UI/UICell.cs","4e227981d5ada464abba4d883c719dee","Direct","EditorOrCode",
"Assets/Resources/Prefab/UI/EquipmentShopCell.prefab","9e7d0449ef5c0f44b88f3bce81e96577","Assets/TextMesh Pro/Fonts/LiberationSans.ttf","e3265ab4bf004d28a9537516768c1c75","Transitive","ClientPresentation",
"Assets/Resources/Prefab/UI/EquipmentShopCell.prefab","9e7d0449ef5c0f44b88f3bce81e96577","Assets/TextMesh Pro/Resources/Fonts & Materials/LiberationSans SDF - Fallback.asset","2e498d1c8094910479dc3e1b768306a4","Transitive","Unclassified",
"Assets/Resources/Prefab/UI/EquipmentShopCell.prefab","9e7d0449ef5c0f44b88f3bce81e96577","Assets/TextMesh Pro/Resources/Fonts & Materials/LiberationSans SDF.asset","8f586378b4e144a9851e7b34d9b748ee","Direct","Unclassified",
"Assets/Resources/Prefab/UI/EquipmentShopCell.prefab","9e7d0449ef5c0f44b88f3bce81e96577","Assets/TextMesh Pro/Shaders/TMP_SDF-Mobile.shader","fe393ace9b354375a9cb14cdbbc28be4","Transitive","ClientPresentation",
"Assets/Resources/Prefab/UI/EquipmentShopCell.prefab","9e7d0449ef5c0f44b88f3bce81e96577","Packages/com.unity.textmeshpro/Editor Resources/Gizmos/TMP - Font Asset Icon.psd","ee148e281f3c41c5b4ff5f8a5afe5a6c","Transitive","ThirdParty",
"Assets/Resources/Prefab/UI/EquipmentShopCell.prefab","9e7d0449ef5c0f44b88f3bce81e96577","Packages/com.unity.textmeshpro/Editor Resources/Gizmos/TMP - Text Component Icon.psd","2fd6421f253b4ef1a19526541f9ffc0c","Transitive","ThirdParty",
"Assets/Resources/Prefab/UI/EquipmentShopCell.prefab","9e7d0449ef5c0f44b88f3bce81e96577","Packages/com.unity.textmeshpro/Scripts/Runtime/TMP_FontAsset.cs","71c1514a6bd24e1e882cebbe1904ce04","Transitive","ThirdParty",
"Assets/Resources/Prefab/UI/EquipmentShopCell.prefab","9e7d0449ef5c0f44b88f3bce81e96577","Packages/com.unity.textmeshpro/Scripts/Runtime/TextMeshProUGUI.cs","f4688fdb7df04437aeb418b961361dc5","Direct","ThirdParty",
"Assets/Resources/Prefab/UI/EquipmentShopCell.prefab","9e7d0449ef5c0f44b88f3bce81e96577","Packages/com.unity.ugui/Runtime/UI/Core/Button.cs","4e29b1a8efbd4b44bb3f3716e73f07ff","Direct","ThirdParty",
"Assets/Resources/Prefab/UI/EquipmentShopCell.prefab","9e7d0449ef5c0f44b88f3bce81e96577","Packages/com.unity.ugui/Runtime/UI/Core/Image.cs","fe87c0e1cc204ed48ad3b37840f39efc","Direct","ThirdParty",
"Assets/Resources/Prefab/UI/GameplayHUD.prefab","b637d479f68badc489446b271d694dfa","Assets/Art/Icon/Ability/Aatrox/AatroxE.png","237800e8fddf3e54bb1bf43e3e96ff5b","Direct","ClientPresentation",
"Assets/Resources/Prefab/UI/GameplayHUD.prefab","b637d479f68badc489446b271d694dfa","Assets/Art/Icon/Ability/Aatrox/AatroxQ1.png","e894b675c21081c48870a9a7933c7439","Direct","ClientPresentation",
"Assets/Resources/Prefab/UI/GameplayHUD.prefab","b637d479f68badc489446b271d694dfa","Assets/Art/Icon/Ability/Aatrox/AatroxR.png","530bdb7b178dc224e98d3a27461805f2","Direct","ClientPresentation",
"Assets/Resources/Prefab/UI/GameplayHUD.prefab","b637d479f68badc489446b271d694dfa","Assets/Art/Icon/Ability/Aatrox/AatroxW.png","804f3e1b015d3c445af822036f4058ba","Direct","ClientPresentation",
"Assets/Resources/Prefab/UI/GameplayHUD.prefab","b637d479f68badc489446b271d694dfa","Assets/Art/Icon/Ability/Aatrox/Aatrox_Passive.png","35a40a65df8df004eb47015ccda2a0c2","Direct","ClientPresentation",
"Assets/Resources/Prefab/UI/GameplayHUD.prefab","b637d479f68badc489446b271d694dfa","Assets/Art/Icon/Buff/Line.png","949653ffb178cfc47922f9ad258f4817","Transitive","ClientPresentation",
"Assets/Resources/Prefab/UI/GameplayHUD.prefab","b637d479f68badc489446b271d694dfa","Assets/Art/Icon/Hero/Aatrox.png","05cc6a8fbb52ed246b0f3b4720325ef1","Direct","ClientPresentation",
"Assets/Resources/Prefab/UI/GameplayHUD.prefab","b637d479f68badc489446b271d694dfa","Assets/Art/Icon/UI/全能吸血.png","6a9efdc0adf23c0498fc8c2ee1138b0d","Direct","ClientPresentation",
"Assets/Resources/Prefab/UI/GameplayHUD.prefab","b637d479f68badc489446b271d694dfa","Assets/Art/Icon/UI/固定法术穿透和百分比法术穿透.png","14e7c326c9c01de4c82a6a1f7f6bd5ad","Direct","ClientPresentation",
"Assets/Resources/Prefab/UI/GameplayHUD.prefab","b637d479f68badc489446b271d694dfa","Assets/Art/Icon/UI/固定物理穿透和百分比物理穿透.png","46e35f47ae934ea4587ba6502f55c460","Direct","ClientPresentation",
"Assets/Resources/Prefab/UI/GameplayHUD.prefab","b637d479f68badc489446b271d694dfa","Assets/Art/Icon/UI/技能升级图标.jpg","5865398bb8a097446b6206f760b9dc07","Direct","ClientPresentation",
"Assets/Resources/Prefab/UI/GameplayHUD.prefab","b637d479f68badc489446b271d694dfa","Assets/Art/Icon/UI/技能急速图标.jpg","c6d3034b17922d24abdf23161caf3e24","Direct","ClientPresentation",
"Assets/Resources/Prefab/UI/GameplayHUD.prefab","b637d479f68badc489446b271d694dfa","Assets/Art/Icon/UI/攻击力图标.jpg","527f2c84fd456354e9210993b2c12bf6","Direct","ClientPresentation",
"Assets/Resources/Prefab/UI/GameplayHUD.prefab","b637d479f68badc489446b271d694dfa","Assets/Art/Icon/UI/攻击距离.png","057fbaa7e8bfa64488f761f83357d368","Direct","ClientPresentation",
"Assets/Resources/Prefab/UI/GameplayHUD.prefab","b637d479f68badc489446b271d694dfa","Assets/Art/Icon/UI/攻速图标.jpg","b0be904057004404186a885b687398c8","Direct","ClientPresentation",
"Assets/Resources/Prefab/UI/GameplayHUD.prefab","b637d479f68badc489446b271d694dfa","Assets/Art/Icon/UI/暴击率图标.jpg","56e01705cbfa9fe449b4130a2b4f25d2","Direct","ClientPresentation",
"Assets/Resources/Prefab/UI/GameplayHUD.prefab","b637d479f68badc489446b271d694dfa","Assets/Art/Icon/UI/治疗与护盾强度.png","b8b5218ffb7747346b01f009fa4477ad","Direct","ClientPresentation",
"Assets/Resources/Prefab/UI/GameplayHUD.prefab","b637d479f68badc489446b271d694dfa","Assets/Art/Icon/UI/法强图标.jpg","d097ae3c74b6fd846881459eb176a5b6","Direct","ClientPresentation",
"Assets/Resources/Prefab/UI/GameplayHUD.prefab","b637d479f68badc489446b271d694dfa","Assets/Art/Icon/UI/法防图标.jpg","795fd4fb656f1014ea9f255d7b243822","Direct","ClientPresentation",
"Assets/Resources/Prefab/UI/GameplayHUD.prefab","b637d479f68badc489446b271d694dfa","Assets/Art/Icon/UI/物防图标.jpg","d7f27d808d003e343ad59a08fdd5cef1","Direct","ClientPresentation",
"Assets/Resources/Prefab/UI/GameplayHUD.prefab","b637d479f68badc489446b271d694dfa","Assets/Art/Icon/UI/生命值和施法资源的自然回复.png","e0c16ec4de9fdd94b98414b9cada3451","Direct","ClientPresentation",
"Assets/Resources/Prefab/UI/GameplayHUD.prefab","b637d479f68badc489446b271d694dfa","Assets/Art/Icon/UI/生命窃取.png","089152850703a344a8957a5c818f907e","Direct","ClientPresentation",
"Assets/Resources/Prefab/UI/GameplayHUD.prefab","b637d479f68badc489446b271d694dfa","Assets/Art/Icon/UI/移速图标.jpg","07e1bdd060eb3f34eac9010901a5c991","Direct","ClientPresentation",
"Assets/Resources/Prefab/UI/GameplayHUD.prefab","b637d479f68badc489446b271d694dfa","Assets/Art/Icon/UI/空槽位.png","0bf253963fd01f64785838cc35423a5c","Direct","ClientPresentation",
"Assets/Resources/Prefab/UI/GameplayHUD.prefab","b637d479f68badc489446b271d694dfa","Assets/Art/Icon/UI/补刀数图标.png","3dab0bc5f1aa9ea4084233a5ebd8d334","Direct","ClientPresentation",
"Assets/Resources/Prefab/UI/GameplayHUD.prefab","b637d479f68badc489446b271d694dfa","Assets/Art/Icon/UI/韧性.png","607c079e98ee7b74e82740bdaab04a6e","Direct","ClientPresentation",
"Assets/Resources/Prefab/UI/GameplayHUD.prefab","b637d479f68badc489446b271d694dfa","Assets/Resources/MiniMap.renderTexture","5c8eb660ca333594ba8244241934c731","Direct","ClientPresentation",
"Assets/Resources/Prefab/UI/GameplayHUD.prefab","b637d479f68badc489446b271d694dfa","Assets/Resources/Prefab/UI/BuffCell.prefab","1595ba941c4166642ad4be01079c4b34","Direct","ClientPresentation",
"Assets/Resources/Prefab/UI/GameplayHUD.prefab","b637d479f68badc489446b271d694dfa","Assets/Scripts/Bootstrap/MinimapController.cs","6338715031770634cbf228a8578557ea","Direct","EditorOrCode",
"Assets/Resources/Prefab/UI/GameplayHUD.prefab","b637d479f68badc489446b271d694dfa","Assets/Scripts/Bootstrap/UI/UIPage.cs","0d6e0199e1a9f6a46a8a916152cc9991","Direct","EditorOrCode",
"Assets/Resources/Prefab/UI/GameplayHUD.prefab","b637d479f68badc489446b271d694dfa","Assets/Scripts/Bootstrap/UI/UIPageOpenButton.cs","51c3d7ff7eeef2d4a8cd15566db4e5f5","Direct","EditorOrCode",
"Assets/Resources/Prefab/UI/GameplayHUD.prefab","b637d479f68badc489446b271d694dfa","Assets/Scripts/Bootstrap/UI/UIPanel.cs","c05ecf9860c11904d965ae18fb2ced36","Direct","EditorOrCode",
"Assets/Resources/Prefab/UI/GameplayHUD.prefab","b637d479f68badc489446b271d694dfa","Assets/Scripts/LuaBridge/UI/UICell.cs","4e227981d5ada464abba4d883c719dee","Transitive","EditorOrCode",
"Assets/Resources/Prefab/UI/GameplayHUD.prefab","b637d479f68badc489446b271d694dfa","Assets/Scripts/LuaBridge/UI/UIList.cs","9cecfe79fa8cc9549a59fbc7b55338a5","Direct","EditorOrCode",
"Assets/Resources/Prefab/UI/GameplayHUD.prefab","b637d479f68badc489446b271d694dfa","Assets/TextMesh Pro/Fonts/LiberationSans.ttf","e3265ab4bf004d28a9537516768c1c75","Transitive","ClientPresentation",
"Assets/Resources/Prefab/UI/GameplayHUD.prefab","b637d479f68badc489446b271d694dfa","Assets/TextMesh Pro/Resources/Fonts & Materials/LiberationSans SDF - Fallback.asset","2e498d1c8094910479dc3e1b768306a4","Transitive","Unclassified",
"Assets/Resources/Prefab/UI/GameplayHUD.prefab","b637d479f68badc489446b271d694dfa","Assets/TextMesh Pro/Resources/Fonts & Materials/LiberationSans SDF.asset","8f586378b4e144a9851e7b34d9b748ee","Direct","Unclassified",
"Assets/Resources/Prefab/UI/GameplayHUD.prefab","b637d479f68badc489446b271d694dfa","Assets/TextMesh Pro/Shaders/TMP_SDF-Mobile.shader","fe393ace9b354375a9cb14cdbbc28be4","Transitive","ClientPresentation",
"Assets/Resources/Prefab/UI/GameplayHUD.prefab","b637d479f68badc489446b271d694dfa","Packages/com.unity.textmeshpro/Editor Resources/Gizmos/TMP - Font Asset Icon.psd","ee148e281f3c41c5b4ff5f8a5afe5a6c","Transitive","ThirdParty",
"Assets/Resources/Prefab/UI/GameplayHUD.prefab","b637d479f68badc489446b271d694dfa","Packages/com.unity.textmeshpro/Editor Resources/Gizmos/TMP - Text Component Icon.psd","2fd6421f253b4ef1a19526541f9ffc0c","Transitive","ThirdParty",
"Assets/Resources/Prefab/UI/GameplayHUD.prefab","b637d479f68badc489446b271d694dfa","Packages/com.unity.textmeshpro/Scripts/Runtime/TMP_FontAsset.cs","71c1514a6bd24e1e882cebbe1904ce04","Transitive","ThirdParty",
"Assets/Resources/Prefab/UI/GameplayHUD.prefab","b637d479f68badc489446b271d694dfa","Packages/com.unity.textmeshpro/Scripts/Runtime/TextMeshProUGUI.cs","f4688fdb7df04437aeb418b961361dc5","Direct","ThirdParty",
"Assets/Resources/Prefab/UI/GameplayHUD.prefab","b637d479f68badc489446b271d694dfa","Packages/com.unity.ugui/Runtime/UI/Core/Button.cs","4e29b1a8efbd4b44bb3f3716e73f07ff","Direct","ThirdParty",
"Assets/Resources/Prefab/UI/GameplayHUD.prefab","b637d479f68badc489446b271d694dfa","Packages/com.unity.ugui/Runtime/UI/Core/Image.cs","fe87c0e1cc204ed48ad3b37840f39efc","Direct","ThirdParty",
"Assets/Resources/Prefab/UI/GameplayHUD.prefab","b637d479f68badc489446b271d694dfa","Packages/com.unity.ugui/Runtime/UI/Core/Layout/GridLayoutGroup.cs","8a8695521f0d02e499659fee002a26c2","Direct","ThirdParty",
"Assets/Resources/Prefab/UI/GameplayHUD.prefab","b637d479f68badc489446b271d694dfa","Packages/com.unity.ugui/Runtime/UI/Core/Mask.cs","31a19414c41e5ae4aae2af33fee712f6","Direct","ThirdParty",
"Assets/Resources/Prefab/UI/GameplayHUD.prefab","b637d479f68badc489446b271d694dfa","Packages/com.unity.ugui/Runtime/UI/Core/RawImage.cs","1344c3c82d62a2a41a3576d8abb8e3ea","Direct","ThirdParty",
"Assets/Resources/Prefab/UI/GameplayHUD.prefab","b637d479f68badc489446b271d694dfa","Packages/com.unity.ugui/Runtime/UI/Core/Slider.cs","67db9e8f0e2ae9c40bc1e2b64352a6b4","Direct","ThirdParty",
"Assets/Resources/Prefab/UI/HeroSelectCell.prefab","3d6683edf94b12341b13f96fd06042e9","Assets/Scripts/LuaBridge/UI/UICell.cs","4e227981d5ada464abba4d883c719dee","Direct","EditorOrCode",
"Assets/Resources/Prefab/UI/HeroSelectCell.prefab","3d6683edf94b12341b13f96fd06042e9","Assets/TextMesh Pro/Fonts/LiberationSans.ttf","e3265ab4bf004d28a9537516768c1c75","Transitive","ClientPresentation",
"Assets/Resources/Prefab/UI/HeroSelectCell.prefab","3d6683edf94b12341b13f96fd06042e9","Assets/TextMesh Pro/Resources/Fonts & Materials/LiberationSans SDF - Fallback.asset","2e498d1c8094910479dc3e1b768306a4","Transitive","Unclassified",
"Assets/Resources/Prefab/UI/HeroSelectCell.prefab","3d6683edf94b12341b13f96fd06042e9","Assets/TextMesh Pro/Resources/Fonts & Materials/LiberationSans SDF.asset","8f586378b4e144a9851e7b34d9b748ee","Direct","Unclassified",
"Assets/Resources/Prefab/UI/HeroSelectCell.prefab","3d6683edf94b12341b13f96fd06042e9","Assets/TextMesh Pro/Shaders/TMP_SDF-Mobile.shader","fe393ace9b354375a9cb14cdbbc28be4","Transitive","ClientPresentation",
"Assets/Resources/Prefab/UI/HeroSelectCell.prefab","3d6683edf94b12341b13f96fd06042e9","Packages/com.unity.textmeshpro/Editor Resources/Gizmos/TMP - Font Asset Icon.psd","ee148e281f3c41c5b4ff5f8a5afe5a6c","Transitive","ThirdParty",
"Assets/Resources/Prefab/UI/HeroSelectCell.prefab","3d6683edf94b12341b13f96fd06042e9","Packages/com.unity.textmeshpro/Editor Resources/Gizmos/TMP - Text Component Icon.psd","2fd6421f253b4ef1a19526541f9ffc0c","Transitive","ThirdParty",
"Assets/Resources/Prefab/UI/HeroSelectCell.prefab","3d6683edf94b12341b13f96fd06042e9","Packages/com.unity.textmeshpro/Scripts/Runtime/TMP_FontAsset.cs","71c1514a6bd24e1e882cebbe1904ce04","Transitive","ThirdParty",
"Assets/Resources/Prefab/UI/HeroSelectCell.prefab","3d6683edf94b12341b13f96fd06042e9","Packages/com.unity.textmeshpro/Scripts/Runtime/TextMeshProUGUI.cs","f4688fdb7df04437aeb418b961361dc5","Direct","ThirdParty",
"Assets/Resources/Prefab/UI/HeroSelectCell.prefab","3d6683edf94b12341b13f96fd06042e9","Packages/com.unity.ugui/Runtime/UI/Core/Button.cs","4e29b1a8efbd4b44bb3f3716e73f07ff","Direct","ThirdParty",
"Assets/Resources/Prefab/UI/HeroSelectCell.prefab","3d6683edf94b12341b13f96fd06042e9","Packages/com.unity.ugui/Runtime/UI/Core/Image.cs","fe87c0e1cc204ed48ad3b37840f39efc","Direct","ThirdParty",
"Assets/Resources/Prefab/UI/LoadingPanel.prefab","1287340434f773848bf6401e52eec82a","Assets/Art/Background/加载页面背景图.jpg","4311bbeaf94e7b84b9261f2a78aca129","Direct","ClientPresentation",
"Assets/Resources/Prefab/UI/LoadingPanel.prefab","1287340434f773848bf6401e52eec82a","Assets/Scripts/Bootstrap/UI/UIPage.cs","0d6e0199e1a9f6a46a8a916152cc9991","Direct","EditorOrCode",
"Assets/Resources/Prefab/UI/LoadingPanel.prefab","1287340434f773848bf6401e52eec82a","Assets/Scripts/Bootstrap/UI/UIPanel.cs","c05ecf9860c11904d965ae18fb2ced36","Direct","EditorOrCode",
"Assets/Resources/Prefab/UI/LoadingPanel.prefab","1287340434f773848bf6401e52eec82a","Assets/TextMesh Pro/Fonts/LiberationSans.ttf","e3265ab4bf004d28a9537516768c1c75","Transitive","ClientPresentation",
"Assets/Resources/Prefab/UI/LoadingPanel.prefab","1287340434f773848bf6401e52eec82a","Assets/TextMesh Pro/Resources/Fonts & Materials/LiberationSans SDF - Fallback.asset","2e498d1c8094910479dc3e1b768306a4","Transitive","Unclassified",
"Assets/Resources/Prefab/UI/LoadingPanel.prefab","1287340434f773848bf6401e52eec82a","Assets/TextMesh Pro/Resources/Fonts & Materials/LiberationSans SDF.asset","8f586378b4e144a9851e7b34d9b748ee","Direct","Unclassified",
"Assets/Resources/Prefab/UI/LoadingPanel.prefab","1287340434f773848bf6401e52eec82a","Assets/TextMesh Pro/Shaders/TMP_SDF-Mobile.shader","fe393ace9b354375a9cb14cdbbc28be4","Transitive","ClientPresentation",
"Assets/Resources/Prefab/UI/LoadingPanel.prefab","1287340434f773848bf6401e52eec82a","Packages/com.unity.textmeshpro/Editor Resources/Gizmos/TMP - Font Asset Icon.psd","ee148e281f3c41c5b4ff5f8a5afe5a6c","Transitive","ThirdParty",
"Assets/Resources/Prefab/UI/LoadingPanel.prefab","1287340434f773848bf6401e52eec82a","Packages/com.unity.textmeshpro/Editor Resources/Gizmos/TMP - Text Component Icon.psd","2fd6421f253b4ef1a19526541f9ffc0c","Transitive","ThirdParty",
"Assets/Resources/Prefab/UI/LoadingPanel.prefab","1287340434f773848bf6401e52eec82a","Packages/com.unity.textmeshpro/Scripts/Runtime/TMP_FontAsset.cs","71c1514a6bd24e1e882cebbe1904ce04","Transitive","ThirdParty",
"Assets/Resources/Prefab/UI/LoadingPanel.prefab","1287340434f773848bf6401e52eec82a","Packages/com.unity.textmeshpro/Scripts/Runtime/TextMeshProUGUI.cs","f4688fdb7df04437aeb418b961361dc5","Direct","ThirdParty",
"Assets/Resources/Prefab/UI/LoadingPanel.prefab","1287340434f773848bf6401e52eec82a","Packages/com.unity.ugui/Runtime/UI/Core/Image.cs","fe87c0e1cc204ed48ad3b37840f39efc","Direct","ThirdParty",
"Assets/Resources/Prefab/UI/LoadingPanel.prefab","1287340434f773848bf6401e52eec82a","Packages/com.unity.ugui/Runtime/UI/Core/Slider.cs","67db9e8f0e2ae9c40bc1e2b64352a6b4","Direct","ThirdParty",
"Assets/Resources/Prefab/UI/MainPanel.prefab","1319619673170934ab3268ef9a7a05f0","Assets/Scripts/Bootstrap/UI/UIPage.cs","0d6e0199e1a9f6a46a8a916152cc9991","Direct","EditorOrCode",
"Assets/Resources/Prefab/UI/MainPanel.prefab","1319619673170934ab3268ef9a7a05f0","Assets/Scripts/Bootstrap/UI/UIPanel.cs","c05ecf9860c11904d965ae18fb2ced36","Direct","EditorOrCode",
"Assets/Resources/Prefab/UI/MainPanel.prefab","1319619673170934ab3268ef9a7a05f0","Assets/TextMesh Pro/Fonts/LiberationSans.ttf","e3265ab4bf004d28a9537516768c1c75","Transitive","ClientPresentation",
"Assets/Resources/Prefab/UI/MainPanel.prefab","1319619673170934ab3268ef9a7a05f0","Assets/TextMesh Pro/Resources/Fonts & Materials/LiberationSans SDF - Fallback.asset","2e498d1c8094910479dc3e1b768306a4","Transitive","Unclassified",
"Assets/Resources/Prefab/UI/MainPanel.prefab","1319619673170934ab3268ef9a7a05f0","Assets/TextMesh Pro/Resources/Fonts & Materials/LiberationSans SDF.asset","8f586378b4e144a9851e7b34d9b748ee","Direct","Unclassified",
"Assets/Resources/Prefab/UI/MainPanel.prefab","1319619673170934ab3268ef9a7a05f0","Assets/TextMesh Pro/Shaders/TMP_SDF-Mobile.shader","fe393ace9b354375a9cb14cdbbc28be4","Transitive","ClientPresentation",
"Assets/Resources/Prefab/UI/MainPanel.prefab","1319619673170934ab3268ef9a7a05f0","Packages/com.unity.textmeshpro/Editor Resources/Gizmos/TMP - Font Asset Icon.psd","ee148e281f3c41c5b4ff5f8a5afe5a6c","Transitive","ThirdParty",
"Assets/Resources/Prefab/UI/MainPanel.prefab","1319619673170934ab3268ef9a7a05f0","Packages/com.unity.textmeshpro/Editor Resources/Gizmos/TMP - Text Component Icon.psd","2fd6421f253b4ef1a19526541f9ffc0c","Transitive","ThirdParty",
"Assets/Resources/Prefab/UI/MainPanel.prefab","1319619673170934ab3268ef9a7a05f0","Packages/com.unity.textmeshpro/Scripts/Runtime/TMP_FontAsset.cs","71c1514a6bd24e1e882cebbe1904ce04","Transitive","ThirdParty",
"Assets/Resources/Prefab/UI/MainPanel.prefab","1319619673170934ab3268ef9a7a05f0","Packages/com.unity.textmeshpro/Scripts/Runtime/TextMeshProUGUI.cs","f4688fdb7df04437aeb418b961361dc5","Direct","ThirdParty",
"Assets/Resources/Prefab/UI/MainPanel.prefab","1319619673170934ab3268ef9a7a05f0","Packages/com.unity.ugui/Runtime/UI/Core/Button.cs","4e29b1a8efbd4b44bb3f3716e73f07ff","Direct","ThirdParty",
"Assets/Resources/Prefab/UI/MainPanel.prefab","1319619673170934ab3268ef9a7a05f0","Packages/com.unity.ugui/Runtime/UI/Core/Image.cs","fe87c0e1cc204ed48ad3b37840f39efc","Direct","ThirdParty",
"Assets/Resources/Prefab/UI/MatchPanel.prefab","bb54c64933efdf945bfe559b3d3cc274","Assets/Scripts/Bootstrap/UI/UIPage.cs","0d6e0199e1a9f6a46a8a916152cc9991","Direct","EditorOrCode",
"Assets/Resources/Prefab/UI/MatchPanel.prefab","bb54c64933efdf945bfe559b3d3cc274","Assets/Scripts/Bootstrap/UI/UIPanel.cs","c05ecf9860c11904d965ae18fb2ced36","Direct","EditorOrCode",
"Assets/Resources/Prefab/UI/MatchPanel.prefab","bb54c64933efdf945bfe559b3d3cc274","Assets/TextMesh Pro/Fonts/LiberationSans.ttf","e3265ab4bf004d28a9537516768c1c75","Transitive","ClientPresentation",
"Assets/Resources/Prefab/UI/MatchPanel.prefab","bb54c64933efdf945bfe559b3d3cc274","Assets/TextMesh Pro/Resources/Fonts & Materials/LiberationSans SDF - Fallback.asset","2e498d1c8094910479dc3e1b768306a4","Transitive","Unclassified",
"Assets/Resources/Prefab/UI/MatchPanel.prefab","bb54c64933efdf945bfe559b3d3cc274","Assets/TextMesh Pro/Resources/Fonts & Materials/LiberationSans SDF.asset","8f586378b4e144a9851e7b34d9b748ee","Direct","Unclassified",
"Assets/Resources/Prefab/UI/MatchPanel.prefab","bb54c64933efdf945bfe559b3d3cc274","Assets/TextMesh Pro/Shaders/TMP_SDF-Mobile.shader","fe393ace9b354375a9cb14cdbbc28be4","Transitive","ClientPresentation",
"Assets/Resources/Prefab/UI/MatchPanel.prefab","bb54c64933efdf945bfe559b3d3cc274","Packages/com.unity.textmeshpro/Editor Resources/Gizmos/TMP - Font Asset Icon.psd","ee148e281f3c41c5b4ff5f8a5afe5a6c","Transitive","ThirdParty",
"Assets/Resources/Prefab/UI/MatchPanel.prefab","bb54c64933efdf945bfe559b3d3cc274","Packages/com.unity.textmeshpro/Editor Resources/Gizmos/TMP - Text Component Icon.psd","2fd6421f253b4ef1a19526541f9ffc0c","Transitive","ThirdParty",
"Assets/Resources/Prefab/UI/MatchPanel.prefab","bb54c64933efdf945bfe559b3d3cc274","Packages/com.unity.textmeshpro/Scripts/Runtime/TMP_FontAsset.cs","71c1514a6bd24e1e882cebbe1904ce04","Transitive","ThirdParty",
"Assets/Resources/Prefab/UI/MatchPanel.prefab","bb54c64933efdf945bfe559b3d3cc274","Packages/com.unity.textmeshpro/Scripts/Runtime/TextMeshProUGUI.cs","f4688fdb7df04437aeb418b961361dc5","Direct","ThirdParty",
"Assets/Resources/Prefab/UI/MatchPanel.prefab","bb54c64933efdf945bfe559b3d3cc274","Packages/com.unity.ugui/Runtime/UI/Core/Button.cs","4e29b1a8efbd4b44bb3f3716e73f07ff","Direct","ThirdParty",
"Assets/Resources/Prefab/UI/MatchPanel.prefab","bb54c64933efdf945bfe559b3d3cc274","Packages/com.unity.ugui/Runtime/UI/Core/Image.cs","fe87c0e1cc204ed48ad3b37840f39efc","Direct","ThirdParty",
"Assets/Resources/Prefab/UI/ResultPanel.prefab","6000fd8d8ec9a4b4ea1604e4a30254ec","Assets/Art/Icon/UI/失败图标.png","2ef5e00e9782d084d8810c3aa00cf025","Direct","ClientPresentation",
"Assets/Resources/Prefab/UI/ResultPanel.prefab","6000fd8d8ec9a4b4ea1604e4a30254ec","Assets/Art/Icon/UI/胜利图标.png","b6403d0fd42a7a94483b2f09042b10cb","Direct","ClientPresentation",
"Assets/Resources/Prefab/UI/ResultPanel.prefab","6000fd8d8ec9a4b4ea1604e4a30254ec","Assets/Scripts/Bootstrap/UI/UIPage.cs","0d6e0199e1a9f6a46a8a916152cc9991","Direct","EditorOrCode",
"Assets/Resources/Prefab/UI/ResultPanel.prefab","6000fd8d8ec9a4b4ea1604e4a30254ec","Assets/Scripts/Bootstrap/UI/UIPanel.cs","c05ecf9860c11904d965ae18fb2ced36","Direct","EditorOrCode",
"Assets/Resources/Prefab/UI/ResultPanel.prefab","6000fd8d8ec9a4b4ea1604e4a30254ec","Assets/TextMesh Pro/Fonts/LiberationSans.ttf","e3265ab4bf004d28a9537516768c1c75","Transitive","ClientPresentation",
"Assets/Resources/Prefab/UI/ResultPanel.prefab","6000fd8d8ec9a4b4ea1604e4a30254ec","Assets/TextMesh Pro/Resources/Fonts & Materials/LiberationSans SDF - Fallback.asset","2e498d1c8094910479dc3e1b768306a4","Transitive","Unclassified",
"Assets/Resources/Prefab/UI/ResultPanel.prefab","6000fd8d8ec9a4b4ea1604e4a30254ec","Assets/TextMesh Pro/Resources/Fonts & Materials/LiberationSans SDF.asset","8f586378b4e144a9851e7b34d9b748ee","Direct","Unclassified",
"Assets/Resources/Prefab/UI/ResultPanel.prefab","6000fd8d8ec9a4b4ea1604e4a30254ec","Assets/TextMesh Pro/Shaders/TMP_SDF-Mobile.shader","fe393ace9b354375a9cb14cdbbc28be4","Transitive","ClientPresentation",
"Assets/Resources/Prefab/UI/ResultPanel.prefab","6000fd8d8ec9a4b4ea1604e4a30254ec","Packages/com.unity.textmeshpro/Editor Resources/Gizmos/TMP - Font Asset Icon.psd","ee148e281f3c41c5b4ff5f8a5afe5a6c","Transitive","ThirdParty",
"Assets/Resources/Prefab/UI/ResultPanel.prefab","6000fd8d8ec9a4b4ea1604e4a30254ec","Packages/com.unity.textmeshpro/Editor Resources/Gizmos/TMP - Text Component Icon.psd","2fd6421f253b4ef1a19526541f9ffc0c","Transitive","ThirdParty",
"Assets/Resources/Prefab/UI/ResultPanel.prefab","6000fd8d8ec9a4b4ea1604e4a30254ec","Packages/com.unity.textmeshpro/Scripts/Runtime/TMP_FontAsset.cs","71c1514a6bd24e1e882cebbe1904ce04","Transitive","ThirdParty",
"Assets/Resources/Prefab/UI/ResultPanel.prefab","6000fd8d8ec9a4b4ea1604e4a30254ec","Packages/com.unity.textmeshpro/Scripts/Runtime/TextMeshProUGUI.cs","f4688fdb7df04437aeb418b961361dc5","Direct","ThirdParty",
"Assets/Resources/Prefab/UI/ResultPanel.prefab","6000fd8d8ec9a4b4ea1604e4a30254ec","Packages/com.unity.ugui/Runtime/UI/Core/Button.cs","4e29b1a8efbd4b44bb3f3716e73f07ff","Direct","ThirdParty",
"Assets/Resources/Prefab/UI/ResultPanel.prefab","6000fd8d8ec9a4b4ea1604e4a30254ec","Packages/com.unity.ugui/Runtime/UI/Core/Image.cs","fe87c0e1cc204ed48ad3b37840f39efc","Direct","ThirdParty",
"Assets/Resources/Prefab/UI/SelectPanel.prefab","f136c6eca688bbb47b2352f8cd9aa46c","Assets/Art/Background/选英雄界面背景图.jpg","6412ab6e53ff465479bc71e42b92f8db","Direct","ClientPresentation",
"Assets/Resources/Prefab/UI/SelectPanel.prefab","f136c6eca688bbb47b2352f8cd9aa46c","Assets/Resources/Prefab/UI/HeroSelectCell.prefab","3d6683edf94b12341b13f96fd06042e9","Direct","ClientPresentation",
"Assets/Resources/Prefab/UI/SelectPanel.prefab","f136c6eca688bbb47b2352f8cd9aa46c","Assets/Resources/Prefab/UI/SelectStatusCell.prefab","d3561f2c75ccd67419c236454e7285ba","Direct","ClientPresentation",
"Assets/Resources/Prefab/UI/SelectPanel.prefab","f136c6eca688bbb47b2352f8cd9aa46c","Assets/Scripts/Bootstrap/UI/UIPage.cs","0d6e0199e1a9f6a46a8a916152cc9991","Direct","EditorOrCode",
"Assets/Resources/Prefab/UI/SelectPanel.prefab","f136c6eca688bbb47b2352f8cd9aa46c","Assets/Scripts/Bootstrap/UI/UIPanel.cs","c05ecf9860c11904d965ae18fb2ced36","Direct","EditorOrCode",
"Assets/Resources/Prefab/UI/SelectPanel.prefab","f136c6eca688bbb47b2352f8cd9aa46c","Assets/Scripts/LuaBridge/UI/UICell.cs","4e227981d5ada464abba4d883c719dee","Transitive","EditorOrCode",
"Assets/Resources/Prefab/UI/SelectPanel.prefab","f136c6eca688bbb47b2352f8cd9aa46c","Assets/Scripts/LuaBridge/UI/UIList.cs","9cecfe79fa8cc9549a59fbc7b55338a5","Direct","EditorOrCode",
"Assets/Resources/Prefab/UI/SelectPanel.prefab","f136c6eca688bbb47b2352f8cd9aa46c","Assets/TextMesh Pro/Fonts/LiberationSans.ttf","e3265ab4bf004d28a9537516768c1c75","Transitive","ClientPresentation",
"Assets/Resources/Prefab/UI/SelectPanel.prefab","f136c6eca688bbb47b2352f8cd9aa46c","Assets/TextMesh Pro/Resources/Fonts & Materials/LiberationSans SDF - Fallback.asset","2e498d1c8094910479dc3e1b768306a4","Transitive","Unclassified",
"Assets/Resources/Prefab/UI/SelectPanel.prefab","f136c6eca688bbb47b2352f8cd9aa46c","Assets/TextMesh Pro/Resources/Fonts & Materials/LiberationSans SDF.asset","8f586378b4e144a9851e7b34d9b748ee","Direct","Unclassified",
"Assets/Resources/Prefab/UI/SelectPanel.prefab","f136c6eca688bbb47b2352f8cd9aa46c","Assets/TextMesh Pro/Shaders/TMP_SDF-Mobile.shader","fe393ace9b354375a9cb14cdbbc28be4","Transitive","ClientPresentation",
"Assets/Resources/Prefab/UI/SelectPanel.prefab","f136c6eca688bbb47b2352f8cd9aa46c","Packages/com.unity.textmeshpro/Editor Resources/Gizmos/TMP - Font Asset Icon.psd","ee148e281f3c41c5b4ff5f8a5afe5a6c","Transitive","ThirdParty",
"Assets/Resources/Prefab/UI/SelectPanel.prefab","f136c6eca688bbb47b2352f8cd9aa46c","Packages/com.unity.textmeshpro/Editor Resources/Gizmos/TMP - Text Component Icon.psd","2fd6421f253b4ef1a19526541f9ffc0c","Transitive","ThirdParty",
"Assets/Resources/Prefab/UI/SelectPanel.prefab","f136c6eca688bbb47b2352f8cd9aa46c","Packages/com.unity.textmeshpro/Scripts/Runtime/TMP_FontAsset.cs","71c1514a6bd24e1e882cebbe1904ce04","Transitive","ThirdParty",
"Assets/Resources/Prefab/UI/SelectPanel.prefab","f136c6eca688bbb47b2352f8cd9aa46c","Packages/com.unity.textmeshpro/Scripts/Runtime/TextMeshProUGUI.cs","f4688fdb7df04437aeb418b961361dc5","Direct","ThirdParty",
"Assets/Resources/Prefab/UI/SelectPanel.prefab","f136c6eca688bbb47b2352f8cd9aa46c","Packages/com.unity.ugui/Runtime/UI/Core/Button.cs","4e29b1a8efbd4b44bb3f3716e73f07ff","Direct","ThirdParty",
"Assets/Resources/Prefab/UI/SelectPanel.prefab","f136c6eca688bbb47b2352f8cd9aa46c","Packages/com.unity.ugui/Runtime/UI/Core/Image.cs","fe87c0e1cc204ed48ad3b37840f39efc","Direct","ThirdParty",
"Assets/Resources/Prefab/UI/SelectPanel.prefab","f136c6eca688bbb47b2352f8cd9aa46c","Packages/com.unity.ugui/Runtime/UI/Core/Layout/GridLayoutGroup.cs","8a8695521f0d02e499659fee002a26c2","Direct","ThirdParty",
"Assets/Resources/Prefab/UI/SelectPanel.prefab","f136c6eca688bbb47b2352f8cd9aa46c","Packages/com.unity.ugui/Runtime/UI/Core/ScrollRect.cs","1aa08ab6e0800fa44ae55d278d1423e3","Direct","ThirdParty",
"Assets/Resources/Prefab/UI/SelectPanel.prefab","f136c6eca688bbb47b2352f8cd9aa46c","Packages/com.unity.ugui/Runtime/UI/Core/Scrollbar.cs","2a4db7a114972834c8e4117be1d82ba3","Direct","ThirdParty",
"Assets/Resources/Prefab/UI/SelectStatusCell.prefab","d3561f2c75ccd67419c236454e7285ba","Assets/Scripts/LuaBridge/UI/UICell.cs","4e227981d5ada464abba4d883c719dee","Direct","EditorOrCode",
"Assets/Resources/Prefab/UI/SelectStatusCell.prefab","d3561f2c75ccd67419c236454e7285ba","Assets/TextMesh Pro/Fonts/LiberationSans.ttf","e3265ab4bf004d28a9537516768c1c75","Transitive","ClientPresentation",
"Assets/Resources/Prefab/UI/SelectStatusCell.prefab","d3561f2c75ccd67419c236454e7285ba","Assets/TextMesh Pro/Resources/Fonts & Materials/LiberationSans SDF - Fallback.asset","2e498d1c8094910479dc3e1b768306a4","Transitive","Unclassified",
"Assets/Resources/Prefab/UI/SelectStatusCell.prefab","d3561f2c75ccd67419c236454e7285ba","Assets/TextMesh Pro/Resources/Fonts & Materials/LiberationSans SDF.asset","8f586378b4e144a9851e7b34d9b748ee","Direct","Unclassified",
"Assets/Resources/Prefab/UI/SelectStatusCell.prefab","d3561f2c75ccd67419c236454e7285ba","Assets/TextMesh Pro/Shaders/TMP_SDF-Mobile.shader","fe393ace9b354375a9cb14cdbbc28be4","Transitive","ClientPresentation",
"Assets/Resources/Prefab/UI/SelectStatusCell.prefab","d3561f2c75ccd67419c236454e7285ba","Packages/com.unity.textmeshpro/Editor Resources/Gizmos/TMP - Font Asset Icon.psd","ee148e281f3c41c5b4ff5f8a5afe5a6c","Transitive","ThirdParty",
"Assets/Resources/Prefab/UI/SelectStatusCell.prefab","d3561f2c75ccd67419c236454e7285ba","Packages/com.unity.textmeshpro/Editor Resources/Gizmos/TMP - Text Component Icon.psd","2fd6421f253b4ef1a19526541f9ffc0c","Transitive","ThirdParty",
"Assets/Resources/Prefab/UI/SelectStatusCell.prefab","d3561f2c75ccd67419c236454e7285ba","Packages/com.unity.textmeshpro/Scripts/Runtime/TMP_FontAsset.cs","71c1514a6bd24e1e882cebbe1904ce04","Transitive","ThirdParty",
"Assets/Resources/Prefab/UI/SelectStatusCell.prefab","d3561f2c75ccd67419c236454e7285ba","Packages/com.unity.textmeshpro/Scripts/Runtime/TextMeshProUGUI.cs","f4688fdb7df04437aeb418b961361dc5","Direct","ThirdParty",
"Assets/Resources/Prefab/UI/SelectStatusCell.prefab","d3561f2c75ccd67419c236454e7285ba","Packages/com.unity.ugui/Runtime/UI/Core/Image.cs","fe87c0e1cc204ed48ad3b37840f39efc","Direct","ThirdParty",
"Assets/Resources/Prefab/UI/ShopPanel.prefab","f6326b3c5517d044482898ab237f94e4","Assets/Resources/Prefab/UI/EquipmentShopCell.prefab","9e7d0449ef5c0f44b88f3bce81e96577","Direct","ClientPresentation",
"Assets/Resources/Prefab/UI/ShopPanel.prefab","f6326b3c5517d044482898ab237f94e4","Assets/Scripts/Bootstrap/UI/UIPage.cs","0d6e0199e1a9f6a46a8a916152cc9991","Direct","EditorOrCode",
"Assets/Resources/Prefab/UI/ShopPanel.prefab","f6326b3c5517d044482898ab237f94e4","Assets/Scripts/Bootstrap/UI/UIPanel.cs","c05ecf9860c11904d965ae18fb2ced36","Direct","EditorOrCode",
"Assets/Resources/Prefab/UI/ShopPanel.prefab","f6326b3c5517d044482898ab237f94e4","Assets/Scripts/LuaBridge/UI/UICell.cs","4e227981d5ada464abba4d883c719dee","Transitive","EditorOrCode",
"Assets/Resources/Prefab/UI/ShopPanel.prefab","f6326b3c5517d044482898ab237f94e4","Assets/Scripts/LuaBridge/UI/UIList.cs","9cecfe79fa8cc9549a59fbc7b55338a5","Direct","EditorOrCode",
"Assets/Resources/Prefab/UI/ShopPanel.prefab","f6326b3c5517d044482898ab237f94e4","Assets/TextMesh Pro/Fonts/LiberationSans.ttf","e3265ab4bf004d28a9537516768c1c75","Transitive","ClientPresentation",
"Assets/Resources/Prefab/UI/ShopPanel.prefab","f6326b3c5517d044482898ab237f94e4","Assets/TextMesh Pro/Resources/Fonts & Materials/LiberationSans SDF - Fallback.asset","2e498d1c8094910479dc3e1b768306a4","Transitive","Unclassified",
"Assets/Resources/Prefab/UI/ShopPanel.prefab","f6326b3c5517d044482898ab237f94e4","Assets/TextMesh Pro/Resources/Fonts & Materials/LiberationSans SDF.asset","8f586378b4e144a9851e7b34d9b748ee","Direct","Unclassified",
"Assets/Resources/Prefab/UI/ShopPanel.prefab","f6326b3c5517d044482898ab237f94e4","Assets/TextMesh Pro/Shaders/TMP_SDF-Mobile.shader","fe393ace9b354375a9cb14cdbbc28be4","Transitive","ClientPresentation",
"Assets/Resources/Prefab/UI/ShopPanel.prefab","f6326b3c5517d044482898ab237f94e4","Packages/com.unity.textmeshpro/Editor Resources/Gizmos/TMP - Font Asset Icon.psd","ee148e281f3c41c5b4ff5f8a5afe5a6c","Transitive","ThirdParty",
"Assets/Resources/Prefab/UI/ShopPanel.prefab","f6326b3c5517d044482898ab237f94e4","Packages/com.unity.textmeshpro/Editor Resources/Gizmos/TMP - Text Component Icon.psd","2fd6421f253b4ef1a19526541f9ffc0c","Transitive","ThirdParty",
"Assets/Resources/Prefab/UI/ShopPanel.prefab","f6326b3c5517d044482898ab237f94e4","Packages/com.unity.textmeshpro/Scripts/Runtime/TMP_FontAsset.cs","71c1514a6bd24e1e882cebbe1904ce04","Transitive","ThirdParty",
"Assets/Resources/Prefab/UI/ShopPanel.prefab","f6326b3c5517d044482898ab237f94e4","Packages/com.unity.textmeshpro/Scripts/Runtime/TextMeshProUGUI.cs","f4688fdb7df04437aeb418b961361dc5","Direct","ThirdParty",
"Assets/Resources/Prefab/UI/ShopPanel.prefab","f6326b3c5517d044482898ab237f94e4","Packages/com.unity.ugui/Runtime/UI/Core/Button.cs","4e29b1a8efbd4b44bb3f3716e73f07ff","Direct","ThirdParty",
"Assets/Resources/Prefab/UI/ShopPanel.prefab","f6326b3c5517d044482898ab237f94e4","Packages/com.unity.ugui/Runtime/UI/Core/Image.cs","fe87c0e1cc204ed48ad3b37840f39efc","Direct","ThirdParty",
"Assets/Resources/Prefab/UI/ShopPanel.prefab","f6326b3c5517d044482898ab237f94e4","Packages/com.unity.ugui/Runtime/UI/Core/Layout/GridLayoutGroup.cs","8a8695521f0d02e499659fee002a26c2","Direct","ThirdParty",
"Assets/Resources/Prefab/UI/ShopPanel.prefab","f6326b3c5517d044482898ab237f94e4","Packages/com.unity.ugui/Runtime/UI/Core/Mask.cs","31a19414c41e5ae4aae2af33fee712f6","Direct","ThirdParty",
"Assets/Resources/Prefab/UI/ShopPanel.prefab","f6326b3c5517d044482898ab237f94e4","Packages/com.unity.ugui/Runtime/UI/Core/ScrollRect.cs","1aa08ab6e0800fa44ae55d278d1423e3","Direct","ThirdParty",
"Assets/Resources/Prefab/UI/ShopPanel.prefab","f6326b3c5517d044482898ab237f94e4","Packages/com.unity.ugui/Runtime/UI/Core/Scrollbar.cs","2a4db7a114972834c8e4117be1d82ba3","Direct","ThirdParty",
"Assets/Resources/Prefab/UI/UIManager.prefab","8a91ee0be144b914592a46e74cfcb3b7","Assets/Art/Background/加载页面背景图.jpg","4311bbeaf94e7b84b9261f2a78aca129","Transitive","ClientPresentation",
"Assets/Resources/Prefab/UI/UIManager.prefab","8a91ee0be144b914592a46e74cfcb3b7","Assets/Art/Background/选英雄界面背景图.jpg","6412ab6e53ff465479bc71e42b92f8db","Transitive","ClientPresentation",
"Assets/Resources/Prefab/UI/UIManager.prefab","8a91ee0be144b914592a46e74cfcb3b7","Assets/Art/Icon/Ability/Aatrox/AatroxE.png","237800e8fddf3e54bb1bf43e3e96ff5b","Transitive","ClientPresentation",
"Assets/Resources/Prefab/UI/UIManager.prefab","8a91ee0be144b914592a46e74cfcb3b7","Assets/Art/Icon/Ability/Aatrox/AatroxQ1.png","e894b675c21081c48870a9a7933c7439","Transitive","ClientPresentation",
"Assets/Resources/Prefab/UI/UIManager.prefab","8a91ee0be144b914592a46e74cfcb3b7","Assets/Art/Icon/Ability/Aatrox/AatroxR.png","530bdb7b178dc224e98d3a27461805f2","Transitive","ClientPresentation",
"Assets/Resources/Prefab/UI/UIManager.prefab","8a91ee0be144b914592a46e74cfcb3b7","Assets/Art/Icon/Ability/Aatrox/AatroxW.png","804f3e1b015d3c445af822036f4058ba","Transitive","ClientPresentation",
"Assets/Resources/Prefab/UI/UIManager.prefab","8a91ee0be144b914592a46e74cfcb3b7","Assets/Art/Icon/Ability/Aatrox/Aatrox_Passive.png","35a40a65df8df004eb47015ccda2a0c2","Transitive","ClientPresentation",
"Assets/Resources/Prefab/UI/UIManager.prefab","8a91ee0be144b914592a46e74cfcb3b7","Assets/Art/Icon/Buff/Line.png","949653ffb178cfc47922f9ad258f4817","Transitive","ClientPresentation",
"Assets/Resources/Prefab/UI/UIManager.prefab","8a91ee0be144b914592a46e74cfcb3b7","Assets/Art/Icon/Hero/Aatrox.png","05cc6a8fbb52ed246b0f3b4720325ef1","Transitive","ClientPresentation",
"Assets/Resources/Prefab/UI/UIManager.prefab","8a91ee0be144b914592a46e74cfcb3b7","Assets/Art/Icon/UI/全能吸血.png","6a9efdc0adf23c0498fc8c2ee1138b0d","Transitive","ClientPresentation",
"Assets/Resources/Prefab/UI/UIManager.prefab","8a91ee0be144b914592a46e74cfcb3b7","Assets/Art/Icon/UI/固定法术穿透和百分比法术穿透.png","14e7c326c9c01de4c82a6a1f7f6bd5ad","Transitive","ClientPresentation",
"Assets/Resources/Prefab/UI/UIManager.prefab","8a91ee0be144b914592a46e74cfcb3b7","Assets/Art/Icon/UI/固定物理穿透和百分比物理穿透.png","46e35f47ae934ea4587ba6502f55c460","Transitive","ClientPresentation",
"Assets/Resources/Prefab/UI/UIManager.prefab","8a91ee0be144b914592a46e74cfcb3b7","Assets/Art/Icon/UI/失败图标.png","2ef5e00e9782d084d8810c3aa00cf025","Transitive","ClientPresentation",
"Assets/Resources/Prefab/UI/UIManager.prefab","8a91ee0be144b914592a46e74cfcb3b7","Assets/Art/Icon/UI/技能升级图标.jpg","5865398bb8a097446b6206f760b9dc07","Transitive","ClientPresentation",
"Assets/Resources/Prefab/UI/UIManager.prefab","8a91ee0be144b914592a46e74cfcb3b7","Assets/Art/Icon/UI/技能急速图标.jpg","c6d3034b17922d24abdf23161caf3e24","Transitive","ClientPresentation",
"Assets/Resources/Prefab/UI/UIManager.prefab","8a91ee0be144b914592a46e74cfcb3b7","Assets/Art/Icon/UI/攻击力图标.jpg","527f2c84fd456354e9210993b2c12bf6","Transitive","ClientPresentation",
"Assets/Resources/Prefab/UI/UIManager.prefab","8a91ee0be144b914592a46e74cfcb3b7","Assets/Art/Icon/UI/攻击距离.png","057fbaa7e8bfa64488f761f83357d368","Transitive","ClientPresentation",
"Assets/Resources/Prefab/UI/UIManager.prefab","8a91ee0be144b914592a46e74cfcb3b7","Assets/Art/Icon/UI/攻速图标.jpg","b0be904057004404186a885b687398c8","Transitive","ClientPresentation",
"Assets/Resources/Prefab/UI/UIManager.prefab","8a91ee0be144b914592a46e74cfcb3b7","Assets/Art/Icon/UI/暴击率图标.jpg","56e01705cbfa9fe449b4130a2b4f25d2","Transitive","ClientPresentation",
"Assets/Resources/Prefab/UI/UIManager.prefab","8a91ee0be144b914592a46e74cfcb3b7","Assets/Art/Icon/UI/治疗与护盾强度.png","b8b5218ffb7747346b01f009fa4477ad","Transitive","ClientPresentation",
"Assets/Resources/Prefab/UI/UIManager.prefab","8a91ee0be144b914592a46e74cfcb3b7","Assets/Art/Icon/UI/法强图标.jpg","d097ae3c74b6fd846881459eb176a5b6","Transitive","ClientPresentation",
"Assets/Resources/Prefab/UI/UIManager.prefab","8a91ee0be144b914592a46e74cfcb3b7","Assets/Art/Icon/UI/法防图标.jpg","795fd4fb656f1014ea9f255d7b243822","Transitive","ClientPresentation",
"Assets/Resources/Prefab/UI/UIManager.prefab","8a91ee0be144b914592a46e74cfcb3b7","Assets/Art/Icon/UI/物防图标.jpg","d7f27d808d003e343ad59a08fdd5cef1","Transitive","ClientPresentation",
"Assets/Resources/Prefab/UI/UIManager.prefab","8a91ee0be144b914592a46e74cfcb3b7","Assets/Art/Icon/UI/生命值和施法资源的自然回复.png","e0c16ec4de9fdd94b98414b9cada3451","Transitive","ClientPresentation",
"Assets/Resources/Prefab/UI/UIManager.prefab","8a91ee0be144b914592a46e74cfcb3b7","Assets/Art/Icon/UI/生命窃取.png","089152850703a344a8957a5c818f907e","Transitive","ClientPresentation",
"Assets/Resources/Prefab/UI/UIManager.prefab","8a91ee0be144b914592a46e74cfcb3b7","Assets/Art/Icon/UI/移速图标.jpg","07e1bdd060eb3f34eac9010901a5c991","Transitive","ClientPresentation",
"Assets/Resources/Prefab/UI/UIManager.prefab","8a91ee0be144b914592a46e74cfcb3b7","Assets/Art/Icon/UI/空槽位.png","0bf253963fd01f64785838cc35423a5c","Transitive","ClientPresentation",
"Assets/Resources/Prefab/UI/UIManager.prefab","8a91ee0be144b914592a46e74cfcb3b7","Assets/Art/Icon/UI/胜利图标.png","b6403d0fd42a7a94483b2f09042b10cb","Transitive","ClientPresentation",
"Assets/Resources/Prefab/UI/UIManager.prefab","8a91ee0be144b914592a46e74cfcb3b7","Assets/Art/Icon/UI/补刀数图标.png","3dab0bc5f1aa9ea4084233a5ebd8d334","Transitive","ClientPresentation",
"Assets/Resources/Prefab/UI/UIManager.prefab","8a91ee0be144b914592a46e74cfcb3b7","Assets/Art/Icon/UI/韧性.png","607c079e98ee7b74e82740bdaab04a6e","Transitive","ClientPresentation",
"Assets/Resources/Prefab/UI/UIManager.prefab","8a91ee0be144b914592a46e74cfcb3b7","Assets/Input/PlayerInputActions.inputactions","d6e31e9846ced6441a31f8048ed616b1","Direct","Unclassified",
"Assets/Resources/Prefab/UI/UIManager.prefab","8a91ee0be144b914592a46e74cfcb3b7","Assets/Resources/MiniMap.renderTexture","5c8eb660ca333594ba8244241934c731","Transitive","ClientPresentation",
"Assets/Resources/Prefab/UI/UIManager.prefab","8a91ee0be144b914592a46e74cfcb3b7","Assets/Resources/Prefab/UI/BuffCell.prefab","1595ba941c4166642ad4be01079c4b34","Transitive","ClientPresentation",
"Assets/Resources/Prefab/UI/UIManager.prefab","8a91ee0be144b914592a46e74cfcb3b7","Assets/Resources/Prefab/UI/EquipmentShopCell.prefab","9e7d0449ef5c0f44b88f3bce81e96577","Transitive","ClientPresentation",
"Assets/Resources/Prefab/UI/UIManager.prefab","8a91ee0be144b914592a46e74cfcb3b7","Assets/Resources/Prefab/UI/GameplayHUD.prefab","b637d479f68badc489446b271d694dfa","Direct","ClientPresentation",
"Assets/Resources/Prefab/UI/UIManager.prefab","8a91ee0be144b914592a46e74cfcb3b7","Assets/Resources/Prefab/UI/HeroSelectCell.prefab","3d6683edf94b12341b13f96fd06042e9","Transitive","ClientPresentation",
"Assets/Resources/Prefab/UI/UIManager.prefab","8a91ee0be144b914592a46e74cfcb3b7","Assets/Resources/Prefab/UI/LoadingPanel.prefab","1287340434f773848bf6401e52eec82a","Direct","ClientPresentation",
"Assets/Resources/Prefab/UI/UIManager.prefab","8a91ee0be144b914592a46e74cfcb3b7","Assets/Resources/Prefab/UI/MainPanel.prefab","1319619673170934ab3268ef9a7a05f0","Direct","ClientPresentation",
"Assets/Resources/Prefab/UI/UIManager.prefab","8a91ee0be144b914592a46e74cfcb3b7","Assets/Resources/Prefab/UI/MatchPanel.prefab","bb54c64933efdf945bfe559b3d3cc274","Direct","ClientPresentation",
"Assets/Resources/Prefab/UI/UIManager.prefab","8a91ee0be144b914592a46e74cfcb3b7","Assets/Resources/Prefab/UI/ResultPanel.prefab","6000fd8d8ec9a4b4ea1604e4a30254ec","Direct","ClientPresentation",
"Assets/Resources/Prefab/UI/UIManager.prefab","8a91ee0be144b914592a46e74cfcb3b7","Assets/Resources/Prefab/UI/SelectPanel.prefab","f136c6eca688bbb47b2352f8cd9aa46c","Direct","ClientPresentation",
"Assets/Resources/Prefab/UI/UIManager.prefab","8a91ee0be144b914592a46e74cfcb3b7","Assets/Resources/Prefab/UI/SelectStatusCell.prefab","d3561f2c75ccd67419c236454e7285ba","Transitive","ClientPresentation",
"Assets/Resources/Prefab/UI/UIManager.prefab","8a91ee0be144b914592a46e74cfcb3b7","Assets/Resources/Prefab/UI/ShopPanel.prefab","f6326b3c5517d044482898ab237f94e4","Direct","ClientPresentation",
"Assets/Resources/Prefab/UI/UIManager.prefab","8a91ee0be144b914592a46e74cfcb3b7","Assets/Scripts/Bootstrap/MinimapController.cs","6338715031770634cbf228a8578557ea","Transitive","EditorOrCode",
"Assets/Resources/Prefab/UI/UIManager.prefab","8a91ee0be144b914592a46e74cfcb3b7","Assets/Scripts/Bootstrap/UI/UIManager.cs","f548a9380ab1f784badfec9356044ded","Direct","EditorOrCode",
"Assets/Resources/Prefab/UI/UIManager.prefab","8a91ee0be144b914592a46e74cfcb3b7","Assets/Scripts/Bootstrap/UI/UIPage.cs","0d6e0199e1a9f6a46a8a916152cc9991","Transitive","EditorOrCode",
"Assets/Resources/Prefab/UI/UIManager.prefab","8a91ee0be144b914592a46e74cfcb3b7","Assets/Scripts/Bootstrap/UI/UIPageOpenButton.cs","51c3d7ff7eeef2d4a8cd15566db4e5f5","Transitive","EditorOrCode",
"Assets/Resources/Prefab/UI/UIManager.prefab","8a91ee0be144b914592a46e74cfcb3b7","Assets/Scripts/Bootstrap/UI/UIPanel.cs","c05ecf9860c11904d965ae18fb2ced36","Transitive","EditorOrCode",
"Assets/Resources/Prefab/UI/UIManager.prefab","8a91ee0be144b914592a46e74cfcb3b7","Assets/Scripts/LuaBridge/LuaBridge.cs","f4884600216dc7b449daa0a0bebe0cf6","Direct","EditorOrCode",
"Assets/Resources/Prefab/UI/UIManager.prefab","8a91ee0be144b914592a46e74cfcb3b7","Assets/Scripts/LuaBridge/UI/UICell.cs","4e227981d5ada464abba4d883c719dee","Transitive","EditorOrCode",
"Assets/Resources/Prefab/UI/UIManager.prefab","8a91ee0be144b914592a46e74cfcb3b7","Assets/Scripts/LuaBridge/UI/UIList.cs","9cecfe79fa8cc9549a59fbc7b55338a5","Transitive","EditorOrCode",
"Assets/Resources/Prefab/UI/UIManager.prefab","8a91ee0be144b914592a46e74cfcb3b7","Assets/TextMesh Pro/Fonts/LiberationSans.ttf","e3265ab4bf004d28a9537516768c1c75","Transitive","ClientPresentation",
"Assets/Resources/Prefab/UI/UIManager.prefab","8a91ee0be144b914592a46e74cfcb3b7","Assets/TextMesh Pro/Resources/Fonts & Materials/LiberationSans SDF - Fallback.asset","2e498d1c8094910479dc3e1b768306a4","Transitive","Unclassified",
"Assets/Resources/Prefab/UI/UIManager.prefab","8a91ee0be144b914592a46e74cfcb3b7","Assets/TextMesh Pro/Resources/Fonts & Materials/LiberationSans SDF.asset","8f586378b4e144a9851e7b34d9b748ee","Transitive","Unclassified",
"Assets/Resources/Prefab/UI/UIManager.prefab","8a91ee0be144b914592a46e74cfcb3b7","Assets/TextMesh Pro/Shaders/TMP_SDF-Mobile.shader","fe393ace9b354375a9cb14cdbbc28be4","Transitive","ClientPresentation",
"Assets/Resources/Prefab/UI/UIManager.prefab","8a91ee0be144b914592a46e74cfcb3b7","Packages/com.unity.inputsystem/InputSystem/Actions/InputActionAsset.cs","39fa3d8997a24136984ca6e2c99902bc","Transitive","ThirdParty",
"Assets/Resources/Prefab/UI/UIManager.prefab","8a91ee0be144b914592a46e74cfcb3b7","Packages/com.unity.inputsystem/InputSystem/Actions/InputActionReference.cs","fc1515ab76e54f068e2f2207940fab32","Transitive","ThirdParty",
"Assets/Resources/Prefab/UI/UIManager.prefab","8a91ee0be144b914592a46e74cfcb3b7","Packages/com.unity.inputsystem/InputSystem/Editor/AssetImporter/InputActionImporter.cs","8404be70184654265930450def6a9037","Transitive","ThirdParty",
"Assets/Resources/Prefab/UI/UIManager.prefab","8a91ee0be144b914592a46e74cfcb3b7","Packages/com.unity.inputsystem/InputSystem/Editor/Icons/InputSystemUIInputModule@64.png","3028dc075ba8c584d9bc7d1e0255e038","Transitive","ThirdParty",
"Assets/Resources/Prefab/UI/UIManager.prefab","8a91ee0be144b914592a46e74cfcb3b7","Packages/com.unity.inputsystem/InputSystem/Plugins/UI/InputSystemUIInputModule.cs","01614664b831546d2ae94a42149d80ac","Direct","ThirdParty",
"Assets/Resources/Prefab/UI/UIManager.prefab","8a91ee0be144b914592a46e74cfcb3b7","Packages/com.unity.textmeshpro/Editor Resources/Gizmos/TMP - Font Asset Icon.psd","ee148e281f3c41c5b4ff5f8a5afe5a6c","Transitive","ThirdParty",
"Assets/Resources/Prefab/UI/UIManager.prefab","8a91ee0be144b914592a46e74cfcb3b7","Packages/com.unity.textmeshpro/Editor Resources/Gizmos/TMP - Text Component Icon.psd","2fd6421f253b4ef1a19526541f9ffc0c","Transitive","ThirdParty",
"Assets/Resources/Prefab/UI/UIManager.prefab","8a91ee0be144b914592a46e74cfcb3b7","Packages/com.unity.textmeshpro/Scripts/Runtime/TMP_FontAsset.cs","71c1514a6bd24e1e882cebbe1904ce04","Transitive","ThirdParty",
"Assets/Resources/Prefab/UI/UIManager.prefab","8a91ee0be144b914592a46e74cfcb3b7","Packages/com.unity.textmeshpro/Scripts/Runtime/TextMeshProUGUI.cs","f4688fdb7df04437aeb418b961361dc5","Transitive","ThirdParty",
"Assets/Resources/Prefab/UI/UIManager.prefab","8a91ee0be144b914592a46e74cfcb3b7","Packages/com.unity.ugui/Runtime/EventSystem/EventSystem.cs","76c392e42b5098c458856cdf6ecaaaa1","Direct","ThirdParty",
"Assets/Resources/Prefab/UI/UIManager.prefab","8a91ee0be144b914592a46e74cfcb3b7","Packages/com.unity.ugui/Runtime/UI/Core/Button.cs","4e29b1a8efbd4b44bb3f3716e73f07ff","Transitive","ThirdParty",
"Assets/Resources/Prefab/UI/UIManager.prefab","8a91ee0be144b914592a46e74cfcb3b7","Packages/com.unity.ugui/Runtime/UI/Core/GraphicRaycaster.cs","dc42784cf147c0c48a680349fa168899","Direct","ThirdParty",
"Assets/Resources/Prefab/UI/UIManager.prefab","8a91ee0be144b914592a46e74cfcb3b7","Packages/com.unity.ugui/Runtime/UI/Core/Image.cs","fe87c0e1cc204ed48ad3b37840f39efc","Transitive","ThirdParty",
"Assets/Resources/Prefab/UI/UIManager.prefab","8a91ee0be144b914592a46e74cfcb3b7","Packages/com.unity.ugui/Runtime/UI/Core/Layout/CanvasScaler.cs","0cd44c1031e13a943bb63640046fad76","Direct","ThirdParty",
"Assets/Resources/Prefab/UI/UIManager.prefab","8a91ee0be144b914592a46e74cfcb3b7","Packages/com.unity.ugui/Runtime/UI/Core/Layout/GridLayoutGroup.cs","8a8695521f0d02e499659fee002a26c2","Transitive","ThirdParty",
"Assets/Resources/Prefab/UI/UIManager.prefab","8a91ee0be144b914592a46e74cfcb3b7","Packages/com.unity.ugui/Runtime/UI/Core/Mask.cs","31a19414c41e5ae4aae2af33fee712f6","Transitive","ThirdParty",
"Assets/Resources/Prefab/UI/UIManager.prefab","8a91ee0be144b914592a46e74cfcb3b7","Packages/com.unity.ugui/Runtime/UI/Core/RawImage.cs","1344c3c82d62a2a41a3576d8abb8e3ea","Transitive","ThirdParty",
"Assets/Resources/Prefab/UI/UIManager.prefab","8a91ee0be144b914592a46e74cfcb3b7","Packages/com.unity.ugui/Runtime/UI/Core/ScrollRect.cs","1aa08ab6e0800fa44ae55d278d1423e3","Transitive","ThirdParty",
"Assets/Resources/Prefab/UI/UIManager.prefab","8a91ee0be144b914592a46e74cfcb3b7","Packages/com.unity.ugui/Runtime/UI/Core/Scrollbar.cs","2a4db7a114972834c8e4117be1d82ba3","Transitive","ThirdParty",
"Assets/Resources/Prefab/UI/UIManager.prefab","8a91ee0be144b914592a46e74cfcb3b7","Packages/com.unity.ugui/Runtime/UI/Core/Slider.cs","67db9e8f0e2ae9c40bc1e2b64352a6b4","Transitive","ThirdParty",
"Assets/Resources/Prefab/Unit/AatroxHeroRuntime.prefab","e7b912ff51273d94aa44a93069b84017","Assets/Art/Icon/Ability/Aatrox/AatroxQ1.png","e894b675c21081c48870a9a7933c7439","Transitive","ClientPresentation",
"Assets/Resources/Prefab/Unit/AatroxHeroRuntime.prefab","e7b912ff51273d94aa44a93069b84017","Assets/Art/Icon/Ability/Aatrox/AatroxQ2.png","00e9e3466d875504dacc31d33410c22a","Transitive","ClientPresentation",
"Assets/Resources/Prefab/Unit/AatroxHeroRuntime.prefab","e7b912ff51273d94aa44a93069b84017","Assets/Art/Icon/Ability/Aatrox/AatroxQ3.png","6b760e2beac14724da8a55d9ff3ecd64","Transitive","ClientPresentation",
"Assets/Resources/Prefab/Unit/AatroxHeroRuntime.prefab","e7b912ff51273d94aa44a93069b84017","Assets/Art/Model/暗裔剑魔.glb","685c437926c856740894fdf207975bb1","Direct","ClientPresentation",
"Assets/Resources/Prefab/Unit/AatroxHeroRuntime.prefab","e7b912ff51273d94aa44a93069b84017","Assets/Config/Formal/Abilities/Aatrox/AatroxAbilityLoadout.asset","8fbc76321103fb247bd648e41ad357f7","Direct","SharedConfig",
"Assets/Resources/Prefab/Unit/AatroxHeroRuntime.prefab","e7b912ff51273d94aa44a93069b84017","Assets/Config/Formal/Abilities/Aatrox/AatroxQ.asset","068666dd3d20a5f489558bcc4a192c7e","Direct","SharedConfig",
"Assets/Resources/Prefab/Unit/AatroxHeroRuntime.prefab","e7b912ff51273d94aa44a93069b84017","Assets/Config/Formal/Animation/AatroxAnimationProfile.asset","eaec47e1763f63a45809fd1c3d29ca8e","Direct","SharedConfig",
"Assets/Resources/Prefab/Unit/AatroxHeroRuntime.prefab","e7b912ff51273d94aa44a93069b84017","Assets/Config/Formal/UnitOutlineRim.mat","864a3b4ca3d42f44484fae1ef521e889","Direct","ClientPresentation",
"Assets/Resources/Prefab/Unit/AatroxHeroRuntime.prefab","e7b912ff51273d94aa44a93069b84017","Assets/Resources/Animation/Aatrox/AatroxAnimator.controller","d090724705de58f42bfa939f13959d54","Direct","ClientPresentation",
"Assets/Resources/Prefab/Unit/AatroxHeroRuntime.prefab","e7b912ff51273d94aa44a93069b84017","Assets/Resources/Animation/Aatrox/AatroxAttack1.anim","12e8ff2fc426e7349bbe8b01bcd623fa","Transitive","ClientPresentation",
"Assets/Resources/Prefab/Unit/AatroxHeroRuntime.prefab","e7b912ff51273d94aa44a93069b84017","Assets/Resources/Animation/Aatrox/AatroxAttack1_ULT.anim","50fe63f7d202f934091bf07b5585b558","Transitive","ClientPresentation",
"Assets/Resources/Prefab/Unit/AatroxHeroRuntime.prefab","e7b912ff51273d94aa44a93069b84017","Assets/Resources/Animation/Aatrox/AatroxAttack2.anim","8f774a9762de4fc4688a4b4aa3a8dba0","Transitive","ClientPresentation",
"Assets/Resources/Prefab/Unit/AatroxHeroRuntime.prefab","e7b912ff51273d94aa44a93069b84017","Assets/Resources/Animation/Aatrox/AatroxAttack2_ULT.anim","e1d18de90d26ce44f8088bedab4fcff2","Transitive","ClientPresentation",
"Assets/Resources/Prefab/Unit/AatroxHeroRuntime.prefab","e7b912ff51273d94aa44a93069b84017","Assets/Resources/Animation/Aatrox/AatroxAttack_Passive.anim","2f849e9442d822f47a3870574c4a6f04","Transitive","ClientPresentation",
"Assets/Resources/Prefab/Unit/AatroxHeroRuntime.prefab","e7b912ff51273d94aa44a93069b84017","Assets/Resources/Animation/Aatrox/AatroxAttack_Passive_ULT.anim","cb8af5fafd460494bb531c784d655771","Transitive","ClientPresentation",
"Assets/Resources/Prefab/Unit/AatroxHeroRuntime.prefab","e7b912ff51273d94aa44a93069b84017","Assets/Resources/Animation/Aatrox/AatroxDash.anim","62c340cc1d351fd448767528cd7b18aa","Transitive","ClientPresentation",
"Assets/Resources/Prefab/Unit/AatroxHeroRuntime.prefab","e7b912ff51273d94aa44a93069b84017","Assets/Resources/Animation/Aatrox/AatroxDash_Passive.anim","e77537776c85e054a9d8b5d82ba02afd","Transitive","ClientPresentation",
"Assets/Resources/Prefab/Unit/AatroxHeroRuntime.prefab","e7b912ff51273d94aa44a93069b84017","Assets/Resources/Animation/Aatrox/AatroxDash_ULT.anim","00254f01ef82f4944b2f557e85a4bcd9","Transitive","ClientPresentation",
"Assets/Resources/Prefab/Unit/AatroxHeroRuntime.prefab","e7b912ff51273d94aa44a93069b84017","Assets/Resources/Animation/Aatrox/AatroxDeath.anim","41acb76393344ac4a89b13a8fe2de2ae","Transitive","ClientPresentation",
"Assets/Resources/Prefab/Unit/AatroxHeroRuntime.prefab","e7b912ff51273d94aa44a93069b84017","Assets/Resources/Animation/Aatrox/AatroxIdle.anim","f9323091a2488f34799ca56e363d19a1","Transitive","ClientPresentation",
"Assets/Resources/Prefab/Unit/AatroxHeroRuntime.prefab","e7b912ff51273d94aa44a93069b84017","Assets/Resources/Animation/Aatrox/AatroxIdle_Passive.anim","c5885abca03bcb046939b45b012f6cc3","Transitive","ClientPresentation",
"Assets/Resources/Prefab/Unit/AatroxHeroRuntime.prefab","e7b912ff51273d94aa44a93069b84017","Assets/Resources/Animation/Aatrox/AatroxIdle_ULT.anim","7f8156845366f334b9e11e5f019de16b","Transitive","ClientPresentation",
"Assets/Resources/Prefab/Unit/AatroxHeroRuntime.prefab","e7b912ff51273d94aa44a93069b84017","Assets/Resources/Animation/Aatrox/AatroxQ1.anim","b158f602146c5c343b09ea6a99ad1a0b","Transitive","ClientPresentation",
"Assets/Resources/Prefab/Unit/AatroxHeroRuntime.prefab","e7b912ff51273d94aa44a93069b84017","Assets/Resources/Animation/Aatrox/AatroxQ1_ULT.anim","9436315b9f0aab44eb88add8256eacea","Transitive","ClientPresentation",
"Assets/Resources/Prefab/Unit/AatroxHeroRuntime.prefab","e7b912ff51273d94aa44a93069b84017","Assets/Resources/Animation/Aatrox/AatroxQ2.anim","9dd0d0d373c5998438bbf729f578ffeb","Transitive","ClientPresentation",
"Assets/Resources/Prefab/Unit/AatroxHeroRuntime.prefab","e7b912ff51273d94aa44a93069b84017","Assets/Resources/Animation/Aatrox/AatroxQ2_ULT.anim","0f3454a5803ba43438dc565f38c1ae2b","Transitive","ClientPresentation",
"Assets/Resources/Prefab/Unit/AatroxHeroRuntime.prefab","e7b912ff51273d94aa44a93069b84017","Assets/Resources/Animation/Aatrox/AatroxQ3.anim","e23aedc8a42711644b6152f30efd7145","Transitive","ClientPresentation",
"Assets/Resources/Prefab/Unit/AatroxHeroRuntime.prefab","e7b912ff51273d94aa44a93069b84017","Assets/Resources/Animation/Aatrox/AatroxQ3_ULT.anim","0f4a407080caf764289170dca5b7e07e","Transitive","ClientPresentation",
"Assets/Resources/Prefab/Unit/AatroxHeroRuntime.prefab","e7b912ff51273d94aa44a93069b84017","Assets/Resources/Animation/Aatrox/AatroxSpellR.anim","d854f4c196f0acd46b56d5e28d614568","Transitive","ClientPresentation",
"Assets/Resources/Prefab/Unit/AatroxHeroRuntime.prefab","e7b912ff51273d94aa44a93069b84017","Assets/Resources/Animation/Aatrox/AatroxSpellW.anim","0cece2fc29ce15848b3f8179dff77dd2","Transitive","ClientPresentation",
"Assets/Resources/Prefab/Unit/AatroxHeroRuntime.prefab","e7b912ff51273d94aa44a93069b84017","Assets/Resources/Animation/Aatrox/AatroxSpellW_ULT.anim","3255706c8bc0cbb49b66da53ce53b4be","Transitive","ClientPresentation",
"Assets/Resources/Prefab/Unit/AatroxHeroRuntime.prefab","e7b912ff51273d94aa44a93069b84017","Assets/Resources/Animation/Aatrox/AatroxULTOut.anim","084921aef66c5414f9e631cdcc704f86","Transitive","ClientPresentation",
"Assets/Resources/Prefab/Unit/AatroxHeroRuntime.prefab","e7b912ff51273d94aa44a93069b84017","Assets/Resources/Animation/Aatrox/AatroxWalk.anim","8f6f603150ba43f428a896ae1d76c40e","Transitive","ClientPresentation",
"Assets/Resources/Prefab/Unit/AatroxHeroRuntime.prefab","e7b912ff51273d94aa44a93069b84017","Assets/Resources/Animation/Aatrox/AatroxWalk_Passive.anim","fb0fba21833fd2e428bd8287764bc5af","Transitive","ClientPresentation",
"Assets/Resources/Prefab/Unit/AatroxHeroRuntime.prefab","e7b912ff51273d94aa44a93069b84017","Assets/Resources/Animation/Aatrox/AatroxWalk_ULT.anim","b56520861af749c48ac057f92a1c2b5e","Transitive","ClientPresentation",
"Assets/Resources/Prefab/Unit/AatroxHeroRuntime.prefab","e7b912ff51273d94aa44a93069b84017","Assets/Resources/Material/亚托克斯通用材质.mat","3d347c0be0047484681175b0a46733ce","Transitive","ClientPresentation",
"Assets/Resources/Prefab/Unit/AatroxHeroRuntime.prefab","e7b912ff51273d94aa44a93069b84017","Assets/Resources/Prefab/Missle/InfernalChainsArea.prefab","3561a9ede028f4741a955188d8b48b97","Direct","Unclassified",
"Assets/Resources/Prefab/Unit/AatroxHeroRuntime.prefab","e7b912ff51273d94aa44a93069b84017","Assets/Scripts/Bootstrap/ClientUnitOutline.cs","e27fb308c093d80429c4af615daf7055","Direct","EditorOrCode",
"Assets/Resources/Prefab/Unit/AatroxHeroRuntime.prefab","e7b912ff51273d94aa44a93069b84017","Assets/Scripts/FrameSync/BuffDrivenBoneVisibility.cs","324c940c39f36834eaab67a7a73936d5","Direct","EditorOrCode",
"Assets/Resources/Prefab/Unit/AatroxHeroRuntime.prefab","e7b912ff51273d94aa44a93069b84017","Assets/Scripts/FrameSync/PresentationSocketSet.cs","a7c8b8e0d56dd714c96ff5e67047c8f0","Direct","EditorOrCode",
"Assets/Resources/Prefab/Unit/AatroxHeroRuntime.prefab","e7b912ff51273d94aa44a93069b84017","Assets/Scripts/FrameSync/UnitAnimationDriver.cs","377bfec80d767444382fe67b6c4c5b38","Direct","EditorOrCode",
"Assets/Resources/Prefab/Unit/AatroxHeroRuntime.prefab","e7b912ff51273d94aa44a93069b84017","Assets/Scripts/FrameSync/UnitPresentationHost.cs","94939c62f8549054d9238b3896698fe4","Direct","EditorOrCode",
"Assets/Resources/Prefab/Unit/AatroxHeroRuntime.prefab","e7b912ff51273d94aa44a93069b84017","Assets/Scripts/Gameplay/Ability/AatroxAbilityZoneAuthoringGizmo.cs","6da65dcc93f367e499b7695a3ab97ffb","Direct","EditorOrCode",
"Assets/Resources/Prefab/Unit/AatroxHeroRuntime.prefab","e7b912ff51273d94aa44a93069b84017","Assets/Scripts/Gameplay/Ability/AbilityAsset.cs","c1ffb938a26d10b46b88354c8e8aeb8a","Transitive","EditorOrCode",
"Assets/Resources/Prefab/Unit/AatroxHeroRuntime.prefab","e7b912ff51273d94aa44a93069b84017","Assets/Scripts/Gameplay/Ability/AbilityHandler.cs","4f79abb261c1b3b4bb423e8924a50d88","Direct","EditorOrCode",
"Assets/Resources/Prefab/Unit/AatroxHeroRuntime.prefab","e7b912ff51273d94aa44a93069b84017","Assets/Scripts/Gameplay/Ability/AbilityLoadoutAsset.cs","d777bfd7214aa684283d480f804d60ed","Transitive","EditorOrCode",
"Assets/Resources/Prefab/Unit/AatroxHeroRuntime.prefab","e7b912ff51273d94aa44a93069b84017","Assets/Scripts/Gameplay/Attack/AttackHandler.cs","11536609f17ade44196b69b7297fbadf","Direct","EditorOrCode",
"Assets/Resources/Prefab/Unit/AatroxHeroRuntime.prefab","e7b912ff51273d94aa44a93069b84017","Assets/Scripts/Gameplay/Buff/BuffHandler.cs","75af4f65fc14b0e47a13cf0f26e0fb62","Direct","EditorOrCode",
"Assets/Resources/Prefab/Unit/AatroxHeroRuntime.prefab","e7b912ff51273d94aa44a93069b84017","Assets/Scripts/Gameplay/CrowdControl/CrowdControlHandler.cs","3fbd12ccb1f37e24c8448b6322cda983","Direct","EditorOrCode",
"Assets/Resources/Prefab/Unit/AatroxHeroRuntime.prefab","e7b912ff51273d94aa44a93069b84017","Assets/Scripts/Gameplay/Equipment/EquipmentHandler.cs","1d296fac7364e2f4b8449516654b37a4","Direct","EditorOrCode",
"Assets/Resources/Prefab/Unit/AatroxHeroRuntime.prefab","e7b912ff51273d94aa44a93069b84017","Assets/Scripts/Gameplay/Movement/MovementHandler.cs","0493a04bad49cf540a1384de14b9aa2f","Direct","EditorOrCode",
"Assets/Resources/Prefab/Unit/AatroxHeroRuntime.prefab","e7b912ff51273d94aa44a93069b84017","Assets/Scripts/Gameplay/Presentation/UnitAnimationProfile.cs","7112a06ac3587ca46ba2dbfa5b35902b","Transitive","EditorOrCode",
"Assets/Resources/Prefab/Unit/AatroxHeroRuntime.prefab","e7b912ff51273d94aa44a93069b84017","Assets/Scripts/Gameplay/Projectile/ProjectileContainmentZoneAuthoring.cs","213be447bab72bf44b67f992a84f55ce","Transitive","EditorOrCode",
"Assets/Resources/Prefab/Unit/AatroxHeroRuntime.prefab","e7b912ff51273d94aa44a93069b84017","Assets/Scripts/Gameplay/Stats/StatHandler.cs","d83cb680cdcf541438b70b0b87eb51fa","Direct","EditorOrCode",
"Assets/Resources/Prefab/Unit/AatroxHeroRuntime.prefab","e7b912ff51273d94aa44a93069b84017","Assets/Scripts/Gameplay/Unit/Core/Unit.cs","d8b92a46f17a0c1408cebd31e093972b","Direct","EditorOrCode",
"Assets/Resources/Prefab/Unit/AatroxHeroRuntime.prefab","e7b912ff51273d94aa44a93069b84017","Assets/Scripts/Physics/Core/PhysicsEntity2D.cs","cf2e4b89224828f48befee4b715885df","Direct","EditorOrCode",
"Assets/Resources/Prefab/Unit/AatroxHeroRuntime.prefab","e7b912ff51273d94aa44a93069b84017","Assets/Scripts/Physics/Core/PhysicsEntity2DShapeAuthoring.cs","ed0a9cc1ab86cbe4484aa191eda97ca8","Direct","EditorOrCode",
"Assets/Resources/Prefab/Unit/AatroxHeroRuntime.prefab","e7b912ff51273d94aa44a93069b84017","Assets/Shader/UnitOutlineRim.shader","66aa05f6f4814464ebf165d1aba43d7e","Transitive","ClientPresentation",
"Assets/Resources/Prefab/Unit/AatroxHeroRuntime.prefab","e7b912ff51273d94aa44a93069b84017","Packages/com.siccity.gltfutility/Materials/URP/Standard (Metallic).shadergraph","a08f3a1c845d57c4293a42c3202574a1","Transitive","ThirdParty",
"Assets/Resources/Prefab/Unit/AatroxHeroRuntime.prefab","e7b912ff51273d94aa44a93069b84017","Packages/com.siccity.gltfutility/Materials/URP/Standard (Specular).shadergraph","e6061ad897a8bd843b501d409aff8a22","Transitive","ThirdParty",
"Assets/Resources/Prefab/Unit/AatroxHeroRuntime.prefab","e7b912ff51273d94aa44a93069b84017","Packages/com.siccity.gltfutility/Materials/URP/Standard Transparent (Metallic).shadergraph","bb6606ffd3868dd46a773758ff6901fc","Transitive","ThirdParty",
"Assets/Resources/Prefab/Unit/AatroxHeroRuntime.prefab","e7b912ff51273d94aa44a93069b84017","Packages/com.siccity.gltfutility/Materials/URP/Standard Transparent (Specular).shadergraph","09512c1ba26fe804283ec6e09112e53c","Transitive","ThirdParty",
"Assets/Resources/Prefab/Unit/AatroxHeroRuntime.prefab","e7b912ff51273d94aa44a93069b84017","Packages/com.siccity.gltfutility/Scripts/Editor/GLBImporter.cs","768a5a18fd6eb914f980bf85dd7b34ec","Transitive","ThirdParty",
"Assets/Resources/Prefab/Unit/AatroxHeroRuntime.prefab","e7b912ff51273d94aa44a93069b84017","Packages/com.unity.render-pipelines.universal/Editor/AssetVersion.cs","d0353a89b1f911e48b9e16bdc9f2e058","Transitive","ThirdParty",
"Assets/Resources/Prefab/Unit/AatroxHeroRuntime.prefab","e7b912ff51273d94aa44a93069b84017","Packages/com.unity.render-pipelines.universal/Editor/ShaderGraph/UniversalMetadata.cs","d2654ad3c17ab8a4ebb9fd0719795d21","Transitive","ThirdParty",
"Assets/Resources/Prefab/Unit/AatroxHeroRuntime.prefab","e7b912ff51273d94aa44a93069b84017","Packages/com.unity.render-pipelines.universal/Runtime/Materials/Lit.mat","31321ba15b8f8eb4c954353edc038b1d","Transitive","ThirdParty",
"Assets/Resources/Prefab/Unit/AatroxHeroRuntime.prefab","e7b912ff51273d94aa44a93069b84017","Packages/com.unity.render-pipelines.universal/Shaders/Lit.shader","933532a4fcc9baf4fa0491de14d08ed7","Transitive","ThirdParty",
"Assets/Resources/Prefab/Unit/AatroxHeroRuntime.prefab","e7b912ff51273d94aa44a93069b84017","Packages/com.unity.shadergraph/Editor/Importers/ShaderGraphImporter.cs","625f186215c104763be7675aa2d941aa","Transitive","ThirdParty",
"Assets/Resources/Prefab/Unit/AatroxHeroRuntime.prefab","e7b912ff51273d94aa44a93069b84017","Packages/com.unity.shadergraph/Editor/Importers/ShaderGraphMetadata.cs","b64ab828cd6c5b3479a4c575ca6617d5","Transitive","ThirdParty",
"Assets/Resources/Prefab/Unit/TestCasterMinionBlueRuntime.prefab","b1683136fbeb0ec43bb2651cb3c096cf","Assets/Art/Model/蓝方远程小兵.glb","065c37ae71d0926459365abaef2cd1a4","Direct","ClientPresentation",
"Assets/Resources/Prefab/Unit/TestCasterMinionBlueRuntime.prefab","b1683136fbeb0ec43bb2651cb3c096cf","Assets/Config/Formal/Animation/CasterBlue.controller","793b6c33ccfc57a46be4ac1600b67f32","Direct","ClientPresentation",
"Assets/Resources/Prefab/Unit/TestCasterMinionBlueRuntime.prefab","b1683136fbeb0ec43bb2651cb3c096cf","Assets/Config/Formal/Animation/TestUnitAnimationProfile.asset","3592d1e3449411743befb9d5763bcfe9","Direct","SharedConfig",
"Assets/Resources/Prefab/Unit/TestCasterMinionBlueRuntime.prefab","b1683136fbeb0ec43bb2651cb3c096cf","Assets/Config/Formal/UnitOutlineRim.mat","864a3b4ca3d42f44484fae1ef521e889","Direct","ClientPresentation",
"Assets/Resources/Prefab/Unit/TestCasterMinionBlueRuntime.prefab","b1683136fbeb0ec43bb2651cb3c096cf","Assets/Resources/Animation/Minion/Blue/CasterMinion_Attack.anim","c3935cbe8b1fe8e4fbe3f6c4b1a6e0d4","Transitive","ClientPresentation",
"Assets/Resources/Prefab/Unit/TestCasterMinionBlueRuntime.prefab","b1683136fbeb0ec43bb2651cb3c096cf","Assets/Resources/Animation/Minion/Blue/CasterMinion_Death.anim","2fb47ec91b9d29a4c884fc942847e266","Transitive","ClientPresentation",
"Assets/Resources/Prefab/Unit/TestCasterMinionBlueRuntime.prefab","b1683136fbeb0ec43bb2651cb3c096cf","Assets/Resources/Animation/Minion/Blue/CasterMinion_Idle.anim","f2693f32fca6fed4494c5fe1d7c73140","Transitive","ClientPresentation",
"Assets/Resources/Prefab/Unit/TestCasterMinionBlueRuntime.prefab","b1683136fbeb0ec43bb2651cb3c096cf","Assets/Resources/Animation/Minion/Blue/CasterMinion_Walk.anim","03af889a600a66947869e83181c5643f","Transitive","ClientPresentation",
"Assets/Resources/Prefab/Unit/TestCasterMinionBlueRuntime.prefab","b1683136fbeb0ec43bb2651cb3c096cf","Assets/Scripts/Bootstrap/ClientUnitOutline.cs","e27fb308c093d80429c4af615daf7055","Direct","EditorOrCode",
"Assets/Resources/Prefab/Unit/TestCasterMinionBlueRuntime.prefab","b1683136fbeb0ec43bb2651cb3c096cf","Assets/Scripts/FrameSync/PresentationSocketSet.cs","a7c8b8e0d56dd714c96ff5e67047c8f0","Direct","EditorOrCode",
"Assets/Resources/Prefab/Unit/TestCasterMinionBlueRuntime.prefab","b1683136fbeb0ec43bb2651cb3c096cf","Assets/Scripts/FrameSync/UnitAnimationDriver.cs","377bfec80d767444382fe67b6c4c5b38","Direct","EditorOrCode",
"Assets/Resources/Prefab/Unit/TestCasterMinionBlueRuntime.prefab","b1683136fbeb0ec43bb2651cb3c096cf","Assets/Scripts/FrameSync/UnitPresentationHost.cs","94939c62f8549054d9238b3896698fe4","Direct","EditorOrCode",
"Assets/Resources/Prefab/Unit/TestCasterMinionBlueRuntime.prefab","b1683136fbeb0ec43bb2651cb3c096cf","Assets/Scripts/Gameplay/Attack/AttackHandler.cs","11536609f17ade44196b69b7297fbadf","Direct","EditorOrCode",
"Assets/Resources/Prefab/Unit/TestCasterMinionBlueRuntime.prefab","b1683136fbeb0ec43bb2651cb3c096cf","Assets/Scripts/Gameplay/Buff/BuffHandler.cs","75af4f65fc14b0e47a13cf0f26e0fb62","Direct","EditorOrCode",
"Assets/Resources/Prefab/Unit/TestCasterMinionBlueRuntime.prefab","b1683136fbeb0ec43bb2651cb3c096cf","Assets/Scripts/Gameplay/CrowdControl/CrowdControlHandler.cs","3fbd12ccb1f37e24c8448b6322cda983","Direct","EditorOrCode",
"Assets/Resources/Prefab/Unit/TestCasterMinionBlueRuntime.prefab","b1683136fbeb0ec43bb2651cb3c096cf","Assets/Scripts/Gameplay/Movement/MovementHandler.cs","0493a04bad49cf540a1384de14b9aa2f","Direct","EditorOrCode",
"Assets/Resources/Prefab/Unit/TestCasterMinionBlueRuntime.prefab","b1683136fbeb0ec43bb2651cb3c096cf","Assets/Scripts/Gameplay/Presentation/UnitAnimationProfile.cs","7112a06ac3587ca46ba2dbfa5b35902b","Transitive","EditorOrCode",
"Assets/Resources/Prefab/Unit/TestCasterMinionBlueRuntime.prefab","b1683136fbeb0ec43bb2651cb3c096cf","Assets/Scripts/Gameplay/Stats/StatHandler.cs","d83cb680cdcf541438b70b0b87eb51fa","Direct","EditorOrCode",
"Assets/Resources/Prefab/Unit/TestCasterMinionBlueRuntime.prefab","b1683136fbeb0ec43bb2651cb3c096cf","Assets/Scripts/Gameplay/Unit/Core/Unit.cs","d8b92a46f17a0c1408cebd31e093972b","Direct","EditorOrCode",
"Assets/Resources/Prefab/Unit/TestCasterMinionBlueRuntime.prefab","b1683136fbeb0ec43bb2651cb3c096cf","Assets/Scripts/Physics/Core/PhysicsEntity2D.cs","cf2e4b89224828f48befee4b715885df","Direct","EditorOrCode",
"Assets/Resources/Prefab/Unit/TestCasterMinionBlueRuntime.prefab","b1683136fbeb0ec43bb2651cb3c096cf","Assets/Scripts/Physics/Core/PhysicsEntity2DShapeAuthoring.cs","ed0a9cc1ab86cbe4484aa191eda97ca8","Direct","EditorOrCode",
"Assets/Resources/Prefab/Unit/TestCasterMinionBlueRuntime.prefab","b1683136fbeb0ec43bb2651cb3c096cf","Assets/Shader/UnitOutlineRim.shader","66aa05f6f4814464ebf165d1aba43d7e","Transitive","ClientPresentation",
"Assets/Resources/Prefab/Unit/TestCasterMinionBlueRuntime.prefab","b1683136fbeb0ec43bb2651cb3c096cf","Packages/com.siccity.gltfutility/Materials/URP/Standard (Metallic).shadergraph","a08f3a1c845d57c4293a42c3202574a1","Transitive","ThirdParty",
"Assets/Resources/Prefab/Unit/TestCasterMinionBlueRuntime.prefab","b1683136fbeb0ec43bb2651cb3c096cf","Packages/com.siccity.gltfutility/Materials/URP/Standard (Specular).shadergraph","e6061ad897a8bd843b501d409aff8a22","Transitive","ThirdParty",
"Assets/Resources/Prefab/Unit/TestCasterMinionBlueRuntime.prefab","b1683136fbeb0ec43bb2651cb3c096cf","Packages/com.siccity.gltfutility/Materials/URP/Standard Transparent (Metallic).shadergraph","bb6606ffd3868dd46a773758ff6901fc","Transitive","ThirdParty",
"Assets/Resources/Prefab/Unit/TestCasterMinionBlueRuntime.prefab","b1683136fbeb0ec43bb2651cb3c096cf","Packages/com.siccity.gltfutility/Materials/URP/Standard Transparent (Specular).shadergraph","09512c1ba26fe804283ec6e09112e53c","Transitive","ThirdParty",
"Assets/Resources/Prefab/Unit/TestCasterMinionBlueRuntime.prefab","b1683136fbeb0ec43bb2651cb3c096cf","Packages/com.siccity.gltfutility/Scripts/Editor/GLBImporter.cs","768a5a18fd6eb914f980bf85dd7b34ec","Transitive","ThirdParty",
"Assets/Resources/Prefab/Unit/TestCasterMinionBlueRuntime.prefab","b1683136fbeb0ec43bb2651cb3c096cf","Packages/com.unity.render-pipelines.universal/Editor/ShaderGraph/UniversalMetadata.cs","d2654ad3c17ab8a4ebb9fd0719795d21","Transitive","ThirdParty",
"Assets/Resources/Prefab/Unit/TestCasterMinionBlueRuntime.prefab","b1683136fbeb0ec43bb2651cb3c096cf","Packages/com.unity.shadergraph/Editor/Importers/ShaderGraphImporter.cs","625f186215c104763be7675aa2d941aa","Transitive","ThirdParty",
"Assets/Resources/Prefab/Unit/TestCasterMinionBlueRuntime.prefab","b1683136fbeb0ec43bb2651cb3c096cf","Packages/com.unity.shadergraph/Editor/Importers/ShaderGraphMetadata.cs","b64ab828cd6c5b3479a4c575ca6617d5","Transitive","ThirdParty",
"Assets/Resources/Prefab/Unit/TestCasterMinionRedRuntime.prefab","2c0dd4221aa4d3445ad5e29b609bc03b","Assets/Art/Model/红方远程小兵.glb","ddbb9a9fe8ffc8e43a83662e68f48609","Direct","ClientPresentation",
"Assets/Resources/Prefab/Unit/TestCasterMinionRedRuntime.prefab","2c0dd4221aa4d3445ad5e29b609bc03b","Assets/Config/Formal/Animation/CasterRed.controller","9e720db7282df5a4c9f4a58d73fb6e96","Direct","ClientPresentation",
"Assets/Resources/Prefab/Unit/TestCasterMinionRedRuntime.prefab","2c0dd4221aa4d3445ad5e29b609bc03b","Assets/Config/Formal/Animation/TestUnitAnimationProfile.asset","3592d1e3449411743befb9d5763bcfe9","Direct","SharedConfig",
"Assets/Resources/Prefab/Unit/TestCasterMinionRedRuntime.prefab","2c0dd4221aa4d3445ad5e29b609bc03b","Assets/Config/Formal/UnitOutlineRim.mat","864a3b4ca3d42f44484fae1ef521e889","Direct","ClientPresentation",
"Assets/Resources/Prefab/Unit/TestCasterMinionRedRuntime.prefab","2c0dd4221aa4d3445ad5e29b609bc03b","Assets/Resources/Animation/Minion/Red/CasterMinion_Attack.anim","70ca89583698d3d44901555f595528d1","Transitive","ClientPresentation",
"Assets/Resources/Prefab/Unit/TestCasterMinionRedRuntime.prefab","2c0dd4221aa4d3445ad5e29b609bc03b","Assets/Resources/Animation/Minion/Red/CasterMinion_Death.anim","2b85ea4cf35a5834f9a36a4596e813df","Transitive","ClientPresentation",
"Assets/Resources/Prefab/Unit/TestCasterMinionRedRuntime.prefab","2c0dd4221aa4d3445ad5e29b609bc03b","Assets/Resources/Animation/Minion/Red/CasterMinion_Idle.anim","51d8c0867d1ea8b4aaf146310afd9f02","Transitive","ClientPresentation",
"Assets/Resources/Prefab/Unit/TestCasterMinionRedRuntime.prefab","2c0dd4221aa4d3445ad5e29b609bc03b","Assets/Resources/Animation/Minion/Red/CasterMinion_Walk.anim","be899e3fb2a2dd341849032392f2957b","Transitive","ClientPresentation",
"Assets/Resources/Prefab/Unit/TestCasterMinionRedRuntime.prefab","2c0dd4221aa4d3445ad5e29b609bc03b","Assets/Scripts/Bootstrap/ClientUnitOutline.cs","e27fb308c093d80429c4af615daf7055","Direct","EditorOrCode",
"Assets/Resources/Prefab/Unit/TestCasterMinionRedRuntime.prefab","2c0dd4221aa4d3445ad5e29b609bc03b","Assets/Scripts/FrameSync/PresentationSocketSet.cs","a7c8b8e0d56dd714c96ff5e67047c8f0","Direct","EditorOrCode",
"Assets/Resources/Prefab/Unit/TestCasterMinionRedRuntime.prefab","2c0dd4221aa4d3445ad5e29b609bc03b","Assets/Scripts/FrameSync/UnitAnimationDriver.cs","377bfec80d767444382fe67b6c4c5b38","Direct","EditorOrCode",
"Assets/Resources/Prefab/Unit/TestCasterMinionRedRuntime.prefab","2c0dd4221aa4d3445ad5e29b609bc03b","Assets/Scripts/FrameSync/UnitPresentationHost.cs","94939c62f8549054d9238b3896698fe4","Direct","EditorOrCode",
"Assets/Resources/Prefab/Unit/TestCasterMinionRedRuntime.prefab","2c0dd4221aa4d3445ad5e29b609bc03b","Assets/Scripts/Gameplay/Attack/AttackHandler.cs","11536609f17ade44196b69b7297fbadf","Direct","EditorOrCode",
"Assets/Resources/Prefab/Unit/TestCasterMinionRedRuntime.prefab","2c0dd4221aa4d3445ad5e29b609bc03b","Assets/Scripts/Gameplay/Buff/BuffHandler.cs","75af4f65fc14b0e47a13cf0f26e0fb62","Direct","EditorOrCode",
"Assets/Resources/Prefab/Unit/TestCasterMinionRedRuntime.prefab","2c0dd4221aa4d3445ad5e29b609bc03b","Assets/Scripts/Gameplay/CrowdControl/CrowdControlHandler.cs","3fbd12ccb1f37e24c8448b6322cda983","Direct","EditorOrCode",
"Assets/Resources/Prefab/Unit/TestCasterMinionRedRuntime.prefab","2c0dd4221aa4d3445ad5e29b609bc03b","Assets/Scripts/Gameplay/Movement/MovementHandler.cs","0493a04bad49cf540a1384de14b9aa2f","Direct","EditorOrCode",
"Assets/Resources/Prefab/Unit/TestCasterMinionRedRuntime.prefab","2c0dd4221aa4d3445ad5e29b609bc03b","Assets/Scripts/Gameplay/Presentation/UnitAnimationProfile.cs","7112a06ac3587ca46ba2dbfa5b35902b","Transitive","EditorOrCode",
"Assets/Resources/Prefab/Unit/TestCasterMinionRedRuntime.prefab","2c0dd4221aa4d3445ad5e29b609bc03b","Assets/Scripts/Gameplay/Stats/StatHandler.cs","d83cb680cdcf541438b70b0b87eb51fa","Direct","EditorOrCode",
"Assets/Resources/Prefab/Unit/TestCasterMinionRedRuntime.prefab","2c0dd4221aa4d3445ad5e29b609bc03b","Assets/Scripts/Gameplay/Unit/Core/Unit.cs","d8b92a46f17a0c1408cebd31e093972b","Direct","EditorOrCode",
"Assets/Resources/Prefab/Unit/TestCasterMinionRedRuntime.prefab","2c0dd4221aa4d3445ad5e29b609bc03b","Assets/Scripts/Physics/Core/PhysicsEntity2D.cs","cf2e4b89224828f48befee4b715885df","Direct","EditorOrCode",
"Assets/Resources/Prefab/Unit/TestCasterMinionRedRuntime.prefab","2c0dd4221aa4d3445ad5e29b609bc03b","Assets/Scripts/Physics/Core/PhysicsEntity2DShapeAuthoring.cs","ed0a9cc1ab86cbe4484aa191eda97ca8","Direct","EditorOrCode",
"Assets/Resources/Prefab/Unit/TestCasterMinionRedRuntime.prefab","2c0dd4221aa4d3445ad5e29b609bc03b","Assets/Shader/UnitOutlineRim.shader","66aa05f6f4814464ebf165d1aba43d7e","Transitive","ClientPresentation",
"Assets/Resources/Prefab/Unit/TestCasterMinionRedRuntime.prefab","2c0dd4221aa4d3445ad5e29b609bc03b","Packages/com.siccity.gltfutility/Materials/URP/Standard (Metallic).shadergraph","a08f3a1c845d57c4293a42c3202574a1","Transitive","ThirdParty",
"Assets/Resources/Prefab/Unit/TestCasterMinionRedRuntime.prefab","2c0dd4221aa4d3445ad5e29b609bc03b","Packages/com.siccity.gltfutility/Materials/URP/Standard (Specular).shadergraph","e6061ad897a8bd843b501d409aff8a22","Transitive","ThirdParty",
"Assets/Resources/Prefab/Unit/TestCasterMinionRedRuntime.prefab","2c0dd4221aa4d3445ad5e29b609bc03b","Packages/com.siccity.gltfutility/Materials/URP/Standard Transparent (Metallic).shadergraph","bb6606ffd3868dd46a773758ff6901fc","Transitive","ThirdParty",
"Assets/Resources/Prefab/Unit/TestCasterMinionRedRuntime.prefab","2c0dd4221aa4d3445ad5e29b609bc03b","Packages/com.siccity.gltfutility/Materials/URP/Standard Transparent (Specular).shadergraph","09512c1ba26fe804283ec6e09112e53c","Transitive","ThirdParty",
"Assets/Resources/Prefab/Unit/TestCasterMinionRedRuntime.prefab","2c0dd4221aa4d3445ad5e29b609bc03b","Packages/com.siccity.gltfutility/Scripts/Editor/GLBImporter.cs","768a5a18fd6eb914f980bf85dd7b34ec","Transitive","ThirdParty",
"Assets/Resources/Prefab/Unit/TestCasterMinionRedRuntime.prefab","2c0dd4221aa4d3445ad5e29b609bc03b","Packages/com.unity.render-pipelines.universal/Editor/ShaderGraph/UniversalMetadata.cs","d2654ad3c17ab8a4ebb9fd0719795d21","Transitive","ThirdParty",
"Assets/Resources/Prefab/Unit/TestCasterMinionRedRuntime.prefab","2c0dd4221aa4d3445ad5e29b609bc03b","Packages/com.unity.shadergraph/Editor/Importers/ShaderGraphImporter.cs","625f186215c104763be7675aa2d941aa","Transitive","ThirdParty",
"Assets/Resources/Prefab/Unit/TestCasterMinionRedRuntime.prefab","2c0dd4221aa4d3445ad5e29b609bc03b","Packages/com.unity.shadergraph/Editor/Importers/ShaderGraphMetadata.cs","b64ab828cd6c5b3479a4c575ca6617d5","Transitive","ThirdParty",
"Assets/Resources/Prefab/Unit/TestMeleeMinionBlueRuntime.prefab","3ccd4e1aedf4eec4e858f61a124b015d","Assets/Art/Model/蓝方近战小兵.glb","992d5acb9b350e749baa94ae4267cecb","Direct","ClientPresentation",
"Assets/Resources/Prefab/Unit/TestMeleeMinionBlueRuntime.prefab","3ccd4e1aedf4eec4e858f61a124b015d","Assets/Config/Formal/Animation/MeleeBlue.controller","625352f2e73df0c4982f6a5367c1d5c6","Direct","ClientPresentation",
"Assets/Resources/Prefab/Unit/TestMeleeMinionBlueRuntime.prefab","3ccd4e1aedf4eec4e858f61a124b015d","Assets/Config/Formal/Animation/TestUnitAnimationProfile.asset","3592d1e3449411743befb9d5763bcfe9","Direct","SharedConfig",
"Assets/Resources/Prefab/Unit/TestMeleeMinionBlueRuntime.prefab","3ccd4e1aedf4eec4e858f61a124b015d","Assets/Config/Formal/UnitOutlineRim.mat","864a3b4ca3d42f44484fae1ef521e889","Direct","ClientPresentation",
"Assets/Resources/Prefab/Unit/TestMeleeMinionBlueRuntime.prefab","3ccd4e1aedf4eec4e858f61a124b015d","Assets/Resources/Animation/Minion/Blue/MeleeMinion_Attack.anim","220dd8ba7c6b7e646b4b1946c3d52ef8","Transitive","ClientPresentation",
"Assets/Resources/Prefab/Unit/TestMeleeMinionBlueRuntime.prefab","3ccd4e1aedf4eec4e858f61a124b015d","Assets/Resources/Animation/Minion/Blue/MeleeMinion_Death.anim","62db727fa22d87a429e57c1e313cc344","Transitive","ClientPresentation",
"Assets/Resources/Prefab/Unit/TestMeleeMinionBlueRuntime.prefab","3ccd4e1aedf4eec4e858f61a124b015d","Assets/Resources/Animation/Minion/Blue/MeleeMinion_Idle.anim","a3ad0c6a5ae3fd44ab340554970e0541","Transitive","ClientPresentation",
"Assets/Resources/Prefab/Unit/TestMeleeMinionBlueRuntime.prefab","3ccd4e1aedf4eec4e858f61a124b015d","Assets/Resources/Animation/Minion/Blue/MeleeMinion_Walk.anim","a3b04fd15585d31409197d63cca03ebd","Transitive","ClientPresentation",
"Assets/Resources/Prefab/Unit/TestMeleeMinionBlueRuntime.prefab","3ccd4e1aedf4eec4e858f61a124b015d","Assets/Scripts/Bootstrap/ClientUnitOutline.cs","e27fb308c093d80429c4af615daf7055","Direct","EditorOrCode",
"Assets/Resources/Prefab/Unit/TestMeleeMinionBlueRuntime.prefab","3ccd4e1aedf4eec4e858f61a124b015d","Assets/Scripts/FrameSync/PresentationSocketSet.cs","a7c8b8e0d56dd714c96ff5e67047c8f0","Direct","EditorOrCode",
"Assets/Resources/Prefab/Unit/TestMeleeMinionBlueRuntime.prefab","3ccd4e1aedf4eec4e858f61a124b015d","Assets/Scripts/FrameSync/UnitAnimationDriver.cs","377bfec80d767444382fe67b6c4c5b38","Direct","EditorOrCode",
"Assets/Resources/Prefab/Unit/TestMeleeMinionBlueRuntime.prefab","3ccd4e1aedf4eec4e858f61a124b015d","Assets/Scripts/FrameSync/UnitPresentationHost.cs","94939c62f8549054d9238b3896698fe4","Direct","EditorOrCode",
"Assets/Resources/Prefab/Unit/TestMeleeMinionBlueRuntime.prefab","3ccd4e1aedf4eec4e858f61a124b015d","Assets/Scripts/Gameplay/Attack/AttackHandler.cs","11536609f17ade44196b69b7297fbadf","Direct","EditorOrCode",
"Assets/Resources/Prefab/Unit/TestMeleeMinionBlueRuntime.prefab","3ccd4e1aedf4eec4e858f61a124b015d","Assets/Scripts/Gameplay/Buff/BuffHandler.cs","75af4f65fc14b0e47a13cf0f26e0fb62","Direct","EditorOrCode",
"Assets/Resources/Prefab/Unit/TestMeleeMinionBlueRuntime.prefab","3ccd4e1aedf4eec4e858f61a124b015d","Assets/Scripts/Gameplay/CrowdControl/CrowdControlHandler.cs","3fbd12ccb1f37e24c8448b6322cda983","Direct","EditorOrCode",
"Assets/Resources/Prefab/Unit/TestMeleeMinionBlueRuntime.prefab","3ccd4e1aedf4eec4e858f61a124b015d","Assets/Scripts/Gameplay/Movement/MovementHandler.cs","0493a04bad49cf540a1384de14b9aa2f","Direct","EditorOrCode",
"Assets/Resources/Prefab/Unit/TestMeleeMinionBlueRuntime.prefab","3ccd4e1aedf4eec4e858f61a124b015d","Assets/Scripts/Gameplay/Presentation/UnitAnimationProfile.cs","7112a06ac3587ca46ba2dbfa5b35902b","Transitive","EditorOrCode",
"Assets/Resources/Prefab/Unit/TestMeleeMinionBlueRuntime.prefab","3ccd4e1aedf4eec4e858f61a124b015d","Assets/Scripts/Gameplay/Stats/StatHandler.cs","d83cb680cdcf541438b70b0b87eb51fa","Direct","EditorOrCode",
"Assets/Resources/Prefab/Unit/TestMeleeMinionBlueRuntime.prefab","3ccd4e1aedf4eec4e858f61a124b015d","Assets/Scripts/Gameplay/Unit/Core/Unit.cs","d8b92a46f17a0c1408cebd31e093972b","Direct","EditorOrCode",
"Assets/Resources/Prefab/Unit/TestMeleeMinionBlueRuntime.prefab","3ccd4e1aedf4eec4e858f61a124b015d","Assets/Scripts/Physics/Core/PhysicsEntity2D.cs","cf2e4b89224828f48befee4b715885df","Direct","EditorOrCode",
"Assets/Resources/Prefab/Unit/TestMeleeMinionBlueRuntime.prefab","3ccd4e1aedf4eec4e858f61a124b015d","Assets/Scripts/Physics/Core/PhysicsEntity2DShapeAuthoring.cs","ed0a9cc1ab86cbe4484aa191eda97ca8","Direct","EditorOrCode",
"Assets/Resources/Prefab/Unit/TestMeleeMinionBlueRuntime.prefab","3ccd4e1aedf4eec4e858f61a124b015d","Assets/Shader/UnitOutlineRim.shader","66aa05f6f4814464ebf165d1aba43d7e","Transitive","ClientPresentation",
"Assets/Resources/Prefab/Unit/TestMeleeMinionBlueRuntime.prefab","3ccd4e1aedf4eec4e858f61a124b015d","Packages/com.siccity.gltfutility/Materials/URP/Standard (Metallic).shadergraph","a08f3a1c845d57c4293a42c3202574a1","Transitive","ThirdParty",
"Assets/Resources/Prefab/Unit/TestMeleeMinionBlueRuntime.prefab","3ccd4e1aedf4eec4e858f61a124b015d","Packages/com.siccity.gltfutility/Materials/URP/Standard (Specular).shadergraph","e6061ad897a8bd843b501d409aff8a22","Transitive","ThirdParty",
"Assets/Resources/Prefab/Unit/TestMeleeMinionBlueRuntime.prefab","3ccd4e1aedf4eec4e858f61a124b015d","Packages/com.siccity.gltfutility/Materials/URP/Standard Transparent (Metallic).shadergraph","bb6606ffd3868dd46a773758ff6901fc","Transitive","ThirdParty",
"Assets/Resources/Prefab/Unit/TestMeleeMinionBlueRuntime.prefab","3ccd4e1aedf4eec4e858f61a124b015d","Packages/com.siccity.gltfutility/Materials/URP/Standard Transparent (Specular).shadergraph","09512c1ba26fe804283ec6e09112e53c","Transitive","ThirdParty",
"Assets/Resources/Prefab/Unit/TestMeleeMinionBlueRuntime.prefab","3ccd4e1aedf4eec4e858f61a124b015d","Packages/com.siccity.gltfutility/Scripts/Editor/GLBImporter.cs","768a5a18fd6eb914f980bf85dd7b34ec","Transitive","ThirdParty",
"Assets/Resources/Prefab/Unit/TestMeleeMinionBlueRuntime.prefab","3ccd4e1aedf4eec4e858f61a124b015d","Packages/com.unity.render-pipelines.universal/Editor/ShaderGraph/UniversalMetadata.cs","d2654ad3c17ab8a4ebb9fd0719795d21","Transitive","ThirdParty",
"Assets/Resources/Prefab/Unit/TestMeleeMinionBlueRuntime.prefab","3ccd4e1aedf4eec4e858f61a124b015d","Packages/com.unity.shadergraph/Editor/Importers/ShaderGraphImporter.cs","625f186215c104763be7675aa2d941aa","Transitive","ThirdParty",
"Assets/Resources/Prefab/Unit/TestMeleeMinionBlueRuntime.prefab","3ccd4e1aedf4eec4e858f61a124b015d","Packages/com.unity.shadergraph/Editor/Importers/ShaderGraphMetadata.cs","b64ab828cd6c5b3479a4c575ca6617d5","Transitive","ThirdParty",
"Assets/Resources/Prefab/Unit/TestMeleeMinionRedRuntime.prefab","b400545b29699e841a9e7eca456ad6ac","Assets/Art/Model/红方近战小兵.glb","c890ea416b8790e408fe2b525edec67f","Direct","ClientPresentation",
"Assets/Resources/Prefab/Unit/TestMeleeMinionRedRuntime.prefab","b400545b29699e841a9e7eca456ad6ac","Assets/Config/Formal/Animation/MeleeRed.controller","1e22e6272edcbb94a8f92628a64f566a","Direct","ClientPresentation",
"Assets/Resources/Prefab/Unit/TestMeleeMinionRedRuntime.prefab","b400545b29699e841a9e7eca456ad6ac","Assets/Config/Formal/Animation/TestUnitAnimationProfile.asset","3592d1e3449411743befb9d5763bcfe9","Direct","SharedConfig",
"Assets/Resources/Prefab/Unit/TestMeleeMinionRedRuntime.prefab","b400545b29699e841a9e7eca456ad6ac","Assets/Config/Formal/UnitOutlineRim.mat","864a3b4ca3d42f44484fae1ef521e889","Direct","ClientPresentation",
"Assets/Resources/Prefab/Unit/TestMeleeMinionRedRuntime.prefab","b400545b29699e841a9e7eca456ad6ac","Assets/Resources/Animation/Minion/Red/MeleeMinion_Attack.anim","eb76ad0103f3efe4a8c7f104b18ba3b7","Transitive","ClientPresentation",
"Assets/Resources/Prefab/Unit/TestMeleeMinionRedRuntime.prefab","b400545b29699e841a9e7eca456ad6ac","Assets/Resources/Animation/Minion/Red/MeleeMinion_Death.anim","667dcc2faad23a74a9a5f72f53e0ac1d","Transitive","ClientPresentation",
"Assets/Resources/Prefab/Unit/TestMeleeMinionRedRuntime.prefab","b400545b29699e841a9e7eca456ad6ac","Assets/Resources/Animation/Minion/Red/MeleeMinion_Idle.anim","abc3ff4c728c48549a0cfb041d28afe1","Transitive","ClientPresentation",
"Assets/Resources/Prefab/Unit/TestMeleeMinionRedRuntime.prefab","b400545b29699e841a9e7eca456ad6ac","Assets/Resources/Animation/Minion/Red/MeleeMinion_Walk.anim","a305521f5a779cb4ea289e5582eb2e2a","Transitive","ClientPresentation",
"Assets/Resources/Prefab/Unit/TestMeleeMinionRedRuntime.prefab","b400545b29699e841a9e7eca456ad6ac","Assets/Scripts/Bootstrap/ClientUnitOutline.cs","e27fb308c093d80429c4af615daf7055","Direct","EditorOrCode",
"Assets/Resources/Prefab/Unit/TestMeleeMinionRedRuntime.prefab","b400545b29699e841a9e7eca456ad6ac","Assets/Scripts/FrameSync/PresentationSocketSet.cs","a7c8b8e0d56dd714c96ff5e67047c8f0","Direct","EditorOrCode",
"Assets/Resources/Prefab/Unit/TestMeleeMinionRedRuntime.prefab","b400545b29699e841a9e7eca456ad6ac","Assets/Scripts/FrameSync/UnitAnimationDriver.cs","377bfec80d767444382fe67b6c4c5b38","Direct","EditorOrCode",
"Assets/Resources/Prefab/Unit/TestMeleeMinionRedRuntime.prefab","b400545b29699e841a9e7eca456ad6ac","Assets/Scripts/FrameSync/UnitPresentationHost.cs","94939c62f8549054d9238b3896698fe4","Direct","EditorOrCode",
"Assets/Resources/Prefab/Unit/TestMeleeMinionRedRuntime.prefab","b400545b29699e841a9e7eca456ad6ac","Assets/Scripts/Gameplay/Attack/AttackHandler.cs","11536609f17ade44196b69b7297fbadf","Direct","EditorOrCode",
"Assets/Resources/Prefab/Unit/TestMeleeMinionRedRuntime.prefab","b400545b29699e841a9e7eca456ad6ac","Assets/Scripts/Gameplay/Buff/BuffHandler.cs","75af4f65fc14b0e47a13cf0f26e0fb62","Direct","EditorOrCode",
"Assets/Resources/Prefab/Unit/TestMeleeMinionRedRuntime.prefab","b400545b29699e841a9e7eca456ad6ac","Assets/Scripts/Gameplay/CrowdControl/CrowdControlHandler.cs","3fbd12ccb1f37e24c8448b6322cda983","Direct","EditorOrCode",
"Assets/Resources/Prefab/Unit/TestMeleeMinionRedRuntime.prefab","b400545b29699e841a9e7eca456ad6ac","Assets/Scripts/Gameplay/Movement/MovementHandler.cs","0493a04bad49cf540a1384de14b9aa2f","Direct","EditorOrCode",
"Assets/Resources/Prefab/Unit/TestMeleeMinionRedRuntime.prefab","b400545b29699e841a9e7eca456ad6ac","Assets/Scripts/Gameplay/Presentation/UnitAnimationProfile.cs","7112a06ac3587ca46ba2dbfa5b35902b","Transitive","EditorOrCode",
"Assets/Resources/Prefab/Unit/TestMeleeMinionRedRuntime.prefab","b400545b29699e841a9e7eca456ad6ac","Assets/Scripts/Gameplay/Stats/StatHandler.cs","d83cb680cdcf541438b70b0b87eb51fa","Direct","EditorOrCode",
"Assets/Resources/Prefab/Unit/TestMeleeMinionRedRuntime.prefab","b400545b29699e841a9e7eca456ad6ac","Assets/Scripts/Gameplay/Unit/Core/Unit.cs","d8b92a46f17a0c1408cebd31e093972b","Direct","EditorOrCode",
"Assets/Resources/Prefab/Unit/TestMeleeMinionRedRuntime.prefab","b400545b29699e841a9e7eca456ad6ac","Assets/Scripts/Physics/Core/PhysicsEntity2D.cs","cf2e4b89224828f48befee4b715885df","Direct","EditorOrCode",
"Assets/Resources/Prefab/Unit/TestMeleeMinionRedRuntime.prefab","b400545b29699e841a9e7eca456ad6ac","Assets/Scripts/Physics/Core/PhysicsEntity2DShapeAuthoring.cs","ed0a9cc1ab86cbe4484aa191eda97ca8","Direct","EditorOrCode",
"Assets/Resources/Prefab/Unit/TestMeleeMinionRedRuntime.prefab","b400545b29699e841a9e7eca456ad6ac","Assets/Shader/UnitOutlineRim.shader","66aa05f6f4814464ebf165d1aba43d7e","Transitive","ClientPresentation",
"Assets/Resources/Prefab/Unit/TestMeleeMinionRedRuntime.prefab","b400545b29699e841a9e7eca456ad6ac","Packages/com.siccity.gltfutility/Materials/URP/Standard (Metallic).shadergraph","a08f3a1c845d57c4293a42c3202574a1","Transitive","ThirdParty",
"Assets/Resources/Prefab/Unit/TestMeleeMinionRedRuntime.prefab","b400545b29699e841a9e7eca456ad6ac","Packages/com.siccity.gltfutility/Materials/URP/Standard (Specular).shadergraph","e6061ad897a8bd843b501d409aff8a22","Transitive","ThirdParty",
"Assets/Resources/Prefab/Unit/TestMeleeMinionRedRuntime.prefab","b400545b29699e841a9e7eca456ad6ac","Packages/com.siccity.gltfutility/Materials/URP/Standard Transparent (Metallic).shadergraph","bb6606ffd3868dd46a773758ff6901fc","Transitive","ThirdParty",
"Assets/Resources/Prefab/Unit/TestMeleeMinionRedRuntime.prefab","b400545b29699e841a9e7eca456ad6ac","Packages/com.siccity.gltfutility/Materials/URP/Standard Transparent (Specular).shadergraph","09512c1ba26fe804283ec6e09112e53c","Transitive","ThirdParty",
"Assets/Resources/Prefab/Unit/TestMeleeMinionRedRuntime.prefab","b400545b29699e841a9e7eca456ad6ac","Packages/com.siccity.gltfutility/Scripts/Editor/GLBImporter.cs","768a5a18fd6eb914f980bf85dd7b34ec","Transitive","ThirdParty",
"Assets/Resources/Prefab/Unit/TestMeleeMinionRedRuntime.prefab","b400545b29699e841a9e7eca456ad6ac","Packages/com.unity.render-pipelines.universal/Editor/ShaderGraph/UniversalMetadata.cs","d2654ad3c17ab8a4ebb9fd0719795d21","Transitive","ThirdParty",
"Assets/Resources/Prefab/Unit/TestMeleeMinionRedRuntime.prefab","b400545b29699e841a9e7eca456ad6ac","Packages/com.unity.shadergraph/Editor/Importers/ShaderGraphImporter.cs","625f186215c104763be7675aa2d941aa","Transitive","ThirdParty",
"Assets/Resources/Prefab/Unit/TestMeleeMinionRedRuntime.prefab","b400545b29699e841a9e7eca456ad6ac","Packages/com.unity.shadergraph/Editor/Importers/ShaderGraphMetadata.cs","b64ab828cd6c5b3479a4c575ca6617d5","Transitive","ThirdParty",
"Assets/Resources/Prefab/Unit/TestTowerBlueRuntime.prefab","86effef21215481438a7d1f6fb7ee429","Assets/Art/Model/蓝方防御塔.glb","5c2dda9b8c528924ca647ec45754439c","Direct","ClientPresentation",
"Assets/Resources/Prefab/Unit/TestTowerBlueRuntime.prefab","86effef21215481438a7d1f6fb7ee429","Assets/Config/Formal/UnitOutlineRim.mat","864a3b4ca3d42f44484fae1ef521e889","Direct","ClientPresentation",
"Assets/Resources/Prefab/Unit/TestTowerBlueRuntime.prefab","86effef21215481438a7d1f6fb7ee429","Assets/Resources/Animation/Turret/TurretBlue.controller","4c8eb35614430c040b29c9b33a5e1d5c","Direct","ClientPresentation",
"Assets/Resources/Prefab/Unit/TestTowerBlueRuntime.prefab","86effef21215481438a7d1f6fb7ee429","Assets/Resources/Animation/Turret/TurretBlueAnimationProfile.asset","0704006b28978b24d89ddc8d722b798e","Direct","ClientPresentation",
"Assets/Resources/Prefab/Unit/TestTowerBlueRuntime.prefab","86effef21215481438a7d1f6fb7ee429","Assets/Resources/Animation/Turret/TurretDestory_Blue.anim","107a79369ffc0914095510fb87ba6781","Transitive","ClientPresentation",
"Assets/Resources/Prefab/Unit/TestTowerBlueRuntime.prefab","86effef21215481438a7d1f6fb7ee429","Assets/Resources/Animation/Turret/TurretIdle_Blue.anim","88f8fb5f070c65f47acfe5dbe2f93031","Transitive","ClientPresentation",
"Assets/Resources/Prefab/Unit/TestTowerBlueRuntime.prefab","86effef21215481438a7d1f6fb7ee429","Assets/Scripts/Bootstrap/ClientUnitOutline.cs","e27fb308c093d80429c4af615daf7055","Direct","EditorOrCode",
"Assets/Resources/Prefab/Unit/TestTowerBlueRuntime.prefab","86effef21215481438a7d1f6fb7ee429","Assets/Scripts/FrameSync/PresentationSocketSet.cs","a7c8b8e0d56dd714c96ff5e67047c8f0","Direct","EditorOrCode",
"Assets/Resources/Prefab/Unit/TestTowerBlueRuntime.prefab","86effef21215481438a7d1f6fb7ee429","Assets/Scripts/FrameSync/TowerTargetLinePresenter.cs","44765ad328b802541a8af70d5df2a94c","Direct","EditorOrCode",
"Assets/Resources/Prefab/Unit/TestTowerBlueRuntime.prefab","86effef21215481438a7d1f6fb7ee429","Assets/Scripts/FrameSync/UnitAnimationDriver.cs","377bfec80d767444382fe67b6c4c5b38","Direct","EditorOrCode",
"Assets/Resources/Prefab/Unit/TestTowerBlueRuntime.prefab","86effef21215481438a7d1f6fb7ee429","Assets/Scripts/FrameSync/UnitPresentationHost.cs","94939c62f8549054d9238b3896698fe4","Direct","EditorOrCode",
"Assets/Resources/Prefab/Unit/TestTowerBlueRuntime.prefab","86effef21215481438a7d1f6fb7ee429","Assets/Scripts/Gameplay/Attack/TowerAttackHandler.cs","d7749b323d4bedd41905d72bfd3b55bc","Direct","EditorOrCode",
"Assets/Resources/Prefab/Unit/TestTowerBlueRuntime.prefab","86effef21215481438a7d1f6fb7ee429","Assets/Scripts/Gameplay/Buff/BuffHandler.cs","75af4f65fc14b0e47a13cf0f26e0fb62","Direct","EditorOrCode",
"Assets/Resources/Prefab/Unit/TestTowerBlueRuntime.prefab","86effef21215481438a7d1f6fb7ee429","Assets/Scripts/Gameplay/CrowdControl/CrowdControlHandler.cs","3fbd12ccb1f37e24c8448b6322cda983","Direct","EditorOrCode",
"Assets/Resources/Prefab/Unit/TestTowerBlueRuntime.prefab","86effef21215481438a7d1f6fb7ee429","Assets/Scripts/Gameplay/Presentation/UnitAnimationProfile.cs","7112a06ac3587ca46ba2dbfa5b35902b","Transitive","EditorOrCode",
"Assets/Resources/Prefab/Unit/TestTowerBlueRuntime.prefab","86effef21215481438a7d1f6fb7ee429","Assets/Scripts/Gameplay/Stats/StatHandler.cs","d83cb680cdcf541438b70b0b87eb51fa","Direct","EditorOrCode",
"Assets/Resources/Prefab/Unit/TestTowerBlueRuntime.prefab","86effef21215481438a7d1f6fb7ee429","Assets/Scripts/Gameplay/Unit/Core/Unit.cs","d8b92a46f17a0c1408cebd31e093972b","Direct","EditorOrCode",
"Assets/Resources/Prefab/Unit/TestTowerBlueRuntime.prefab","86effef21215481438a7d1f6fb7ee429","Assets/Scripts/Physics/Core/PhysicsEntity2D.cs","cf2e4b89224828f48befee4b715885df","Direct","EditorOrCode",
"Assets/Resources/Prefab/Unit/TestTowerBlueRuntime.prefab","86effef21215481438a7d1f6fb7ee429","Assets/Scripts/Physics/Core/PhysicsEntity2DShapeAuthoring.cs","ed0a9cc1ab86cbe4484aa191eda97ca8","Direct","EditorOrCode",
"Assets/Resources/Prefab/Unit/TestTowerBlueRuntime.prefab","86effef21215481438a7d1f6fb7ee429","Assets/Shader/UnitOutlineRim.shader","66aa05f6f4814464ebf165d1aba43d7e","Transitive","ClientPresentation",
"Assets/Resources/Prefab/Unit/TestTowerBlueRuntime.prefab","86effef21215481438a7d1f6fb7ee429","Packages/com.siccity.gltfutility/Materials/URP/Standard (Metallic).shadergraph","a08f3a1c845d57c4293a42c3202574a1","Transitive","ThirdParty",
"Assets/Resources/Prefab/Unit/TestTowerBlueRuntime.prefab","86effef21215481438a7d1f6fb7ee429","Packages/com.siccity.gltfutility/Materials/URP/Standard (Specular).shadergraph","e6061ad897a8bd843b501d409aff8a22","Transitive","ThirdParty",
"Assets/Resources/Prefab/Unit/TestTowerBlueRuntime.prefab","86effef21215481438a7d1f6fb7ee429","Packages/com.siccity.gltfutility/Materials/URP/Standard Transparent (Metallic).shadergraph","bb6606ffd3868dd46a773758ff6901fc","Transitive","ThirdParty",
"Assets/Resources/Prefab/Unit/TestTowerBlueRuntime.prefab","86effef21215481438a7d1f6fb7ee429","Packages/com.siccity.gltfutility/Materials/URP/Standard Transparent (Specular).shadergraph","09512c1ba26fe804283ec6e09112e53c","Transitive","ThirdParty",
"Assets/Resources/Prefab/Unit/TestTowerBlueRuntime.prefab","86effef21215481438a7d1f6fb7ee429","Packages/com.siccity.gltfutility/Scripts/Editor/GLBImporter.cs","768a5a18fd6eb914f980bf85dd7b34ec","Transitive","ThirdParty",
"Assets/Resources/Prefab/Unit/TestTowerBlueRuntime.prefab","86effef21215481438a7d1f6fb7ee429","Packages/com.unity.render-pipelines.universal/Editor/ShaderGraph/UniversalMetadata.cs","d2654ad3c17ab8a4ebb9fd0719795d21","Transitive","ThirdParty",
"Assets/Resources/Prefab/Unit/TestTowerBlueRuntime.prefab","86effef21215481438a7d1f6fb7ee429","Packages/com.unity.shadergraph/Editor/Importers/ShaderGraphImporter.cs","625f186215c104763be7675aa2d941aa","Transitive","ThirdParty",
"Assets/Resources/Prefab/Unit/TestTowerBlueRuntime.prefab","86effef21215481438a7d1f6fb7ee429","Packages/com.unity.shadergraph/Editor/Importers/ShaderGraphMetadata.cs","b64ab828cd6c5b3479a4c575ca6617d5","Transitive","ThirdParty",
"Assets/Resources/Prefab/Unit/TestTowerRedRuntime.prefab","8117cac3f6c07ae418a92479ffd9b25c","Assets/Art/Model/红方防御塔.glb","804b36482ac2a7445b4ba95e89e1699c","Direct","ClientPresentation",
"Assets/Resources/Prefab/Unit/TestTowerRedRuntime.prefab","8117cac3f6c07ae418a92479ffd9b25c","Assets/Config/Formal/UnitOutlineRim.mat","864a3b4ca3d42f44484fae1ef521e889","Direct","ClientPresentation",
"Assets/Resources/Prefab/Unit/TestTowerRedRuntime.prefab","8117cac3f6c07ae418a92479ffd9b25c","Assets/Resources/Animation/Turret/TurretDestory_Red.anim","5ebdcaeb4f0327541afe5e4a5ffe3438","Transitive","ClientPresentation",
"Assets/Resources/Prefab/Unit/TestTowerRedRuntime.prefab","8117cac3f6c07ae418a92479ffd9b25c","Assets/Resources/Animation/Turret/TurretIdel_Red.anim","aa2b48c3faf9e5748a0a4be7c03c2197","Transitive","ClientPresentation",
"Assets/Resources/Prefab/Unit/TestTowerRedRuntime.prefab","8117cac3f6c07ae418a92479ffd9b25c","Assets/Resources/Animation/Turret/TurretRed.controller","5593f884ef5e12a4baf9dfd3ccb04977","Direct","ClientPresentation",
"Assets/Resources/Prefab/Unit/TestTowerRedRuntime.prefab","8117cac3f6c07ae418a92479ffd9b25c","Assets/Resources/Animation/Turret/TurretRedAnimationProfile.asset","3168336f57ba06b4d8d9641835c44ef6","Direct","ClientPresentation",
"Assets/Resources/Prefab/Unit/TestTowerRedRuntime.prefab","8117cac3f6c07ae418a92479ffd9b25c","Assets/Scripts/Bootstrap/ClientUnitOutline.cs","e27fb308c093d80429c4af615daf7055","Direct","EditorOrCode",
"Assets/Resources/Prefab/Unit/TestTowerRedRuntime.prefab","8117cac3f6c07ae418a92479ffd9b25c","Assets/Scripts/FrameSync/PresentationSocketSet.cs","a7c8b8e0d56dd714c96ff5e67047c8f0","Direct","EditorOrCode",
"Assets/Resources/Prefab/Unit/TestTowerRedRuntime.prefab","8117cac3f6c07ae418a92479ffd9b25c","Assets/Scripts/FrameSync/TowerTargetLinePresenter.cs","44765ad328b802541a8af70d5df2a94c","Direct","EditorOrCode",
"Assets/Resources/Prefab/Unit/TestTowerRedRuntime.prefab","8117cac3f6c07ae418a92479ffd9b25c","Assets/Scripts/FrameSync/UnitAnimationDriver.cs","377bfec80d767444382fe67b6c4c5b38","Direct","EditorOrCode",
"Assets/Resources/Prefab/Unit/TestTowerRedRuntime.prefab","8117cac3f6c07ae418a92479ffd9b25c","Assets/Scripts/FrameSync/UnitPresentationHost.cs","94939c62f8549054d9238b3896698fe4","Direct","EditorOrCode",
"Assets/Resources/Prefab/Unit/TestTowerRedRuntime.prefab","8117cac3f6c07ae418a92479ffd9b25c","Assets/Scripts/Gameplay/Attack/TowerAttackHandler.cs","d7749b323d4bedd41905d72bfd3b55bc","Direct","EditorOrCode",
"Assets/Resources/Prefab/Unit/TestTowerRedRuntime.prefab","8117cac3f6c07ae418a92479ffd9b25c","Assets/Scripts/Gameplay/Buff/BuffHandler.cs","75af4f65fc14b0e47a13cf0f26e0fb62","Direct","EditorOrCode",
"Assets/Resources/Prefab/Unit/TestTowerRedRuntime.prefab","8117cac3f6c07ae418a92479ffd9b25c","Assets/Scripts/Gameplay/CrowdControl/CrowdControlHandler.cs","3fbd12ccb1f37e24c8448b6322cda983","Direct","EditorOrCode",
"Assets/Resources/Prefab/Unit/TestTowerRedRuntime.prefab","8117cac3f6c07ae418a92479ffd9b25c","Assets/Scripts/Gameplay/Presentation/UnitAnimationProfile.cs","7112a06ac3587ca46ba2dbfa5b35902b","Transitive","EditorOrCode",
"Assets/Resources/Prefab/Unit/TestTowerRedRuntime.prefab","8117cac3f6c07ae418a92479ffd9b25c","Assets/Scripts/Gameplay/Stats/StatHandler.cs","d83cb680cdcf541438b70b0b87eb51fa","Direct","EditorOrCode",
"Assets/Resources/Prefab/Unit/TestTowerRedRuntime.prefab","8117cac3f6c07ae418a92479ffd9b25c","Assets/Scripts/Gameplay/Unit/Core/Unit.cs","d8b92a46f17a0c1408cebd31e093972b","Direct","EditorOrCode",
"Assets/Resources/Prefab/Unit/TestTowerRedRuntime.prefab","8117cac3f6c07ae418a92479ffd9b25c","Assets/Scripts/Physics/Core/PhysicsEntity2D.cs","cf2e4b89224828f48befee4b715885df","Direct","EditorOrCode",
"Assets/Resources/Prefab/Unit/TestTowerRedRuntime.prefab","8117cac3f6c07ae418a92479ffd9b25c","Assets/Scripts/Physics/Core/PhysicsEntity2DShapeAuthoring.cs","ed0a9cc1ab86cbe4484aa191eda97ca8","Direct","EditorOrCode",
"Assets/Resources/Prefab/Unit/TestTowerRedRuntime.prefab","8117cac3f6c07ae418a92479ffd9b25c","Assets/Shader/UnitOutlineRim.shader","66aa05f6f4814464ebf165d1aba43d7e","Transitive","ClientPresentation",
"Assets/Resources/Prefab/Unit/TestTowerRedRuntime.prefab","8117cac3f6c07ae418a92479ffd9b25c","Packages/com.siccity.gltfutility/Materials/URP/Standard (Metallic).shadergraph","a08f3a1c845d57c4293a42c3202574a1","Transitive","ThirdParty",
"Assets/Resources/Prefab/Unit/TestTowerRedRuntime.prefab","8117cac3f6c07ae418a92479ffd9b25c","Packages/com.siccity.gltfutility/Materials/URP/Standard (Specular).shadergraph","e6061ad897a8bd843b501d409aff8a22","Transitive","ThirdParty",
"Assets/Resources/Prefab/Unit/TestTowerRedRuntime.prefab","8117cac3f6c07ae418a92479ffd9b25c","Packages/com.siccity.gltfutility/Materials/URP/Standard Transparent (Metallic).shadergraph","bb6606ffd3868dd46a773758ff6901fc","Transitive","ThirdParty",
"Assets/Resources/Prefab/Unit/TestTowerRedRuntime.prefab","8117cac3f6c07ae418a92479ffd9b25c","Packages/com.siccity.gltfutility/Materials/URP/Standard Transparent (Specular).shadergraph","09512c1ba26fe804283ec6e09112e53c","Transitive","ThirdParty",
"Assets/Resources/Prefab/Unit/TestTowerRedRuntime.prefab","8117cac3f6c07ae418a92479ffd9b25c","Packages/com.siccity.gltfutility/Scripts/Editor/GLBImporter.cs","768a5a18fd6eb914f980bf85dd7b34ec","Transitive","ThirdParty",
"Assets/Resources/Prefab/Unit/TestTowerRedRuntime.prefab","8117cac3f6c07ae418a92479ffd9b25c","Packages/com.unity.render-pipelines.universal/Editor/ShaderGraph/UniversalMetadata.cs","d2654ad3c17ab8a4ebb9fd0719795d21","Transitive","ThirdParty",
"Assets/Resources/Prefab/Unit/TestTowerRedRuntime.prefab","8117cac3f6c07ae418a92479ffd9b25c","Packages/com.unity.shadergraph/Editor/Importers/ShaderGraphImporter.cs","625f186215c104763be7675aa2d941aa","Transitive","ThirdParty",
"Assets/Resources/Prefab/Unit/TestTowerRedRuntime.prefab","8117cac3f6c07ae418a92479ffd9b25c","Packages/com.unity.shadergraph/Editor/Importers/ShaderGraphMetadata.cs","b64ab828cd6c5b3479a4c575ca6617d5","Transitive","ThirdParty",
"Assets/Resources/Prefab/Unit/VarusRuntime.prefab","8386d2da6f6754946a202d33532daffd","Assets/Art/Model/惩戒之箭.glb","8f40f99fab8436a49b4e59ff72e4a06c","Direct","ClientPresentation",
"Assets/Resources/Prefab/Unit/VarusRuntime.prefab","8386d2da6f6754946a202d33532daffd","Assets/Config/Formal/Abilities/VarusAbilityLoadout.asset","71946883abc6c8a47bdcc5c3a61b356c","Direct","SharedConfig",
"Assets/Resources/Prefab/Unit/VarusRuntime.prefab","8386d2da6f6754946a202d33532daffd","Assets/Config/Formal/Animation/TestUnitAnimationProfile.asset","3592d1e3449411743befb9d5763bcfe9","Direct","SharedConfig",
"Assets/Resources/Prefab/Unit/VarusRuntime.prefab","8386d2da6f6754946a202d33532daffd","Assets/Config/Formal/Animation/Varus.controller","44660058be562344494669a80981d4b3","Direct","ClientPresentation",
"Assets/Resources/Prefab/Unit/VarusRuntime.prefab","8386d2da6f6754946a202d33532daffd","Assets/Config/Formal/UnitOutlineRim.mat","864a3b4ca3d42f44484fae1ef521e889","Direct","ClientPresentation",
"Assets/Resources/Prefab/Unit/VarusRuntime.prefab","8386d2da6f6754946a202d33532daffd","Assets/Resources/Animation/Varus/VarusAttack1.anim","0cf85d26f59eb7746bdb4a51a69a0f50","Transitive","ClientPresentation",
"Assets/Resources/Prefab/Unit/VarusRuntime.prefab","8386d2da6f6754946a202d33532daffd","Assets/Resources/Animation/Varus/VarusAttack2.anim","23935cc971facab4480e1da8e5edbd92","Transitive","ClientPresentation",
"Assets/Resources/Prefab/Unit/VarusRuntime.prefab","8386d2da6f6754946a202d33532daffd","Assets/Resources/Animation/Varus/VarusDeath.anim","91911fca58c97c249bc80badbe09f4a5","Transitive","ClientPresentation",
"Assets/Resources/Prefab/Unit/VarusRuntime.prefab","8386d2da6f6754946a202d33532daffd","Assets/Resources/Animation/Varus/VarusIdle.anim","276c23e01035d5e4ea228102f7966744","Transitive","ClientPresentation",
"Assets/Resources/Prefab/Unit/VarusRuntime.prefab","8386d2da6f6754946a202d33532daffd","Assets/Resources/Animation/Varus/VarusSpellE.anim","04a1600959a5a814d9dc7ffcf689abd9","Transitive","ClientPresentation",
"Assets/Resources/Prefab/Unit/VarusRuntime.prefab","8386d2da6f6754946a202d33532daffd","Assets/Resources/Animation/Varus/VarusSpellQChanneling_Walk.anim","5f316e4f42754a54c91a85a08f1c2109","Transitive","ClientPresentation",
"Assets/Resources/Prefab/Unit/VarusRuntime.prefab","8386d2da6f6754946a202d33532daffd","Assets/Resources/Animation/Varus/VarusSpellQ_ChannelingIdle.anim","0be8f0f20ceb7154683d8e7153807b32","Transitive","ClientPresentation",
"Assets/Resources/Prefab/Unit/VarusRuntime.prefab","8386d2da6f6754946a202d33532daffd","Assets/Resources/Animation/Varus/VarusSpellQ_Fire.anim","59c9f8e0dcb3b8f4da24bd657198556e","Transitive","ClientPresentation",
"Assets/Resources/Prefab/Unit/VarusRuntime.prefab","8386d2da6f6754946a202d33532daffd","Assets/Resources/Animation/Varus/VarusSpellR.anim","67ff9cd0d01dd0b47a0255bc14ee0ca1","Transitive","ClientPresentation",
"Assets/Resources/Prefab/Unit/VarusRuntime.prefab","8386d2da6f6754946a202d33532daffd","Assets/Resources/Animation/Varus/VarusWalk.anim","53277acafa583bd42903fd3e03109128","Transitive","ClientPresentation",
"Assets/Resources/Prefab/Unit/VarusRuntime.prefab","8386d2da6f6754946a202d33532daffd","Assets/Scripts/Bootstrap/ClientUnitOutline.cs","e27fb308c093d80429c4af615daf7055","Direct","EditorOrCode",
"Assets/Resources/Prefab/Unit/VarusRuntime.prefab","8386d2da6f6754946a202d33532daffd","Assets/Scripts/FrameSync/PresentationSocketSet.cs","a7c8b8e0d56dd714c96ff5e67047c8f0","Direct","EditorOrCode",
"Assets/Resources/Prefab/Unit/VarusRuntime.prefab","8386d2da6f6754946a202d33532daffd","Assets/Scripts/FrameSync/UnitAnimationDriver.cs","377bfec80d767444382fe67b6c4c5b38","Direct","EditorOrCode",
"Assets/Resources/Prefab/Unit/VarusRuntime.prefab","8386d2da6f6754946a202d33532daffd","Assets/Scripts/FrameSync/UnitPresentationHost.cs","94939c62f8549054d9238b3896698fe4","Direct","EditorOrCode",
"Assets/Resources/Prefab/Unit/VarusRuntime.prefab","8386d2da6f6754946a202d33532daffd","Assets/Scripts/Gameplay/Ability/AbilityHandler.cs","4f79abb261c1b3b4bb423e8924a50d88","Direct","EditorOrCode",
"Assets/Resources/Prefab/Unit/VarusRuntime.prefab","8386d2da6f6754946a202d33532daffd","Assets/Scripts/Gameplay/Ability/AbilityLoadoutAsset.cs","d777bfd7214aa684283d480f804d60ed","Transitive","EditorOrCode",
"Assets/Resources/Prefab/Unit/VarusRuntime.prefab","8386d2da6f6754946a202d33532daffd","Assets/Scripts/Gameplay/Attack/AttackHandler.cs","11536609f17ade44196b69b7297fbadf","Direct","EditorOrCode",
"Assets/Resources/Prefab/Unit/VarusRuntime.prefab","8386d2da6f6754946a202d33532daffd","Assets/Scripts/Gameplay/Buff/BuffHandler.cs","75af4f65fc14b0e47a13cf0f26e0fb62","Direct","EditorOrCode",
"Assets/Resources/Prefab/Unit/VarusRuntime.prefab","8386d2da6f6754946a202d33532daffd","Assets/Scripts/Gameplay/CrowdControl/CrowdControlHandler.cs","3fbd12ccb1f37e24c8448b6322cda983","Direct","EditorOrCode",
"Assets/Resources/Prefab/Unit/VarusRuntime.prefab","8386d2da6f6754946a202d33532daffd","Assets/Scripts/Gameplay/Equipment/EquipmentHandler.cs","1d296fac7364e2f4b8449516654b37a4","Direct","EditorOrCode",
"Assets/Resources/Prefab/Unit/VarusRuntime.prefab","8386d2da6f6754946a202d33532daffd","Assets/Scripts/Gameplay/Movement/MovementHandler.cs","0493a04bad49cf540a1384de14b9aa2f","Direct","EditorOrCode",
"Assets/Resources/Prefab/Unit/VarusRuntime.prefab","8386d2da6f6754946a202d33532daffd","Assets/Scripts/Gameplay/Presentation/UnitAnimationProfile.cs","7112a06ac3587ca46ba2dbfa5b35902b","Transitive","EditorOrCode",
"Assets/Resources/Prefab/Unit/VarusRuntime.prefab","8386d2da6f6754946a202d33532daffd","Assets/Scripts/Gameplay/Stats/StatHandler.cs","d83cb680cdcf541438b70b0b87eb51fa","Direct","EditorOrCode",
"Assets/Resources/Prefab/Unit/VarusRuntime.prefab","8386d2da6f6754946a202d33532daffd","Assets/Scripts/Gameplay/Unit/Core/Unit.cs","d8b92a46f17a0c1408cebd31e093972b","Direct","EditorOrCode",
"Assets/Resources/Prefab/Unit/VarusRuntime.prefab","8386d2da6f6754946a202d33532daffd","Assets/Scripts/Physics/Core/PhysicsEntity2D.cs","cf2e4b89224828f48befee4b715885df","Direct","EditorOrCode",
"Assets/Resources/Prefab/Unit/VarusRuntime.prefab","8386d2da6f6754946a202d33532daffd","Assets/Scripts/Physics/Core/PhysicsEntity2DShapeAuthoring.cs","ed0a9cc1ab86cbe4484aa191eda97ca8","Direct","EditorOrCode",
"Assets/Resources/Prefab/Unit/VarusRuntime.prefab","8386d2da6f6754946a202d33532daffd","Assets/Shader/UnitOutlineRim.shader","66aa05f6f4814464ebf165d1aba43d7e","Transitive","ClientPresentation",
"Assets/Resources/Prefab/Unit/VarusRuntime.prefab","8386d2da6f6754946a202d33532daffd","Packages/com.siccity.gltfutility/Materials/URP/Standard (Metallic).shadergraph","a08f3a1c845d57c4293a42c3202574a1","Transitive","ThirdParty",
"Assets/Resources/Prefab/Unit/VarusRuntime.prefab","8386d2da6f6754946a202d33532daffd","Packages/com.siccity.gltfutility/Materials/URP/Standard (Specular).shadergraph","e6061ad897a8bd843b501d409aff8a22","Transitive","ThirdParty",
"Assets/Resources/Prefab/Unit/VarusRuntime.prefab","8386d2da6f6754946a202d33532daffd","Packages/com.siccity.gltfutility/Materials/URP/Standard Transparent (Metallic).shadergraph","bb6606ffd3868dd46a773758ff6901fc","Transitive","ThirdParty",
"Assets/Resources/Prefab/Unit/VarusRuntime.prefab","8386d2da6f6754946a202d33532daffd","Packages/com.siccity.gltfutility/Materials/URP/Standard Transparent (Specular).shadergraph","09512c1ba26fe804283ec6e09112e53c","Transitive","ThirdParty",
"Assets/Resources/Prefab/Unit/VarusRuntime.prefab","8386d2da6f6754946a202d33532daffd","Packages/com.siccity.gltfutility/Scripts/Editor/GLBImporter.cs","768a5a18fd6eb914f980bf85dd7b34ec","Transitive","ThirdParty",
"Assets/Resources/Prefab/Unit/VarusRuntime.prefab","8386d2da6f6754946a202d33532daffd","Packages/com.unity.render-pipelines.universal/Editor/ShaderGraph/UniversalMetadata.cs","d2654ad3c17ab8a4ebb9fd0719795d21","Transitive","ThirdParty",
"Assets/Resources/Prefab/Unit/VarusRuntime.prefab","8386d2da6f6754946a202d33532daffd","Packages/com.unity.shadergraph/Editor/Importers/ShaderGraphImporter.cs","625f186215c104763be7675aa2d941aa","Transitive","ThirdParty",
"Assets/Resources/Prefab/Unit/VarusRuntime.prefab","8386d2da6f6754946a202d33532daffd","Packages/com.unity.shadergraph/Editor/Importers/ShaderGraphMetadata.cs","b64ab828cd6c5b3479a4c575ca6617d5","Transitive","ThirdParty",
"Assets/Resources/Prefab/VFX/AatroxQ1VFX.prefab","c104df327fc900e459d8d8d88080e74c","Assets/Art/Img/剑魔Q1特效.png","6639585702dbaa74f854854c9b44fec5","Direct","ClientPresentation",
"Assets/Resources/Prefab/VFX/AatroxQ2VFX.prefab","e548ee90e7b95e74fa2b03d68ec88b7a","Assets/Art/Img/剑魔Q2特效.png","1d8b1aceb7498f648a82afd1cc27343e","Direct","ClientPresentation",
"Assets/Resources/Prefab/VFX/AatroxQ3VFX.prefab","4c4378ba777eca9439d5d0e74413316d","Assets/Art/Img/剑魔Q3特效.png","27f4cf630739603478c09255ee54bbf7","Direct","ClientPresentation",
"Assets/Resources/Prefab/VFX/RenvengeIgniteVFX.prefab","188f953b9c8e8bb45aae4dad667fff10","Packages/com.unity.render-pipelines.universal/Editor/AssetVersion.cs","d0353a89b1f911e48b9e16bdc9f2e058","Transitive","ThirdParty",
"Assets/Resources/Prefab/VFX/RenvengeIgniteVFX.prefab","188f953b9c8e8bb45aae4dad667fff10","Packages/com.unity.render-pipelines.universal/Runtime/Materials/ParticlesUnlit.mat","e823cd5b5d27c0f4b8256e7c12ee3e6d","Direct","ThirdParty",
"Assets/Resources/Prefab/VFX/RenvengeIgniteVFX.prefab","188f953b9c8e8bb45aae4dad667fff10","Packages/com.unity.render-pipelines.universal/Shaders/Particles/ParticlesUnlit.shader","0406db5a14f94604a8c57ccfbc9f3b46","Transitive","ThirdParty",
"Assets/Resources/Prefab/VFX/RevengeMarkVFX.prefab","b8afe4b8f34ff6e489e0893500558ddc","Assets/Resources/Material/韦鲁斯特效通用材质.mat","a22de958bf0c8ff47a18ee82d573f017","Direct","ClientPresentation",
"Assets/Resources/Prefab/VFX/RevengeMarkVFX.prefab","b8afe4b8f34ff6e489e0893500558ddc","Packages/com.unity.render-pipelines.universal/Editor/AssetVersion.cs","d0353a89b1f911e48b9e16bdc9f2e058","Transitive","ThirdParty",
"Assets/Resources/Prefab/VFX/RevengeMarkVFX.prefab","b8afe4b8f34ff6e489e0893500558ddc","Packages/com.unity.render-pipelines.universal/Shaders/Lit.shader","933532a4fcc9baf4fa0491de14d08ed7","Transitive","ThirdParty",
"Assets/Resources/Prefab/VFX/VarusRBuffVFX.prefab","37b5e78e750a585489efc9dc73bc60d2","Assets/Resources/Material/韦鲁斯特效通用材质.mat","a22de958bf0c8ff47a18ee82d573f017","Direct","ClientPresentation",
"Assets/Resources/Prefab/VFX/VarusRBuffVFX.prefab","37b5e78e750a585489efc9dc73bc60d2","Assets/Scripts/FrameSync/CorruptionVineSpreadLineBehaviour.cs","c307e98cfee29034b9c20fa8f5f76740","Direct","EditorOrCode",
"Assets/Resources/Prefab/VFX/VarusRBuffVFX.prefab","37b5e78e750a585489efc9dc73bc60d2","Assets/Scripts/Presentation/SplineTentacleRenderer.cs","456d68042b6fa4747bb50d6e7aa645bf","Direct","EditorOrCode",
"Assets/Resources/Prefab/VFX/VarusRBuffVFX.prefab","37b5e78e750a585489efc9dc73bc60d2","Packages/com.unity.render-pipelines.universal/Editor/AssetVersion.cs","d0353a89b1f911e48b9e16bdc9f2e058","Transitive","ThirdParty",
"Assets/Resources/Prefab/VFX/VarusRBuffVFX.prefab","37b5e78e750a585489efc9dc73bc60d2","Packages/com.unity.render-pipelines.universal/Shaders/Lit.shader","933532a4fcc9baf4fa0491de14d08ed7","Transitive","ThirdParty",
"Assets/Resources/Prefab/VFX/VarusRBuffVFX.prefab","37b5e78e750a585489efc9dc73bc60d2","Packages/com.unity.splines/Runtime/SplineContainer.cs","dab5c7d4c32e743048dfca98e2d5914f","Direct","ThirdParty",
"Assets/Resources/Prefab/VFX/VarusSpellEVFX.prefab","bfe65ff0689be0f4bb52ef5cd63cccbc","Assets/Art/Model/韦鲁斯_E特效.glb","ec4bfcbd6fd33364aa532d3531de3147","Direct","ClientPresentation",
"Assets/Resources/Prefab/VFX/VarusSpellEVFX.prefab","bfe65ff0689be0f4bb52ef5cd63cccbc","Assets/Scripts/FrameSync/VfxPlaybackHost.cs","51532e9eb1691d0429ab49c063121b01","Direct","EditorOrCode",
"Assets/Resources/Prefab/VFX/VarusSpellEVFX.prefab","bfe65ff0689be0f4bb52ef5cd63cccbc","Packages/com.siccity.gltfutility/Materials/URP/Standard (Metallic).shadergraph","a08f3a1c845d57c4293a42c3202574a1","Transitive","ThirdParty",
"Assets/Resources/Prefab/VFX/VarusSpellEVFX.prefab","bfe65ff0689be0f4bb52ef5cd63cccbc","Packages/com.siccity.gltfutility/Materials/URP/Standard (Specular).shadergraph","e6061ad897a8bd843b501d409aff8a22","Transitive","ThirdParty",
"Assets/Resources/Prefab/VFX/VarusSpellEVFX.prefab","bfe65ff0689be0f4bb52ef5cd63cccbc","Packages/com.siccity.gltfutility/Materials/URP/Standard Transparent (Metallic).shadergraph","bb6606ffd3868dd46a773758ff6901fc","Transitive","ThirdParty",
"Assets/Resources/Prefab/VFX/VarusSpellEVFX.prefab","bfe65ff0689be0f4bb52ef5cd63cccbc","Packages/com.siccity.gltfutility/Materials/URP/Standard Transparent (Specular).shadergraph","09512c1ba26fe804283ec6e09112e53c","Transitive","ThirdParty",
"Assets/Resources/Prefab/VFX/VarusSpellEVFX.prefab","bfe65ff0689be0f4bb52ef5cd63cccbc","Packages/com.siccity.gltfutility/Scripts/Editor/GLBImporter.cs","768a5a18fd6eb914f980bf85dd7b34ec","Transitive","ThirdParty",
"Assets/Resources/Prefab/VFX/VarusSpellEVFX.prefab","bfe65ff0689be0f4bb52ef5cd63cccbc","Packages/com.unity.render-pipelines.universal/Editor/ShaderGraph/UniversalMetadata.cs","d2654ad3c17ab8a4ebb9fd0719795d21","Transitive","ThirdParty",
"Assets/Resources/Prefab/VFX/VarusSpellEVFX.prefab","bfe65ff0689be0f4bb52ef5cd63cccbc","Packages/com.unity.shadergraph/Editor/Importers/ShaderGraphImporter.cs","625f186215c104763be7675aa2d941aa","Transitive","ThirdParty",
"Assets/Resources/Prefab/VFX/VarusSpellEVFX.prefab","bfe65ff0689be0f4bb52ef5cd63cccbc","Packages/com.unity.shadergraph/Editor/Importers/ShaderGraphMetadata.cs","b64ab828cd6c5b3479a4c575ca6617d5","Transitive","ThirdParty",
"Assets/Scenes/ClientBootstrap.unity","4483210685260ce40a14040cf79888de","Assets/Art/Icon/Ability/Aatrox/AatroxQ1.png","e894b675c21081c48870a9a7933c7439","Transitive","ClientPresentation",
"Assets/Scenes/ClientBootstrap.unity","4483210685260ce40a14040cf79888de","Assets/Art/Icon/Ability/Aatrox/AatroxQ2.png","00e9e3466d875504dacc31d33410c22a","Transitive","ClientPresentation",
"Assets/Scenes/ClientBootstrap.unity","4483210685260ce40a14040cf79888de","Assets/Art/Icon/Ability/Aatrox/AatroxQ3.png","6b760e2beac14724da8a55d9ff3ecd64","Transitive","ClientPresentation",
"Assets/Scenes/ClientBootstrap.unity","4483210685260ce40a14040cf79888de","Assets/Art/Icon/Hero/Aatrox.png","05cc6a8fbb52ed246b0f3b4720325ef1","Transitive","ClientPresentation",
"Assets/Scenes/ClientBootstrap.unity","4483210685260ce40a14040cf79888de","Assets/Art/Icon/Hero/Varus.jpg","b54876e9c470b774fa7adc1a21c34d1e","Transitive","ClientPresentation",
"Assets/Scenes/ClientBootstrap.unity","4483210685260ce40a14040cf79888de","Assets/Art/Img/剑魔Q1特效.png","6639585702dbaa74f854854c9b44fec5","Transitive","ClientPresentation",
"Assets/Scenes/ClientBootstrap.unity","4483210685260ce40a14040cf79888de","Assets/Art/Img/剑魔Q2特效.png","1d8b1aceb7498f648a82afd1cc27343e","Transitive","ClientPresentation",
"Assets/Scenes/ClientBootstrap.unity","4483210685260ce40a14040cf79888de","Assets/Art/Img/剑魔Q3特效.png","27f4cf630739603478c09255ee54bbf7","Transitive","ClientPresentation",
"Assets/Scenes/ClientBootstrap.unity","4483210685260ce40a14040cf79888de","Assets/Art/Img/韦鲁斯E污染地面贴图.png","8fe40a9a092a27d47aab50fba5763bef","Transitive","ClientPresentation",
"Assets/Scenes/ClientBootstrap.unity","4483210685260ce40a14040cf79888de","Assets/Art/Model/惩戒之箭.glb","8f40f99fab8436a49b4e59ff72e4a06c","Transitive","ClientPresentation",
"Assets/Scenes/ClientBootstrap.unity","4483210685260ce40a14040cf79888de","Assets/Art/Model/暗裔剑魔.glb","685c437926c856740894fdf207975bb1","Transitive","ClientPresentation",
"Assets/Scenes/ClientBootstrap.unity","4483210685260ce40a14040cf79888de","Assets/Art/Model/红方近战小兵.glb","c890ea416b8790e408fe2b525edec67f","Transitive","ClientPresentation",
"Assets/Scenes/ClientBootstrap.unity","4483210685260ce40a14040cf79888de","Assets/Art/Model/红方远程小兵.glb","ddbb9a9fe8ffc8e43a83662e68f48609","Transitive","ClientPresentation",
"Assets/Scenes/ClientBootstrap.unity","4483210685260ce40a14040cf79888de","Assets/Art/Model/红方防御塔.glb","804b36482ac2a7445b4ba95e89e1699c","Transitive","ClientPresentation",
"Assets/Scenes/ClientBootstrap.unity","4483210685260ce40a14040cf79888de","Assets/Art/Model/蓝方近战小兵.glb","992d5acb9b350e749baa94ae4267cecb","Transitive","ClientPresentation",
"Assets/Scenes/ClientBootstrap.unity","4483210685260ce40a14040cf79888de","Assets/Art/Model/蓝方远程小兵.glb","065c37ae71d0926459365abaef2cd1a4","Transitive","ClientPresentation",
"Assets/Scenes/ClientBootstrap.unity","4483210685260ce40a14040cf79888de","Assets/Art/Model/蓝方防御塔.glb","5c2dda9b8c528924ca647ec45754439c","Transitive","ClientPresentation",
"Assets/Scenes/ClientBootstrap.unity","4483210685260ce40a14040cf79888de","Assets/Art/Model/韦鲁斯_Q投掷物.glb","e0b83d01f6e7a5d42b78738662005672","Transitive","ClientPresentation",
"Assets/Scenes/ClientBootstrap.unity","4483210685260ce40a14040cf79888de","Assets/Art/Model/韦鲁斯_R投掷物.glb","3776dc52365ba9c488f0be67dd419620","Transitive","ClientPresentation",
"Assets/Scenes/ClientBootstrap.unity","4483210685260ce40a14040cf79888de","Assets/Art/Model/韦鲁斯_攻击投掷物.glb","c045de92664f45c45bb57374a5965859","Transitive","ClientPresentation",
"Assets/Scenes/ClientBootstrap.unity","4483210685260ce40a14040cf79888de","Assets/Config/Formal/Abilities/Aatrox/AatroxAbilityLoadout.asset","8fbc76321103fb247bd648e41ad357f7","Transitive","SharedConfig",
"Assets/Scenes/ClientBootstrap.unity","4483210685260ce40a14040cf79888de","Assets/Config/Formal/Abilities/Aatrox/AatroxQ.asset","068666dd3d20a5f489558bcc4a192c7e","Transitive","SharedConfig",
"Assets/Scenes/ClientBootstrap.unity","4483210685260ce40a14040cf79888de","Assets/Config/Formal/Abilities/VarusAbilityLoadout.asset","71946883abc6c8a47bdcc5c3a61b356c","Transitive","SharedConfig",
"Assets/Scenes/ClientBootstrap.unity","4483210685260ce40a14040cf79888de","Assets/Config/Formal/Animation/AatroxAnimationProfile.asset","eaec47e1763f63a45809fd1c3d29ca8e","Transitive","SharedConfig",
"Assets/Scenes/ClientBootstrap.unity","4483210685260ce40a14040cf79888de","Assets/Config/Formal/Animation/CasterBlue.controller","793b6c33ccfc57a46be4ac1600b67f32","Transitive","ClientPresentation",
"Assets/Scenes/ClientBootstrap.unity","4483210685260ce40a14040cf79888de","Assets/Config/Formal/Animation/CasterRed.controller","9e720db7282df5a4c9f4a58d73fb6e96","Transitive","ClientPresentation",
"Assets/Scenes/ClientBootstrap.unity","4483210685260ce40a14040cf79888de","Assets/Config/Formal/Animation/MeleeBlue.controller","625352f2e73df0c4982f6a5367c1d5c6","Transitive","ClientPresentation",
"Assets/Scenes/ClientBootstrap.unity","4483210685260ce40a14040cf79888de","Assets/Config/Formal/Animation/MeleeRed.controller","1e22e6272edcbb94a8f92628a64f566a","Transitive","ClientPresentation",
"Assets/Scenes/ClientBootstrap.unity","4483210685260ce40a14040cf79888de","Assets/Config/Formal/Animation/TestUnitAnimationProfile.asset","3592d1e3449411743befb9d5763bcfe9","Transitive","SharedConfig",
"Assets/Scenes/ClientBootstrap.unity","4483210685260ce40a14040cf79888de","Assets/Config/Formal/Animation/Varus.controller","44660058be562344494669a80981d4b3","Transitive","ClientPresentation",
"Assets/Scenes/ClientBootstrap.unity","4483210685260ce40a14040cf79888de","Assets/Config/Formal/GlobalGameplayData.asset","8b0cdcd39dbb2964baebdd8475f1e60e","Direct","SharedConfig",
"Assets/Scenes/ClientBootstrap.unity","4483210685260ce40a14040cf79888de","Assets/Config/Formal/GlobalPrefabTable.asset","0afb3a04101933e4db188d9d13aa30ea","Transitive","SharedConfig",
"Assets/Scenes/ClientBootstrap.unity","4483210685260ce40a14040cf79888de","Assets/Config/Formal/HeroDisplayTable.asset","c5958d1073b594545aa68c722dd4feb1","Transitive","SharedConfig",
"Assets/Scenes/ClientBootstrap.unity","4483210685260ce40a14040cf79888de","Assets/Config/Formal/UnitOutlineRim.mat","864a3b4ca3d42f44484fae1ef521e889","Transitive","ClientPresentation",
"Assets/Scenes/ClientBootstrap.unity","4483210685260ce40a14040cf79888de","Assets/Resources/Animation/Aatrox/AatroxAnimator.controller","d090724705de58f42bfa939f13959d54","Transitive","ClientPresentation",
"Assets/Scenes/ClientBootstrap.unity","4483210685260ce40a14040cf79888de","Assets/Resources/Animation/Aatrox/AatroxAttack1.anim","12e8ff2fc426e7349bbe8b01bcd623fa","Transitive","ClientPresentation",
"Assets/Scenes/ClientBootstrap.unity","4483210685260ce40a14040cf79888de","Assets/Resources/Animation/Aatrox/AatroxAttack1_ULT.anim","50fe63f7d202f934091bf07b5585b558","Transitive","ClientPresentation",
"Assets/Scenes/ClientBootstrap.unity","4483210685260ce40a14040cf79888de","Assets/Resources/Animation/Aatrox/AatroxAttack2.anim","8f774a9762de4fc4688a4b4aa3a8dba0","Transitive","ClientPresentation",
"Assets/Scenes/ClientBootstrap.unity","4483210685260ce40a14040cf79888de","Assets/Resources/Animation/Aatrox/AatroxAttack2_ULT.anim","e1d18de90d26ce44f8088bedab4fcff2","Transitive","ClientPresentation",
"Assets/Scenes/ClientBootstrap.unity","4483210685260ce40a14040cf79888de","Assets/Resources/Animation/Aatrox/AatroxAttack_Passive.anim","2f849e9442d822f47a3870574c4a6f04","Transitive","ClientPresentation",
"Assets/Scenes/ClientBootstrap.unity","4483210685260ce40a14040cf79888de","Assets/Resources/Animation/Aatrox/AatroxAttack_Passive_ULT.anim","cb8af5fafd460494bb531c784d655771","Transitive","ClientPresentation",
"Assets/Scenes/ClientBootstrap.unity","4483210685260ce40a14040cf79888de","Assets/Resources/Animation/Aatrox/AatroxDash.anim","62c340cc1d351fd448767528cd7b18aa","Transitive","ClientPresentation",
"Assets/Scenes/ClientBootstrap.unity","4483210685260ce40a14040cf79888de","Assets/Resources/Animation/Aatrox/AatroxDash_Passive.anim","e77537776c85e054a9d8b5d82ba02afd","Transitive","ClientPresentation",
"Assets/Scenes/ClientBootstrap.unity","4483210685260ce40a14040cf79888de","Assets/Resources/Animation/Aatrox/AatroxDash_ULT.anim","00254f01ef82f4944b2f557e85a4bcd9","Transitive","ClientPresentation",
"Assets/Scenes/ClientBootstrap.unity","4483210685260ce40a14040cf79888de","Assets/Resources/Animation/Aatrox/AatroxDeath.anim","41acb76393344ac4a89b13a8fe2de2ae","Transitive","ClientPresentation",
"Assets/Scenes/ClientBootstrap.unity","4483210685260ce40a14040cf79888de","Assets/Resources/Animation/Aatrox/AatroxIdle.anim","f9323091a2488f34799ca56e363d19a1","Transitive","ClientPresentation",
"Assets/Scenes/ClientBootstrap.unity","4483210685260ce40a14040cf79888de","Assets/Resources/Animation/Aatrox/AatroxIdle_Passive.anim","c5885abca03bcb046939b45b012f6cc3","Transitive","ClientPresentation",
"Assets/Scenes/ClientBootstrap.unity","4483210685260ce40a14040cf79888de","Assets/Resources/Animation/Aatrox/AatroxIdle_ULT.anim","7f8156845366f334b9e11e5f019de16b","Transitive","ClientPresentation",
"Assets/Scenes/ClientBootstrap.unity","4483210685260ce40a14040cf79888de","Assets/Resources/Animation/Aatrox/AatroxQ1.anim","b158f602146c5c343b09ea6a99ad1a0b","Transitive","ClientPresentation",
"Assets/Scenes/ClientBootstrap.unity","4483210685260ce40a14040cf79888de","Assets/Resources/Animation/Aatrox/AatroxQ1_ULT.anim","9436315b9f0aab44eb88add8256eacea","Transitive","ClientPresentation",
"Assets/Scenes/ClientBootstrap.unity","4483210685260ce40a14040cf79888de","Assets/Resources/Animation/Aatrox/AatroxQ2.anim","9dd0d0d373c5998438bbf729f578ffeb","Transitive","ClientPresentation",
"Assets/Scenes/ClientBootstrap.unity","4483210685260ce40a14040cf79888de","Assets/Resources/Animation/Aatrox/AatroxQ2_ULT.anim","0f3454a5803ba43438dc565f38c1ae2b","Transitive","ClientPresentation",
"Assets/Scenes/ClientBootstrap.unity","4483210685260ce40a14040cf79888de","Assets/Resources/Animation/Aatrox/AatroxQ3.anim","e23aedc8a42711644b6152f30efd7145","Transitive","ClientPresentation",
"Assets/Scenes/ClientBootstrap.unity","4483210685260ce40a14040cf79888de","Assets/Resources/Animation/Aatrox/AatroxQ3_ULT.anim","0f4a407080caf764289170dca5b7e07e","Transitive","ClientPresentation",
"Assets/Scenes/ClientBootstrap.unity","4483210685260ce40a14040cf79888de","Assets/Resources/Animation/Aatrox/AatroxSpellR.anim","d854f4c196f0acd46b56d5e28d614568","Transitive","ClientPresentation",
"Assets/Scenes/ClientBootstrap.unity","4483210685260ce40a14040cf79888de","Assets/Resources/Animation/Aatrox/AatroxSpellW.anim","0cece2fc29ce15848b3f8179dff77dd2","Transitive","ClientPresentation",
"Assets/Scenes/ClientBootstrap.unity","4483210685260ce40a14040cf79888de","Assets/Resources/Animation/Aatrox/AatroxSpellW_ULT.anim","3255706c8bc0cbb49b66da53ce53b4be","Transitive","ClientPresentation",
"Assets/Scenes/ClientBootstrap.unity","4483210685260ce40a14040cf79888de","Assets/Resources/Animation/Aatrox/AatroxULTOut.anim","084921aef66c5414f9e631cdcc704f86","Transitive","ClientPresentation",
"Assets/Scenes/ClientBootstrap.unity","4483210685260ce40a14040cf79888de","Assets/Resources/Animation/Aatrox/AatroxWalk.anim","8f6f603150ba43f428a896ae1d76c40e","Transitive","ClientPresentation",
"Assets/Scenes/ClientBootstrap.unity","4483210685260ce40a14040cf79888de","Assets/Resources/Animation/Aatrox/AatroxWalk_Passive.anim","fb0fba21833fd2e428bd8287764bc5af","Transitive","ClientPresentation",
"Assets/Scenes/ClientBootstrap.unity","4483210685260ce40a14040cf79888de","Assets/Resources/Animation/Aatrox/AatroxWalk_ULT.anim","b56520861af749c48ac057f92a1c2b5e","Transitive","ClientPresentation",
"Assets/Scenes/ClientBootstrap.unity","4483210685260ce40a14040cf79888de","Assets/Resources/Animation/Minion/Blue/CasterMinion_Attack.anim","c3935cbe8b1fe8e4fbe3f6c4b1a6e0d4","Transitive","ClientPresentation",
"Assets/Scenes/ClientBootstrap.unity","4483210685260ce40a14040cf79888de","Assets/Resources/Animation/Minion/Blue/CasterMinion_Death.anim","2fb47ec91b9d29a4c884fc942847e266","Transitive","ClientPresentation",
"Assets/Scenes/ClientBootstrap.unity","4483210685260ce40a14040cf79888de","Assets/Resources/Animation/Minion/Blue/CasterMinion_Idle.anim","f2693f32fca6fed4494c5fe1d7c73140","Transitive","ClientPresentation",
"Assets/Scenes/ClientBootstrap.unity","4483210685260ce40a14040cf79888de","Assets/Resources/Animation/Minion/Blue/CasterMinion_Walk.anim","03af889a600a66947869e83181c5643f","Transitive","ClientPresentation",
"Assets/Scenes/ClientBootstrap.unity","4483210685260ce40a14040cf79888de","Assets/Resources/Animation/Minion/Blue/MeleeMinion_Attack.anim","220dd8ba7c6b7e646b4b1946c3d52ef8","Transitive","ClientPresentation",
"Assets/Scenes/ClientBootstrap.unity","4483210685260ce40a14040cf79888de","Assets/Resources/Animation/Minion/Blue/MeleeMinion_Death.anim","62db727fa22d87a429e57c1e313cc344","Transitive","ClientPresentation",
"Assets/Scenes/ClientBootstrap.unity","4483210685260ce40a14040cf79888de","Assets/Resources/Animation/Minion/Blue/MeleeMinion_Idle.anim","a3ad0c6a5ae3fd44ab340554970e0541","Transitive","ClientPresentation",
"Assets/Scenes/ClientBootstrap.unity","4483210685260ce40a14040cf79888de","Assets/Resources/Animation/Minion/Blue/MeleeMinion_Walk.anim","a3b04fd15585d31409197d63cca03ebd","Transitive","ClientPresentation",
"Assets/Scenes/ClientBootstrap.unity","4483210685260ce40a14040cf79888de","Assets/Resources/Animation/Minion/Red/CasterMinion_Attack.anim","70ca89583698d3d44901555f595528d1","Transitive","ClientPresentation",
"Assets/Scenes/ClientBootstrap.unity","4483210685260ce40a14040cf79888de","Assets/Resources/Animation/Minion/Red/CasterMinion_Death.anim","2b85ea4cf35a5834f9a36a4596e813df","Transitive","ClientPresentation",
"Assets/Scenes/ClientBootstrap.unity","4483210685260ce40a14040cf79888de","Assets/Resources/Animation/Minion/Red/CasterMinion_Idle.anim","51d8c0867d1ea8b4aaf146310afd9f02","Transitive","ClientPresentation",
"Assets/Scenes/ClientBootstrap.unity","4483210685260ce40a14040cf79888de","Assets/Resources/Animation/Minion/Red/CasterMinion_Walk.anim","be899e3fb2a2dd341849032392f2957b","Transitive","ClientPresentation",
"Assets/Scenes/ClientBootstrap.unity","4483210685260ce40a14040cf79888de","Assets/Resources/Animation/Minion/Red/MeleeMinion_Attack.anim","eb76ad0103f3efe4a8c7f104b18ba3b7","Transitive","ClientPresentation",
"Assets/Scenes/ClientBootstrap.unity","4483210685260ce40a14040cf79888de","Assets/Resources/Animation/Minion/Red/MeleeMinion_Death.anim","667dcc2faad23a74a9a5f72f53e0ac1d","Transitive","ClientPresentation",
"Assets/Scenes/ClientBootstrap.unity","4483210685260ce40a14040cf79888de","Assets/Resources/Animation/Minion/Red/MeleeMinion_Idle.anim","abc3ff4c728c48549a0cfb041d28afe1","Transitive","ClientPresentation",
"Assets/Scenes/ClientBootstrap.unity","4483210685260ce40a14040cf79888de","Assets/Resources/Animation/Minion/Red/MeleeMinion_Walk.anim","a305521f5a779cb4ea289e5582eb2e2a","Transitive","ClientPresentation",
"Assets/Scenes/ClientBootstrap.unity","4483210685260ce40a14040cf79888de","Assets/Resources/Animation/Turret/TurretBlue.controller","4c8eb35614430c040b29c9b33a5e1d5c","Transitive","ClientPresentation",
"Assets/Scenes/ClientBootstrap.unity","4483210685260ce40a14040cf79888de","Assets/Resources/Animation/Turret/TurretBlueAnimationProfile.asset","0704006b28978b24d89ddc8d722b798e","Transitive","ClientPresentation",
"Assets/Scenes/ClientBootstrap.unity","4483210685260ce40a14040cf79888de","Assets/Resources/Animation/Turret/TurretDestory_Blue.anim","107a79369ffc0914095510fb87ba6781","Transitive","ClientPresentation",
"Assets/Scenes/ClientBootstrap.unity","4483210685260ce40a14040cf79888de","Assets/Resources/Animation/Turret/TurretDestory_Red.anim","5ebdcaeb4f0327541afe5e4a5ffe3438","Transitive","ClientPresentation",
"Assets/Scenes/ClientBootstrap.unity","4483210685260ce40a14040cf79888de","Assets/Resources/Animation/Turret/TurretIdel_Red.anim","aa2b48c3faf9e5748a0a4be7c03c2197","Transitive","ClientPresentation",
"Assets/Scenes/ClientBootstrap.unity","4483210685260ce40a14040cf79888de","Assets/Resources/Animation/Turret/TurretIdle_Blue.anim","88f8fb5f070c65f47acfe5dbe2f93031","Transitive","ClientPresentation",
"Assets/Scenes/ClientBootstrap.unity","4483210685260ce40a14040cf79888de","Assets/Resources/Animation/Turret/TurretRed.controller","5593f884ef5e12a4baf9dfd3ccb04977","Transitive","ClientPresentation",
"Assets/Scenes/ClientBootstrap.unity","4483210685260ce40a14040cf79888de","Assets/Resources/Animation/Turret/TurretRedAnimationProfile.asset","3168336f57ba06b4d8d9641835c44ef6","Transitive","ClientPresentation",
"Assets/Scenes/ClientBootstrap.unity","4483210685260ce40a14040cf79888de","Assets/Resources/Animation/Varus/VarusAttack1.anim","0cf85d26f59eb7746bdb4a51a69a0f50","Transitive","ClientPresentation",
"Assets/Scenes/ClientBootstrap.unity","4483210685260ce40a14040cf79888de","Assets/Resources/Animation/Varus/VarusAttack2.anim","23935cc971facab4480e1da8e5edbd92","Transitive","ClientPresentation",
"Assets/Scenes/ClientBootstrap.unity","4483210685260ce40a14040cf79888de","Assets/Resources/Animation/Varus/VarusDeath.anim","91911fca58c97c249bc80badbe09f4a5","Transitive","ClientPresentation",
"Assets/Scenes/ClientBootstrap.unity","4483210685260ce40a14040cf79888de","Assets/Resources/Animation/Varus/VarusIdle.anim","276c23e01035d5e4ea228102f7966744","Transitive","ClientPresentation",
"Assets/Scenes/ClientBootstrap.unity","4483210685260ce40a14040cf79888de","Assets/Resources/Animation/Varus/VarusSpellE.anim","04a1600959a5a814d9dc7ffcf689abd9","Transitive","ClientPresentation",
"Assets/Scenes/ClientBootstrap.unity","4483210685260ce40a14040cf79888de","Assets/Resources/Animation/Varus/VarusSpellQChanneling_Walk.anim","5f316e4f42754a54c91a85a08f1c2109","Transitive","ClientPresentation",
"Assets/Scenes/ClientBootstrap.unity","4483210685260ce40a14040cf79888de","Assets/Resources/Animation/Varus/VarusSpellQ_ChannelingIdle.anim","0be8f0f20ceb7154683d8e7153807b32","Transitive","ClientPresentation",
"Assets/Scenes/ClientBootstrap.unity","4483210685260ce40a14040cf79888de","Assets/Resources/Animation/Varus/VarusSpellQ_Fire.anim","59c9f8e0dcb3b8f4da24bd657198556e","Transitive","ClientPresentation",
"Assets/Scenes/ClientBootstrap.unity","4483210685260ce40a14040cf79888de","Assets/Resources/Animation/Varus/VarusSpellR.anim","67ff9cd0d01dd0b47a0255bc14ee0ca1","Transitive","ClientPresentation",
"Assets/Scenes/ClientBootstrap.unity","4483210685260ce40a14040cf79888de","Assets/Resources/Animation/Varus/VarusWalk.anim","53277acafa583bd42903fd3e03109128","Transitive","ClientPresentation",
"Assets/Scenes/ClientBootstrap.unity","4483210685260ce40a14040cf79888de","Assets/Resources/Data/NetworkPrefabsList.asset","bf1aab27ed3866a41b0faf52a6725c38","Direct","Unclassified",
"Assets/Scenes/ClientBootstrap.unity","4483210685260ce40a14040cf79888de","Assets/Resources/Material/亚托克斯通用材质.mat","3d347c0be0047484681175b0a46733ce","Transitive","ClientPresentation",
"Assets/Scenes/ClientBootstrap.unity","4483210685260ce40a14040cf79888de","Assets/Resources/Material/红方远程小兵攻击投掷物.mat","66bd48b9f6739194a9e60f4aaac60ff9","Transitive","ClientPresentation",
"Assets/Scenes/ClientBootstrap.unity","4483210685260ce40a14040cf79888de","Assets/Resources/Material/蓝方远程小兵攻击投掷物.mat","6881a8644760fcb47a6e5dbc6ddd218d","Transitive","ClientPresentation",
"Assets/Scenes/ClientBootstrap.unity","4483210685260ce40a14040cf79888de","Assets/Resources/Prefab/Missle/AatroxSpellWMissle.prefab","45b294545c967314f9decb88c44d5920","Transitive","Unclassified",
"Assets/Scenes/ClientBootstrap.unity","4483210685260ce40a14040cf79888de","Assets/Resources/Prefab/Missle/BlueTeamGeneralAttackMissle.prefab","b3eb1d4dc78a3914883c5db568ff2514","Transitive","Unclassified",
"Assets/Scenes/ClientBootstrap.unity","4483210685260ce40a14040cf79888de","Assets/Resources/Prefab/Missle/InfernalChainsArea.prefab","3561a9ede028f4741a955188d8b48b97","Transitive","Unclassified",
"Assets/Scenes/ClientBootstrap.unity","4483210685260ce40a14040cf79888de","Assets/Resources/Prefab/Missle/RedTeamGeneralAttackMissle.prefab","d0e27105677f5f4439bc6bf3e582435c","Transitive","Unclassified",
"Assets/Scenes/ClientBootstrap.unity","4483210685260ce40a14040cf79888de","Assets/Resources/Prefab/Missle/VarusAttackMissle.prefab","6f4a50dde2a01f745bed4b9d9324f5fa","Transitive","Unclassified",
"Assets/Scenes/ClientBootstrap.unity","4483210685260ce40a14040cf79888de","Assets/Resources/Prefab/Missle/VarusEMissle_DesecratedGround.prefab","c024096fa5aceb144b1c7ffedbc285fc","Transitive","Unclassified",
"Assets/Scenes/ClientBootstrap.unity","4483210685260ce40a14040cf79888de","Assets/Resources/Prefab/Missle/VarusSpellQMissle.prefab","3b9c7c4bd406ebf449736a4a6c7432c8","Transitive","Unclassified",
"Assets/Scenes/ClientBootstrap.unity","4483210685260ce40a14040cf79888de","Assets/Resources/Prefab/Missle/VarusSpellRMissle.prefab","9c9cad292a5e9134c8f337b579ef599a","Transitive","Unclassified",
"Assets/Scenes/ClientBootstrap.unity","4483210685260ce40a14040cf79888de","Assets/Resources/Prefab/PlayerNetworkHandle.prefab","dda0ed93bbf826147a72d0f88b99e12c","Transitive","Unclassified",
"Assets/Scenes/ClientBootstrap.unity","4483210685260ce40a14040cf79888de","Assets/Resources/Prefab/Unit/AatroxHeroRuntime.prefab","e7b912ff51273d94aa44a93069b84017","Transitive","LegacyMixed",
"Assets/Scenes/ClientBootstrap.unity","4483210685260ce40a14040cf79888de","Assets/Resources/Prefab/Unit/TestCasterMinionBlueRuntime.prefab","b1683136fbeb0ec43bb2651cb3c096cf","Transitive","LegacyMixed",
"Assets/Scenes/ClientBootstrap.unity","4483210685260ce40a14040cf79888de","Assets/Resources/Prefab/Unit/TestCasterMinionRedRuntime.prefab","2c0dd4221aa4d3445ad5e29b609bc03b","Transitive","LegacyMixed",
"Assets/Scenes/ClientBootstrap.unity","4483210685260ce40a14040cf79888de","Assets/Resources/Prefab/Unit/TestMeleeMinionBlueRuntime.prefab","3ccd4e1aedf4eec4e858f61a124b015d","Transitive","LegacyMixed",
"Assets/Scenes/ClientBootstrap.unity","4483210685260ce40a14040cf79888de","Assets/Resources/Prefab/Unit/TestMeleeMinionRedRuntime.prefab","b400545b29699e841a9e7eca456ad6ac","Transitive","LegacyMixed",
"Assets/Scenes/ClientBootstrap.unity","4483210685260ce40a14040cf79888de","Assets/Resources/Prefab/Unit/TestTowerBlueRuntime.prefab","86effef21215481438a7d1f6fb7ee429","Transitive","LegacyMixed",
"Assets/Scenes/ClientBootstrap.unity","4483210685260ce40a14040cf79888de","Assets/Resources/Prefab/Unit/TestTowerRedRuntime.prefab","8117cac3f6c07ae418a92479ffd9b25c","Transitive","LegacyMixed",
"Assets/Scenes/ClientBootstrap.unity","4483210685260ce40a14040cf79888de","Assets/Resources/Prefab/Unit/VarusRuntime.prefab","8386d2da6f6754946a202d33532daffd","Transitive","LegacyMixed",
"Assets/Scenes/ClientBootstrap.unity","4483210685260ce40a14040cf79888de","Assets/Resources/Prefab/VFX/AatroxQ1VFX.prefab","c104df327fc900e459d8d8d88080e74c","Transitive","ClientPresentation",
"Assets/Scenes/ClientBootstrap.unity","4483210685260ce40a14040cf79888de","Assets/Resources/Prefab/VFX/AatroxQ2VFX.prefab","e548ee90e7b95e74fa2b03d68ec88b7a","Transitive","ClientPresentation",
"Assets/Scenes/ClientBootstrap.unity","4483210685260ce40a14040cf79888de","Assets/Resources/Prefab/VFX/AatroxQ3VFX.prefab","4c4378ba777eca9439d5d0e74413316d","Transitive","ClientPresentation",
"Assets/Scenes/ClientBootstrap.unity","4483210685260ce40a14040cf79888de","Assets/Scripts/Bootstrap/ClientBootstrap.cs","df785f1d35dde0648b7c49875f46f3cc","Direct","EditorOrCode",
"Assets/Scenes/ClientBootstrap.unity","4483210685260ce40a14040cf79888de","Assets/Scripts/Bootstrap/ClientUnitOutline.cs","e27fb308c093d80429c4af615daf7055","Transitive","EditorOrCode",
"Assets/Scenes/ClientBootstrap.unity","4483210685260ce40a14040cf79888de","Assets/Scripts/Bootstrap/FrameSyncNetworkBridge.cs","ebb3297d9afb2254da1f95a80d8d873c","Direct","EditorOrCode",
"Assets/Scenes/ClientBootstrap.unity","4483210685260ce40a14040cf79888de","Assets/Scripts/Bootstrap/LobbyNetworkBridge.cs","8ef0d488b380db84da74c5995ca952a3","Direct","EditorOrCode",
"Assets/Scenes/ClientBootstrap.unity","4483210685260ce40a14040cf79888de","Assets/Scripts/FrameSync/BuffDrivenBoneVisibility.cs","324c940c39f36834eaab67a7a73936d5","Transitive","EditorOrCode",
"Assets/Scenes/ClientBootstrap.unity","4483210685260ce40a14040cf79888de","Assets/Scripts/FrameSync/PresentationSocketSet.cs","a7c8b8e0d56dd714c96ff5e67047c8f0","Transitive","EditorOrCode",
"Assets/Scenes/ClientBootstrap.unity","4483210685260ce40a14040cf79888de","Assets/Scripts/FrameSync/ProjectileAreaRadiusVisualizer.cs","86856d9775574c2499fb3eb5c2f133b1","Transitive","EditorOrCode",
"Assets/Scenes/ClientBootstrap.unity","4483210685260ce40a14040cf79888de","Assets/Scripts/FrameSync/TowerTargetLinePresenter.cs","44765ad328b802541a8af70d5df2a94c","Transitive","EditorOrCode",
"Assets/Scenes/ClientBootstrap.unity","4483210685260ce40a14040cf79888de","Assets/Scripts/FrameSync/UnitAnimationDriver.cs","377bfec80d767444382fe67b6c4c5b38","Transitive","EditorOrCode",
"Assets/Scenes/ClientBootstrap.unity","4483210685260ce40a14040cf79888de","Assets/Scripts/FrameSync/UnitPresentationHost.cs","94939c62f8549054d9238b3896698fe4","Transitive","EditorOrCode",
"Assets/Scenes/ClientBootstrap.unity","4483210685260ce40a14040cf79888de","Assets/Scripts/Gameplay/Ability/AatroxAbilityZoneAuthoringGizmo.cs","6da65dcc93f367e499b7695a3ab97ffb","Transitive","EditorOrCode",
"Assets/Scenes/ClientBootstrap.unity","4483210685260ce40a14040cf79888de","Assets/Scripts/Gameplay/Ability/AbilityAsset.cs","c1ffb938a26d10b46b88354c8e8aeb8a","Transitive","EditorOrCode",
"Assets/Scenes/ClientBootstrap.unity","4483210685260ce40a14040cf79888de","Assets/Scripts/Gameplay/Ability/AbilityHandler.cs","4f79abb261c1b3b4bb423e8924a50d88","Transitive","EditorOrCode",
"Assets/Scenes/ClientBootstrap.unity","4483210685260ce40a14040cf79888de","Assets/Scripts/Gameplay/Ability/AbilityLoadoutAsset.cs","d777bfd7214aa684283d480f804d60ed","Transitive","EditorOrCode",
"Assets/Scenes/ClientBootstrap.unity","4483210685260ce40a14040cf79888de","Assets/Scripts/Gameplay/Attack/AttackHandler.cs","11536609f17ade44196b69b7297fbadf","Transitive","EditorOrCode",
"Assets/Scenes/ClientBootstrap.unity","4483210685260ce40a14040cf79888de","Assets/Scripts/Gameplay/Attack/TowerAttackHandler.cs","d7749b323d4bedd41905d72bfd3b55bc","Transitive","EditorOrCode",
"Assets/Scenes/ClientBootstrap.unity","4483210685260ce40a14040cf79888de","Assets/Scripts/Gameplay/Buff/BuffHandler.cs","75af4f65fc14b0e47a13cf0f26e0fb62","Transitive","EditorOrCode",
"Assets/Scenes/ClientBootstrap.unity","4483210685260ce40a14040cf79888de","Assets/Scripts/Gameplay/CrowdControl/CrowdControlHandler.cs","3fbd12ccb1f37e24c8448b6322cda983","Transitive","EditorOrCode",
"Assets/Scenes/ClientBootstrap.unity","4483210685260ce40a14040cf79888de","Assets/Scripts/Gameplay/Equipment/EquipmentHandler.cs","1d296fac7364e2f4b8449516654b37a4","Transitive","EditorOrCode",
"Assets/Scenes/ClientBootstrap.unity","4483210685260ce40a14040cf79888de","Assets/Scripts/Gameplay/Movement/MovementHandler.cs","0493a04bad49cf540a1384de14b9aa2f","Transitive","EditorOrCode",
"Assets/Scenes/ClientBootstrap.unity","4483210685260ce40a14040cf79888de","Assets/Scripts/Gameplay/Presentation/UnitAnimationProfile.cs","7112a06ac3587ca46ba2dbfa5b35902b","Transitive","EditorOrCode",
"Assets/Scenes/ClientBootstrap.unity","4483210685260ce40a14040cf79888de","Assets/Scripts/Gameplay/Projectile/ProjectileContainmentZoneAuthoring.cs","213be447bab72bf44b67f992a84f55ce","Transitive","EditorOrCode",
"Assets/Scenes/ClientBootstrap.unity","4483210685260ce40a14040cf79888de","Assets/Scripts/Gameplay/Stats/StatHandler.cs","d83cb680cdcf541438b70b0b87eb51fa","Transitive","EditorOrCode",
"Assets/Scenes/ClientBootstrap.unity","4483210685260ce40a14040cf79888de","Assets/Scripts/Gameplay/Unit/Core/Unit.cs","d8b92a46f17a0c1408cebd31e093972b","Transitive","EditorOrCode",
"Assets/Scenes/ClientBootstrap.unity","4483210685260ce40a14040cf79888de","Assets/Scripts/Physics/Core/PhysicsEntity2D.cs","cf2e4b89224828f48befee4b715885df","Transitive","EditorOrCode",
"Assets/Scenes/ClientBootstrap.unity","4483210685260ce40a14040cf79888de","Assets/Scripts/Physics/Core/PhysicsEntity2DShapeAuthoring.cs","ed0a9cc1ab86cbe4484aa191eda97ca8","Transitive","EditorOrCode",
"Assets/Scenes/ClientBootstrap.unity","4483210685260ce40a14040cf79888de","Assets/Scripts/RuntimeConfig/GlobalGameplayData.cs","a55ff372add67d84c9a2664628d62911","Transitive","EditorOrCode",
"Assets/Scenes/ClientBootstrap.unity","4483210685260ce40a14040cf79888de","Assets/Scripts/RuntimeConfig/GlobalPrefabTable.cs","492af7122f0961340b9648f93f8af7f8","Transitive","EditorOrCode",
"Assets/Scenes/ClientBootstrap.unity","4483210685260ce40a14040cf79888de","Assets/Scripts/RuntimeConfig/HeroDisplayTable.cs","899e7bc53a633ee4dabd640727cd2076","Transitive","EditorOrCode",
"Assets/Scenes/ClientBootstrap.unity","4483210685260ce40a14040cf79888de","Assets/Shader/UnitOutlineRim.shader","66aa05f6f4814464ebf165d1aba43d7e","Transitive","ClientPresentation",
"Assets/Scenes/ClientBootstrap.unity","4483210685260ce40a14040cf79888de","Packages/com.siccity.gltfutility/Materials/URP/Standard (Metallic).shadergraph","a08f3a1c845d57c4293a42c3202574a1","Transitive","ThirdParty",
"Assets/Scenes/ClientBootstrap.unity","4483210685260ce40a14040cf79888de","Packages/com.siccity.gltfutility/Materials/URP/Standard (Specular).shadergraph","e6061ad897a8bd843b501d409aff8a22","Transitive","ThirdParty",
"Assets/Scenes/ClientBootstrap.unity","4483210685260ce40a14040cf79888de","Packages/com.siccity.gltfutility/Materials/URP/Standard Transparent (Metallic).shadergraph","bb6606ffd3868dd46a773758ff6901fc","Transitive","ThirdParty",
"Assets/Scenes/ClientBootstrap.unity","4483210685260ce40a14040cf79888de","Packages/com.siccity.gltfutility/Materials/URP/Standard Transparent (Specular).shadergraph","09512c1ba26fe804283ec6e09112e53c","Transitive","ThirdParty",
"Assets/Scenes/ClientBootstrap.unity","4483210685260ce40a14040cf79888de","Packages/com.siccity.gltfutility/Scripts/Editor/GLBImporter.cs","768a5a18fd6eb914f980bf85dd7b34ec","Transitive","ThirdParty",
"Assets/Scenes/ClientBootstrap.unity","4483210685260ce40a14040cf79888de","Packages/com.unity.netcode.gameobjects/Runtime/Configuration/NetworkPrefabsList.cs","e651dbb3fbac04af2b8f5abf007ddc23","Transitive","ThirdParty",
"Assets/Scenes/ClientBootstrap.unity","4483210685260ce40a14040cf79888de","Packages/com.unity.netcode.gameobjects/Runtime/Core/NetworkManager.cs","593a2fe42fa9d37498c96f9a383b6521","Direct","ThirdParty",
"Assets/Scenes/ClientBootstrap.unity","4483210685260ce40a14040cf79888de","Packages/com.unity.netcode.gameobjects/Runtime/Core/NetworkObject.cs","d5a57f767e5e46a458fc5d3c628d0cbb","Transitive","ThirdParty",
"Assets/Scenes/ClientBootstrap.unity","4483210685260ce40a14040cf79888de","Packages/com.unity.netcode.gameobjects/Runtime/Transports/UTP/UnityTransport.cs","6960e84d07fb87f47956e7a81d71c4e6","Direct","ThirdParty",
"Assets/Scenes/ClientBootstrap.unity","4483210685260ce40a14040cf79888de","Packages/com.unity.render-pipelines.universal/Editor/AssetVersion.cs","d0353a89b1f911e48b9e16bdc9f2e058","Transitive","ThirdParty",
"Assets/Scenes/ClientBootstrap.unity","4483210685260ce40a14040cf79888de","Packages/com.unity.render-pipelines.universal/Editor/ShaderGraph/UniversalMetadata.cs","d2654ad3c17ab8a4ebb9fd0719795d21","Transitive","ThirdParty",
"Assets/Scenes/ClientBootstrap.unity","4483210685260ce40a14040cf79888de","Packages/com.unity.render-pipelines.universal/Runtime/Materials/Lit.mat","31321ba15b8f8eb4c954353edc038b1d","Transitive","ThirdParty",
"Assets/Scenes/ClientBootstrap.unity","4483210685260ce40a14040cf79888de","Packages/com.unity.render-pipelines.universal/Shaders/Lit.shader","933532a4fcc9baf4fa0491de14d08ed7","Transitive","ThirdParty",
"Assets/Scenes/ClientBootstrap.unity","4483210685260ce40a14040cf79888de","Packages/com.unity.shadergraph/Editor/Importers/ShaderGraphImporter.cs","625f186215c104763be7675aa2d941aa","Transitive","ThirdParty",
"Assets/Scenes/ClientBootstrap.unity","4483210685260ce40a14040cf79888de","Packages/com.unity.shadergraph/Editor/Importers/ShaderGraphMetadata.cs","b64ab828cd6c5b3479a4c575ca6617d5","Transitive","ThirdParty",
"Assets/Scenes/GameScene.unity","538c58be6a17c554ea049ffff88b0e1e","Assets/Art/Background/加载页面背景图.jpg","4311bbeaf94e7b84b9261f2a78aca129","Transitive","ClientPresentation",
"Assets/Scenes/GameScene.unity","538c58be6a17c554ea049ffff88b0e1e","Assets/Art/Background/选英雄界面背景图.jpg","6412ab6e53ff465479bc71e42b92f8db","Transitive","ClientPresentation",
"Assets/Scenes/GameScene.unity","538c58be6a17c554ea049ffff88b0e1e","Assets/Art/Icon/Ability/Aatrox/AatroxE.png","237800e8fddf3e54bb1bf43e3e96ff5b","Transitive","ClientPresentation",
"Assets/Scenes/GameScene.unity","538c58be6a17c554ea049ffff88b0e1e","Assets/Art/Icon/Ability/Aatrox/AatroxQ1.png","e894b675c21081c48870a9a7933c7439","Transitive","ClientPresentation",
"Assets/Scenes/GameScene.unity","538c58be6a17c554ea049ffff88b0e1e","Assets/Art/Icon/Ability/Aatrox/AatroxQ2.png","00e9e3466d875504dacc31d33410c22a","Transitive","ClientPresentation",
"Assets/Scenes/GameScene.unity","538c58be6a17c554ea049ffff88b0e1e","Assets/Art/Icon/Ability/Aatrox/AatroxQ3.png","6b760e2beac14724da8a55d9ff3ecd64","Transitive","ClientPresentation",
"Assets/Scenes/GameScene.unity","538c58be6a17c554ea049ffff88b0e1e","Assets/Art/Icon/Ability/Aatrox/AatroxR.png","530bdb7b178dc224e98d3a27461805f2","Transitive","ClientPresentation",
"Assets/Scenes/GameScene.unity","538c58be6a17c554ea049ffff88b0e1e","Assets/Art/Icon/Ability/Aatrox/AatroxW.png","804f3e1b015d3c445af822036f4058ba","Transitive","ClientPresentation",
"Assets/Scenes/GameScene.unity","538c58be6a17c554ea049ffff88b0e1e","Assets/Art/Icon/Ability/Aatrox/Aatrox_Passive.png","35a40a65df8df004eb47015ccda2a0c2","Transitive","ClientPresentation",
"Assets/Scenes/GameScene.unity","538c58be6a17c554ea049ffff88b0e1e","Assets/Art/Icon/Ability/Varus/韦鲁斯E.png","0d1ee503e046e064790a584b400c97e2","Transitive","ClientPresentation",
"Assets/Scenes/GameScene.unity","538c58be6a17c554ea049ffff88b0e1e","Assets/Art/Icon/Ability/Varus/韦鲁斯Q_未蓄力.png","6118bc6bfec0b614594d040f5541d5bd","Transitive","ClientPresentation",
"Assets/Scenes/GameScene.unity","538c58be6a17c554ea049ffff88b0e1e","Assets/Art/Icon/Ability/Varus/韦鲁斯Q_蓄力中.png","4fadc3515107f0e4e979a26aeaa8e7b7","Transitive","ClientPresentation",
"Assets/Scenes/GameScene.unity","538c58be6a17c554ea049ffff88b0e1e","Assets/Art/Icon/Ability/Varus/韦鲁斯R.png","780063d3e4c43d144951a3e1a5cd50f8","Transitive","ClientPresentation",
"Assets/Scenes/GameScene.unity","538c58be6a17c554ea049ffff88b0e1e","Assets/Art/Icon/Ability/Varus/韦鲁斯W_未激活.png","dbf61c3eedeecfa41adf5571348e67a1","Transitive","ClientPresentation",
"Assets/Scenes/GameScene.unity","538c58be6a17c554ea049ffff88b0e1e","Assets/Art/Icon/Ability/Varus/韦鲁斯W_激活中.png","b7596755b9731874abd6b653cbfdec07","Transitive","ClientPresentation",
"Assets/Scenes/GameScene.unity","538c58be6a17c554ea049ffff88b0e1e","Assets/Art/Icon/Ability/Varus/韦鲁斯被动.png","f6b922f5d10cb3741a50fbfd1dc7bddf","Transitive","ClientPresentation",
"Assets/Scenes/GameScene.unity","538c58be6a17c554ea049ffff88b0e1e","Assets/Art/Icon/Buff/Line.png","949653ffb178cfc47922f9ad258f4817","Transitive","ClientPresentation",
"Assets/Scenes/GameScene.unity","538c58be6a17c554ea049ffff88b0e1e","Assets/Art/Icon/Buff/韦鲁斯_枯萎.png","50137e36b1e92454db3e2534e676b03b","Transitive","ClientPresentation",
"Assets/Scenes/GameScene.unity","538c58be6a17c554ea049ffff88b0e1e","Assets/Art/Icon/Equipment/十字镐.png","0e05c618c0a7c024a94ced98ffdc0695","Transitive","ClientPresentation",
"Assets/Scenes/GameScene.unity","538c58be6a17c554ea049ffff88b0e1e","Assets/Art/Icon/Equipment/反曲之弓.png","6b7a039792e48b5468c197a77371f7d1","Transitive","ClientPresentation",
"Assets/Scenes/GameScene.unity","538c58be6a17c554ea049ffff88b0e1e","Assets/Art/Icon/Equipment/增幅典籍.png","eb073a169e8d14f41a58c531b824a368","Transitive","ClientPresentation",
"Assets/Scenes/GameScene.unity","538c58be6a17c554ea049ffff88b0e1e","Assets/Art/Icon/Equipment/掘道钻头.png","5e44ca630b8853b4eac51877ef530e61","Transitive","ClientPresentation",
"Assets/Scenes/GameScene.unity","538c58be6a17c554ea049ffff88b0e1e","Assets/Art/Icon/Equipment/焚天.png","22ee2f49eb0f53c4f9007811dd4883cc","Transitive","ClientPresentation",
"Assets/Scenes/GameScene.unity","538c58be6a17c554ea049ffff88b0e1e","Assets/Art/Icon/Equipment/短剑.png","ce093c4d89bfff64999673091f7b1130","Transitive","ClientPresentation",
"Assets/Scenes/GameScene.unity","538c58be6a17c554ea049ffff88b0e1e","Assets/Art/Icon/Equipment/红水晶.png","7ff31451ad4b246479de80aa3261dedc","Transitive","ClientPresentation",
"Assets/Scenes/GameScene.unity","538c58be6a17c554ea049ffff88b0e1e","Assets/Art/Icon/Equipment/考尔菲德的战锤.png","a7271a60e0865f940a12ad9f97d92d7e","Transitive","ClientPresentation",
"Assets/Scenes/GameScene.unity","538c58be6a17c554ea049ffff88b0e1e","Assets/Art/Icon/Equipment/荧尘.png","be809818752188249a3aab7ad105cfe0","Transitive","ClientPresentation",
"Assets/Scenes/GameScene.unity","538c58be6a17c554ea049ffff88b0e1e","Assets/Art/Icon/Equipment/长剑.png","10109fb3c0d85f24aaf62c84fa4bde67","Transitive","ClientPresentation",
"Assets/Scenes/GameScene.unity","538c58be6a17c554ea049ffff88b0e1e","Assets/Art/Icon/Equipment/鬼索的狂暴之刃.png","86d765fa57452364f9577c5014480763","Transitive","ClientPresentation",
"Assets/Scenes/GameScene.unity","538c58be6a17c554ea049ffff88b0e1e","Assets/Art/Icon/Hero/Aatrox.png","05cc6a8fbb52ed246b0f3b4720325ef1","Transitive","ClientPresentation",
"Assets/Scenes/GameScene.unity","538c58be6a17c554ea049ffff88b0e1e","Assets/Art/Icon/Hero/Varus.jpg","b54876e9c470b774fa7adc1a21c34d1e","Transitive","ClientPresentation",
"Assets/Scenes/GameScene.unity","538c58be6a17c554ea049ffff88b0e1e","Assets/Art/Icon/UI/全能吸血.png","6a9efdc0adf23c0498fc8c2ee1138b0d","Transitive","ClientPresentation",
"Assets/Scenes/GameScene.unity","538c58be6a17c554ea049ffff88b0e1e","Assets/Art/Icon/UI/固定法术穿透和百分比法术穿透.png","14e7c326c9c01de4c82a6a1f7f6bd5ad","Transitive","ClientPresentation",
"Assets/Scenes/GameScene.unity","538c58be6a17c554ea049ffff88b0e1e","Assets/Art/Icon/UI/固定物理穿透和百分比物理穿透.png","46e35f47ae934ea4587ba6502f55c460","Transitive","ClientPresentation",
"Assets/Scenes/GameScene.unity","538c58be6a17c554ea049ffff88b0e1e","Assets/Art/Icon/UI/失败图标.png","2ef5e00e9782d084d8810c3aa00cf025","Transitive","ClientPresentation",
"Assets/Scenes/GameScene.unity","538c58be6a17c554ea049ffff88b0e1e","Assets/Art/Icon/UI/技能升级图标.jpg","5865398bb8a097446b6206f760b9dc07","Transitive","ClientPresentation",
"Assets/Scenes/GameScene.unity","538c58be6a17c554ea049ffff88b0e1e","Assets/Art/Icon/UI/技能急速图标.jpg","c6d3034b17922d24abdf23161caf3e24","Transitive","ClientPresentation",
"Assets/Scenes/GameScene.unity","538c58be6a17c554ea049ffff88b0e1e","Assets/Art/Icon/UI/攻击力图标.jpg","527f2c84fd456354e9210993b2c12bf6","Transitive","ClientPresentation",
"Assets/Scenes/GameScene.unity","538c58be6a17c554ea049ffff88b0e1e","Assets/Art/Icon/UI/攻击距离.png","057fbaa7e8bfa64488f761f83357d368","Transitive","ClientPresentation",
"Assets/Scenes/GameScene.unity","538c58be6a17c554ea049ffff88b0e1e","Assets/Art/Icon/UI/攻速图标.jpg","b0be904057004404186a885b687398c8","Transitive","ClientPresentation",
"Assets/Scenes/GameScene.unity","538c58be6a17c554ea049ffff88b0e1e","Assets/Art/Icon/UI/暴击率图标.jpg","56e01705cbfa9fe449b4130a2b4f25d2","Transitive","ClientPresentation",
"Assets/Scenes/GameScene.unity","538c58be6a17c554ea049ffff88b0e1e","Assets/Art/Icon/UI/治疗与护盾强度.png","b8b5218ffb7747346b01f009fa4477ad","Transitive","ClientPresentation",
"Assets/Scenes/GameScene.unity","538c58be6a17c554ea049ffff88b0e1e","Assets/Art/Icon/UI/法强图标.jpg","d097ae3c74b6fd846881459eb176a5b6","Transitive","ClientPresentation",
"Assets/Scenes/GameScene.unity","538c58be6a17c554ea049ffff88b0e1e","Assets/Art/Icon/UI/法防图标.jpg","795fd4fb656f1014ea9f255d7b243822","Transitive","ClientPresentation",
"Assets/Scenes/GameScene.unity","538c58be6a17c554ea049ffff88b0e1e","Assets/Art/Icon/UI/物防图标.jpg","d7f27d808d003e343ad59a08fdd5cef1","Transitive","ClientPresentation",
"Assets/Scenes/GameScene.unity","538c58be6a17c554ea049ffff88b0e1e","Assets/Art/Icon/UI/生命值和施法资源的自然回复.png","e0c16ec4de9fdd94b98414b9cada3451","Transitive","ClientPresentation",
"Assets/Scenes/GameScene.unity","538c58be6a17c554ea049ffff88b0e1e","Assets/Art/Icon/UI/生命窃取.png","089152850703a344a8957a5c818f907e","Transitive","ClientPresentation",
"Assets/Scenes/GameScene.unity","538c58be6a17c554ea049ffff88b0e1e","Assets/Art/Icon/UI/移速图标.jpg","07e1bdd060eb3f34eac9010901a5c991","Transitive","ClientPresentation",
"Assets/Scenes/GameScene.unity","538c58be6a17c554ea049ffff88b0e1e","Assets/Art/Icon/UI/空槽位.png","0bf253963fd01f64785838cc35423a5c","Transitive","ClientPresentation",
"Assets/Scenes/GameScene.unity","538c58be6a17c554ea049ffff88b0e1e","Assets/Art/Icon/UI/胜利图标.png","b6403d0fd42a7a94483b2f09042b10cb","Transitive","ClientPresentation",
"Assets/Scenes/GameScene.unity","538c58be6a17c554ea049ffff88b0e1e","Assets/Art/Icon/UI/补刀数图标.png","3dab0bc5f1aa9ea4084233a5ebd8d334","Transitive","ClientPresentation",
"Assets/Scenes/GameScene.unity","538c58be6a17c554ea049ffff88b0e1e","Assets/Art/Icon/UI/韧性.png","607c079e98ee7b74e82740bdaab04a6e","Transitive","ClientPresentation",
"Assets/Scenes/GameScene.unity","538c58be6a17c554ea049ffff88b0e1e","Assets/Art/Img/剑魔Q1特效.png","6639585702dbaa74f854854c9b44fec5","Transitive","ClientPresentation",
"Assets/Scenes/GameScene.unity","538c58be6a17c554ea049ffff88b0e1e","Assets/Art/Img/剑魔Q2特效.png","1d8b1aceb7498f648a82afd1cc27343e","Transitive","ClientPresentation",
"Assets/Scenes/GameScene.unity","538c58be6a17c554ea049ffff88b0e1e","Assets/Art/Img/剑魔Q3特效.png","27f4cf630739603478c09255ee54bbf7","Transitive","ClientPresentation",
"Assets/Scenes/GameScene.unity","538c58be6a17c554ea049ffff88b0e1e","Assets/Art/Img/韦鲁斯E污染地面贴图.png","8fe40a9a092a27d47aab50fba5763bef","Transitive","ClientPresentation",
"Assets/Scenes/GameScene.unity","538c58be6a17c554ea049ffff88b0e1e","Assets/Art/Model/惩戒之箭.glb","8f40f99fab8436a49b4e59ff72e4a06c","Transitive","ClientPresentation",
"Assets/Scenes/GameScene.unity","538c58be6a17c554ea049ffff88b0e1e","Assets/Art/Model/暗裔剑魔.glb","685c437926c856740894fdf207975bb1","Transitive","ClientPresentation",
"Assets/Scenes/GameScene.unity","538c58be6a17c554ea049ffff88b0e1e","Assets/Art/Model/红方近战小兵.glb","c890ea416b8790e408fe2b525edec67f","Transitive","ClientPresentation",
"Assets/Scenes/GameScene.unity","538c58be6a17c554ea049ffff88b0e1e","Assets/Art/Model/红方远程小兵.glb","ddbb9a9fe8ffc8e43a83662e68f48609","Transitive","ClientPresentation",
"Assets/Scenes/GameScene.unity","538c58be6a17c554ea049ffff88b0e1e","Assets/Art/Model/红方防御塔.glb","804b36482ac2a7445b4ba95e89e1699c","Transitive","ClientPresentation",
"Assets/Scenes/GameScene.unity","538c58be6a17c554ea049ffff88b0e1e","Assets/Art/Model/蓝方近战小兵.glb","992d5acb9b350e749baa94ae4267cecb","Transitive","ClientPresentation",
"Assets/Scenes/GameScene.unity","538c58be6a17c554ea049ffff88b0e1e","Assets/Art/Model/蓝方远程小兵.glb","065c37ae71d0926459365abaef2cd1a4","Transitive","ClientPresentation",
"Assets/Scenes/GameScene.unity","538c58be6a17c554ea049ffff88b0e1e","Assets/Art/Model/蓝方防御塔.glb","5c2dda9b8c528924ca647ec45754439c","Transitive","ClientPresentation",
"Assets/Scenes/GameScene.unity","538c58be6a17c554ea049ffff88b0e1e","Assets/Art/Model/韦鲁斯_E特效.glb","ec4bfcbd6fd33364aa532d3531de3147","Transitive","ClientPresentation",
"Assets/Scenes/GameScene.unity","538c58be6a17c554ea049ffff88b0e1e","Assets/Art/Model/韦鲁斯_Q投掷物.glb","e0b83d01f6e7a5d42b78738662005672","Transitive","ClientPresentation",
"Assets/Scenes/GameScene.unity","538c58be6a17c554ea049ffff88b0e1e","Assets/Art/Model/韦鲁斯_R投掷物.glb","3776dc52365ba9c488f0be67dd419620","Transitive","ClientPresentation",
"Assets/Scenes/GameScene.unity","538c58be6a17c554ea049ffff88b0e1e","Assets/Art/Model/韦鲁斯_攻击投掷物.glb","c045de92664f45c45bb57374a5965859","Transitive","ClientPresentation",
"Assets/Scenes/GameScene.unity","538c58be6a17c554ea049ffff88b0e1e","Assets/Art/Sound/韦鲁斯攻击生效音效.mp3","cacda20d948fd6a4cafaf8ff19b1e0f0","Transitive","ClientPresentation",
"Assets/Scenes/GameScene.unity","538c58be6a17c554ea049ffff88b0e1e","Assets/Art/Texture/Texturelabs_Soil_143L.jpg","0452dc9ca521f63459497b9d0fa959fc","Transitive","ClientPresentation",
"Assets/Scenes/GameScene.unity","538c58be6a17c554ea049ffff88b0e1e","Assets/Art/Texture/Texturelabs_Stone_166M.jpg","e99a2146f01934841a60045e137ebb71","Transitive","ClientPresentation",
"Assets/Scenes/GameScene.unity","538c58be6a17c554ea049ffff88b0e1e","Assets/Config/Formal/Abilities/Aatrox/AatroxAbilityLoadout.asset","8fbc76321103fb247bd648e41ad357f7","Transitive","SharedConfig",
"Assets/Scenes/GameScene.unity","538c58be6a17c554ea049ffff88b0e1e","Assets/Config/Formal/Abilities/Aatrox/AatroxE.asset","8e8be4ed5eedca54e985f6627921f2fa","Transitive","SharedConfig",
"Assets/Scenes/GameScene.unity","538c58be6a17c554ea049ffff88b0e1e","Assets/Config/Formal/Abilities/Aatrox/AatroxFixedPassive.asset","f15496fe2a0e113408522ca662ce1684","Transitive","SharedConfig",
"Assets/Scenes/GameScene.unity","538c58be6a17c554ea049ffff88b0e1e","Assets/Config/Formal/Abilities/Aatrox/AatroxQ.asset","068666dd3d20a5f489558bcc4a192c7e","Transitive","SharedConfig",
"Assets/Scenes/GameScene.unity","538c58be6a17c554ea049ffff88b0e1e","Assets/Config/Formal/Abilities/Aatrox/AatroxR.asset","ddf98aa7c50788945a38d851c9ac8b87","Transitive","SharedConfig",
"Assets/Scenes/GameScene.unity","538c58be6a17c554ea049ffff88b0e1e","Assets/Config/Formal/Abilities/Aatrox/AatroxW.asset","3eee2ff2bb53ee740aa5a12e3f48e95e","Transitive","SharedConfig",
"Assets/Scenes/GameScene.unity","538c58be6a17c554ea049ffff88b0e1e","Assets/Config/Formal/Abilities/FormalHeroAbilityRuntimeCatalog.asset","2d09d9a5b5be5294894114be7603b54a","Direct","SharedConfig",
"Assets/Scenes/GameScene.unity","538c58be6a17c554ea049ffff88b0e1e","Assets/Config/Formal/Abilities/VarusAbilityLoadout.asset","71946883abc6c8a47bdcc5c3a61b356c","Transitive","SharedConfig",
"Assets/Scenes/GameScene.unity","538c58be6a17c554ea049ffff88b0e1e","Assets/Config/Formal/Abilities/VarusE.asset","83ba0131923d35144bae77d6654b9c35","Transitive","SharedConfig",
"Assets/Scenes/GameScene.unity","538c58be6a17c554ea049ffff88b0e1e","Assets/Config/Formal/Abilities/VarusFixedPassive.asset","91eaffc7874ccd141add968c10da300a","Transitive","SharedConfig",
"Assets/Scenes/GameScene.unity","538c58be6a17c554ea049ffff88b0e1e","Assets/Config/Formal/Abilities/VarusQ.asset","1d39b6fcb4a6c3a4d93f531a7d71e0df","Transitive","SharedConfig",
"Assets/Scenes/GameScene.unity","538c58be6a17c554ea049ffff88b0e1e","Assets/Config/Formal/Abilities/VarusR.asset","b4215bedc8e28eb418a072e305076585","Transitive","SharedConfig",
"Assets/Scenes/GameScene.unity","538c58be6a17c554ea049ffff88b0e1e","Assets/Config/Formal/Abilities/VarusW.asset","cebff4eed8f123e489b437871eeb891a","Transitive","SharedConfig",
"Assets/Scenes/GameScene.unity","538c58be6a17c554ea049ffff88b0e1e","Assets/Config/Formal/Animation/AatroxAnimationProfile.asset","eaec47e1763f63a45809fd1c3d29ca8e","Transitive","SharedConfig",
"Assets/Scenes/GameScene.unity","538c58be6a17c554ea049ffff88b0e1e","Assets/Config/Formal/Animation/CasterBlue.controller","793b6c33ccfc57a46be4ac1600b67f32","Transitive","ClientPresentation",
"Assets/Scenes/GameScene.unity","538c58be6a17c554ea049ffff88b0e1e","Assets/Config/Formal/Animation/CasterRed.controller","9e720db7282df5a4c9f4a58d73fb6e96","Transitive","ClientPresentation",
"Assets/Scenes/GameScene.unity","538c58be6a17c554ea049ffff88b0e1e","Assets/Config/Formal/Animation/MeleeBlue.controller","625352f2e73df0c4982f6a5367c1d5c6","Transitive","ClientPresentation",
"Assets/Scenes/GameScene.unity","538c58be6a17c554ea049ffff88b0e1e","Assets/Config/Formal/Animation/MeleeRed.controller","1e22e6272edcbb94a8f92628a64f566a","Transitive","ClientPresentation",
"Assets/Scenes/GameScene.unity","538c58be6a17c554ea049ffff88b0e1e","Assets/Config/Formal/Animation/TestUnitAnimationProfile.asset","3592d1e3449411743befb9d5763bcfe9","Transitive","SharedConfig",
"Assets/Scenes/GameScene.unity","538c58be6a17c554ea049ffff88b0e1e","Assets/Config/Formal/Animation/Varus.controller","44660058be562344494669a80981d4b3","Transitive","ClientPresentation",
"Assets/Scenes/GameScene.unity","538c58be6a17c554ea049ffff88b0e1e","Assets/Config/Formal/AudioLibrary.asset","f9f9cef3e3515764dbdd11ff11b7bb07","Direct","SharedConfig",
"Assets/Scenes/GameScene.unity","538c58be6a17c554ea049ffff88b0e1e","Assets/Config/Formal/Buffs/Aatrox/AatroxWSlow.asset","bc9ddf41975c4fd43b94ac1d50aea8fb","Transitive","SharedConfig",
"Assets/Scenes/GameScene.unity","538c58be6a17c554ea049ffff88b0e1e","Assets/Config/Formal/Buffs/Aatrox/AatroxWTether.asset","025674ac71275a3408a799cac0f81c7d","Transitive","SharedConfig",
"Assets/Scenes/GameScene.unity","538c58be6a17c554ea049ffff88b0e1e","Assets/Config/Formal/Buffs/Aatrox/AatroxWorldEnder.asset","6ef1141b9f9607944a9d8cbb2005cc92","Transitive","SharedConfig",
"Assets/Scenes/GameScene.unity","538c58be6a17c554ea049ffff88b0e1e","Assets/Config/Formal/Buffs/Aatrox/Buff_DeathbringerStance.asset","957ad9105d62de54c86417d44c4f77ac","Transitive","SharedConfig",
"Assets/Scenes/GameScene.unity","538c58be6a17c554ea049ffff88b0e1e","Assets/Config/Formal/Buffs/BlightBuffDefinition.asset","f23a48fe70f8d504c9fb8a98cb94f1b7","Transitive","SharedConfig",
"Assets/Scenes/GameScene.unity","538c58be6a17c554ea049ffff88b0e1e","Assets/Config/Formal/Buffs/Buff_CorruptionVines.asset","22e8c11e1690f0442b121fa5d011d20c","Transitive","SharedConfig",
"Assets/Scenes/GameScene.unity","538c58be6a17c554ea049ffff88b0e1e","Assets/Config/Formal/Buffs/Buff_DesecratedGrievous.asset","bc4b667791827e546be7fb76eb88210c","Transitive","SharedConfig",
"Assets/Scenes/GameScene.unity","538c58be6a17c554ea049ffff88b0e1e","Assets/Config/Formal/Buffs/Buff_DesecratedSlow.asset","ebe0fff2c87b3ff4d8162d69df16bcf6","Transitive","SharedConfig",
"Assets/Scenes/GameScene.unity","538c58be6a17c554ea049ffff88b0e1e","Assets/Config/Formal/Buffs/Buff_MinionMuncher.asset","92d427a40267f5a4fb08cbc5e8f2e14b","Transitive","SharedConfig",
"Assets/Scenes/GameScene.unity","538c58be6a17c554ea049ffff88b0e1e","Assets/Config/Formal/Buffs/Buff_MinionPincushion.asset","3a972ade4ffc00f4887925b177e2fd2e","Transitive","SharedConfig",
"Assets/Scenes/GameScene.unity","538c58be6a17c554ea049ffff88b0e1e","Assets/Config/Formal/Buffs/Buff_RVineContactTimer.asset","40b3e80b30072784e85d556ded55b5f7","Transitive","SharedConfig",
"Assets/Scenes/GameScene.unity","538c58be6a17c554ea049ffff88b0e1e","Assets/Config/Formal/Buffs/Buff_RVineMarker.asset","3516da3ec2a493a499f55cbd6466846e","Transitive","SharedConfig",
"Assets/Scenes/GameScene.unity","538c58be6a17c554ea049ffff88b0e1e","Assets/Config/Formal/Buffs/Buff_SeethingStrike.asset","789eafa8ddc299a4cb3e6689f429f464","Transitive","SharedConfig",
"Assets/Scenes/GameScene.unity","538c58be6a17c554ea049ffff88b0e1e","Assets/Config/Formal/Buffs/Buff_SunderedSkyOverheal.asset","bbbbbbbb000000000000000000000001","Transitive","SharedConfig",
"Assets/Scenes/GameScene.unity","538c58be6a17c554ea049ffff88b0e1e","Assets/Config/Formal/Buffs/Buff_TowerPillow.asset","0bfb054b0a2b50347b47b33a3d4523d4","Transitive","SharedConfig",
"Assets/Scenes/GameScene.unity","538c58be6a17c554ea049ffff88b0e1e","Assets/Config/Formal/Buffs/FullMatchTestBuffCatalog.asset","bfbc23906fc1fac499ac5a7b12b8ca9b","Direct","SharedConfig",
"Assets/Scenes/GameScene.unity","538c58be6a17c554ea049ffff88b0e1e","Assets/Config/Formal/Buffs/RevengeBuffDefinition.asset","5a4b18ea3df75544a9f1f39983da662e","Transitive","SharedConfig",
"Assets/Scenes/GameScene.unity","538c58be6a17c554ea049ffff88b0e1e","Assets/Config/Formal/CrowdControl/CC_Charm.asset","3c89f594cb9242b4bb529802ece85229","Transitive","SharedConfig",
"Assets/Scenes/GameScene.unity","538c58be6a17c554ea049ffff88b0e1e","Assets/Config/Formal/CrowdControl/CC_Disarm.asset","658b4a3796228a94985c0e3d1ad14158","Transitive","SharedConfig",
"Assets/Scenes/GameScene.unity","538c58be6a17c554ea049ffff88b0e1e","Assets/Config/Formal/CrowdControl/CC_Drowsy.asset","2fe52b5b213f31547a4d69f7a7fe1ad6","Transitive","SharedConfig",
"Assets/Scenes/GameScene.unity","538c58be6a17c554ea049ffff88b0e1e","Assets/Config/Formal/CrowdControl/CC_Fear.asset","4ffa6ca9850313a499734e9712e4d35b","Transitive","SharedConfig",
"Assets/Scenes/GameScene.unity","538c58be6a17c554ea049ffff88b0e1e","Assets/Config/Formal/CrowdControl/CC_KnockBack.asset","7591f2047516663478b0945ceb1ff1bf","Transitive","SharedConfig",
"Assets/Scenes/GameScene.unity","538c58be6a17c554ea049ffff88b0e1e","Assets/Config/Formal/CrowdControl/CC_KnockUp.asset","876e7a0dd49edfe4983cc298b6231b1f","Transitive","SharedConfig",
"Assets/Scenes/GameScene.unity","538c58be6a17c554ea049ffff88b0e1e","Assets/Config/Formal/CrowdControl/CC_Root.asset","9d4f15f978a54ce44a81f25a91de3dbf","Transitive","SharedConfig",
"Assets/Scenes/GameScene.unity","538c58be6a17c554ea049ffff88b0e1e","Assets/Config/Formal/CrowdControl/CC_Silence.asset","b9e71f2a58928764cad97ff093245357","Transitive","SharedConfig",
"Assets/Scenes/GameScene.unity","538c58be6a17c554ea049ffff88b0e1e","Assets/Config/Formal/CrowdControl/CC_Sleep.asset","ec6ccc90e78e9a749820986589627668","Transitive","SharedConfig",
"Assets/Scenes/GameScene.unity","538c58be6a17c554ea049ffff88b0e1e","Assets/Config/Formal/CrowdControl/CC_Slow.asset","d10f1ed06216f904a8f5f8da5e938294","Transitive","SharedConfig",
"Assets/Scenes/GameScene.unity","538c58be6a17c554ea049ffff88b0e1e","Assets/Config/Formal/CrowdControl/CC_Stun.asset","245fd2ed3b4c7a24ea1f9fed13cda2e8","Transitive","SharedConfig",
"Assets/Scenes/GameScene.unity","538c58be6a17c554ea049ffff88b0e1e","Assets/Config/Formal/CrowdControl/CC_Suppression.asset","b6da36dfc3b16884d869780d5107fd3a","Transitive","SharedConfig",
"Assets/Scenes/GameScene.unity","538c58be6a17c554ea049ffff88b0e1e","Assets/Config/Formal/CrowdControl/CC_Taunt.asset","efbfa473f76d7c444ade09247b86757e","Transitive","SharedConfig",
"Assets/Scenes/GameScene.unity","538c58be6a17c554ea049ffff88b0e1e","Assets/Config/Formal/CrowdControl/CrowdControlCatalog.asset","65e31fb930be6b34c812d22d5d2749d6","Direct","SharedConfig",
"Assets/Scenes/GameScene.unity","538c58be6a17c554ea049ffff88b0e1e","Assets/Config/Formal/Equipment/AmplifyingTome.asset","bbaf1346bcaac9c42b657264179d6795","Transitive","SharedConfig",
"Assets/Scenes/GameScene.unity","538c58be6a17c554ea049ffff88b0e1e","Assets/Config/Formal/Equipment/CaulfieldsWarhammer.asset","aaaaaaaa000000000000000000000005","Transitive","SharedConfig",
"Assets/Scenes/GameScene.unity","538c58be6a17c554ea049ffff88b0e1e","Assets/Config/Formal/Equipment/Dagger.asset","e85d40669023def4791da7aeea37e8bf","Transitive","SharedConfig",
"Assets/Scenes/GameScene.unity","538c58be6a17c554ea049ffff88b0e1e","Assets/Config/Formal/Equipment/FormalEquipmentCatalog.asset","eb9d7cfdf62385847aa5e2480b266dae","Direct","SharedConfig",
"Assets/Scenes/GameScene.unity","538c58be6a17c554ea049ffff88b0e1e","Assets/Config/Formal/Equipment/GlowingMote.asset","aaaaaaaa000000000000000000000003","Transitive","SharedConfig",
"Assets/Scenes/GameScene.unity","538c58be6a17c554ea049ffff88b0e1e","Assets/Config/Formal/Equipment/GuinsoosRageblade.asset","4d5e43f68e39be74cb87071952697983","Transitive","SharedConfig",
"Assets/Scenes/GameScene.unity","538c58be6a17c554ea049ffff88b0e1e","Assets/Config/Formal/Equipment/LongSword.asset","aaaaaaaa000000000000000000000001","Transitive","SharedConfig",
"Assets/Scenes/GameScene.unity","538c58be6a17c554ea049ffff88b0e1e","Assets/Config/Formal/Equipment/Pickaxe.asset","062bb1f9189f94c47ad269521bff814f","Transitive","SharedConfig",
"Assets/Scenes/GameScene.unity","538c58be6a17c554ea049ffff88b0e1e","Assets/Config/Formal/Equipment/RecurveBow.asset","5f05c4f5673081f4e8727f18899fa5de","Transitive","SharedConfig",
"Assets/Scenes/GameScene.unity","538c58be6a17c554ea049ffff88b0e1e","Assets/Config/Formal/Equipment/RubyCrystal.asset","aaaaaaaa000000000000000000000002","Transitive","SharedConfig",
"Assets/Scenes/GameScene.unity","538c58be6a17c554ea049ffff88b0e1e","Assets/Config/Formal/Equipment/SunderedSky.asset","aaaaaaaa000000000000000000000006","Transitive","SharedConfig",
"Assets/Scenes/GameScene.unity","538c58be6a17c554ea049ffff88b0e1e","Assets/Config/Formal/Equipment/Tunneler.asset","aaaaaaaa000000000000000000000004","Transitive","SharedConfig",
"Assets/Scenes/GameScene.unity","538c58be6a17c554ea049ffff88b0e1e","Assets/Config/Formal/FullMatchDeterministicMapConfig.asset","f1c4e69f4a5028647b5c47fb0408da9f","Direct","SharedConfig",
"Assets/Scenes/GameScene.unity","538c58be6a17c554ea049ffff88b0e1e","Assets/Config/Formal/FullMatchMinionWaveConfig.asset","56cfde14cc8802849bbae5bb8733b5d9","Direct","SharedConfig",
"Assets/Scenes/GameScene.unity","538c58be6a17c554ea049ffff88b0e1e","Assets/Config/Formal/FullMatchProjectileRuntimeCatalog.asset","e548718fd0a6b7d4b87db7539574720f","Direct","SharedConfig",
"Assets/Scenes/GameScene.unity","538c58be6a17c554ea049ffff88b0e1e","Assets/Config/Formal/FullMatchUnitDisposePolicyTable.asset","a94aa9b65aa66d9438c9752a791476bd","Transitive","SharedConfig",
"Assets/Scenes/GameScene.unity","538c58be6a17c554ea049ffff88b0e1e","Assets/Config/Formal/FullMatchUnitRuntimeCatalog.asset","cf6a213803fa81b4cb7ac2699f40045b","Direct","SharedConfig",
"Assets/Scenes/GameScene.unity","538c58be6a17c554ea049ffff88b0e1e","Assets/Config/Formal/FullMatchVfxLibrary.asset","8b765830955140048b5e07ba16c7167d","Direct","SharedConfig",
"Assets/Scenes/GameScene.unity","538c58be6a17c554ea049ffff88b0e1e","Assets/Config/Formal/GlobalGameplayData.asset","8b0cdcd39dbb2964baebdd8475f1e60e","Direct","SharedConfig",
"Assets/Scenes/GameScene.unity","538c58be6a17c554ea049ffff88b0e1e","Assets/Config/Formal/GlobalPrefabTable.asset","0afb3a04101933e4db188d9d13aa30ea","Transitive","SharedConfig",
"Assets/Scenes/GameScene.unity","538c58be6a17c554ea049ffff88b0e1e","Assets/Config/Formal/HeroDisplayTable.asset","c5958d1073b594545aa68c722dd4feb1","Transitive","SharedConfig",
"Assets/Scenes/GameScene.unity","538c58be6a17c554ea049ffff88b0e1e","Assets/Config/Formal/Presentation/MobaCameraPresentationConfig.asset","d7036c0641fe3444d9b5f2dcd9f21c19","Direct","SharedConfig",
"Assets/Scenes/GameScene.unity","538c58be6a17c554ea049ffff88b0e1e","Assets/Config/Formal/UnitOutlineRim.mat","864a3b4ca3d42f44484fae1ef521e889","Transitive","ClientPresentation",
"Assets/Scenes/GameScene.unity","538c58be6a17c554ea049ffff88b0e1e","Assets/Input/PlayerInputActions.inputactions","d6e31e9846ced6441a31f8048ed616b1","Direct","Unclassified",
"Assets/Scenes/GameScene.unity","538c58be6a17c554ea049ffff88b0e1e","Assets/Resources/Animation/Aatrox/AatroxAnimator.controller","d090724705de58f42bfa939f13959d54","Transitive","ClientPresentation",
"Assets/Scenes/GameScene.unity","538c58be6a17c554ea049ffff88b0e1e","Assets/Resources/Animation/Aatrox/AatroxAttack1.anim","12e8ff2fc426e7349bbe8b01bcd623fa","Transitive","ClientPresentation",
"Assets/Scenes/GameScene.unity","538c58be6a17c554ea049ffff88b0e1e","Assets/Resources/Animation/Aatrox/AatroxAttack1_ULT.anim","50fe63f7d202f934091bf07b5585b558","Transitive","ClientPresentation",
"Assets/Scenes/GameScene.unity","538c58be6a17c554ea049ffff88b0e1e","Assets/Resources/Animation/Aatrox/AatroxAttack2.anim","8f774a9762de4fc4688a4b4aa3a8dba0","Transitive","ClientPresentation",
"Assets/Scenes/GameScene.unity","538c58be6a17c554ea049ffff88b0e1e","Assets/Resources/Animation/Aatrox/AatroxAttack2_ULT.anim","e1d18de90d26ce44f8088bedab4fcff2","Transitive","ClientPresentation",
"Assets/Scenes/GameScene.unity","538c58be6a17c554ea049ffff88b0e1e","Assets/Resources/Animation/Aatrox/AatroxAttack_Passive.anim","2f849e9442d822f47a3870574c4a6f04","Transitive","ClientPresentation",
"Assets/Scenes/GameScene.unity","538c58be6a17c554ea049ffff88b0e1e","Assets/Resources/Animation/Aatrox/AatroxAttack_Passive_ULT.anim","cb8af5fafd460494bb531c784d655771","Transitive","ClientPresentation",
"Assets/Scenes/GameScene.unity","538c58be6a17c554ea049ffff88b0e1e","Assets/Resources/Animation/Aatrox/AatroxDash.anim","62c340cc1d351fd448767528cd7b18aa","Transitive","ClientPresentation",
"Assets/Scenes/GameScene.unity","538c58be6a17c554ea049ffff88b0e1e","Assets/Resources/Animation/Aatrox/AatroxDash_Passive.anim","e77537776c85e054a9d8b5d82ba02afd","Transitive","ClientPresentation",
"Assets/Scenes/GameScene.unity","538c58be6a17c554ea049ffff88b0e1e","Assets/Resources/Animation/Aatrox/AatroxDash_ULT.anim","00254f01ef82f4944b2f557e85a4bcd9","Transitive","ClientPresentation",
"Assets/Scenes/GameScene.unity","538c58be6a17c554ea049ffff88b0e1e","Assets/Resources/Animation/Aatrox/AatroxDeath.anim","41acb76393344ac4a89b13a8fe2de2ae","Transitive","ClientPresentation",
"Assets/Scenes/GameScene.unity","538c58be6a17c554ea049ffff88b0e1e","Assets/Resources/Animation/Aatrox/AatroxIdle.anim","f9323091a2488f34799ca56e363d19a1","Transitive","ClientPresentation",
"Assets/Scenes/GameScene.unity","538c58be6a17c554ea049ffff88b0e1e","Assets/Resources/Animation/Aatrox/AatroxIdle_Passive.anim","c5885abca03bcb046939b45b012f6cc3","Transitive","ClientPresentation",
"Assets/Scenes/GameScene.unity","538c58be6a17c554ea049ffff88b0e1e","Assets/Resources/Animation/Aatrox/AatroxIdle_ULT.anim","7f8156845366f334b9e11e5f019de16b","Transitive","ClientPresentation",
"Assets/Scenes/GameScene.unity","538c58be6a17c554ea049ffff88b0e1e","Assets/Resources/Animation/Aatrox/AatroxQ1.anim","b158f602146c5c343b09ea6a99ad1a0b","Transitive","ClientPresentation",
"Assets/Scenes/GameScene.unity","538c58be6a17c554ea049ffff88b0e1e","Assets/Resources/Animation/Aatrox/AatroxQ1_ULT.anim","9436315b9f0aab44eb88add8256eacea","Transitive","ClientPresentation",
"Assets/Scenes/GameScene.unity","538c58be6a17c554ea049ffff88b0e1e","Assets/Resources/Animation/Aatrox/AatroxQ2.anim","9dd0d0d373c5998438bbf729f578ffeb","Transitive","ClientPresentation",
"Assets/Scenes/GameScene.unity","538c58be6a17c554ea049ffff88b0e1e","Assets/Resources/Animation/Aatrox/AatroxQ2_ULT.anim","0f3454a5803ba43438dc565f38c1ae2b","Transitive","ClientPresentation",
"Assets/Scenes/GameScene.unity","538c58be6a17c554ea049ffff88b0e1e","Assets/Resources/Animation/Aatrox/AatroxQ3.anim","e23aedc8a42711644b6152f30efd7145","Transitive","ClientPresentation",
"Assets/Scenes/GameScene.unity","538c58be6a17c554ea049ffff88b0e1e","Assets/Resources/Animation/Aatrox/AatroxQ3_ULT.anim","0f4a407080caf764289170dca5b7e07e","Transitive","ClientPresentation",
"Assets/Scenes/GameScene.unity","538c58be6a17c554ea049ffff88b0e1e","Assets/Resources/Animation/Aatrox/AatroxSpellR.anim","d854f4c196f0acd46b56d5e28d614568","Transitive","ClientPresentation",
"Assets/Scenes/GameScene.unity","538c58be6a17c554ea049ffff88b0e1e","Assets/Resources/Animation/Aatrox/AatroxSpellW.anim","0cece2fc29ce15848b3f8179dff77dd2","Transitive","ClientPresentation",
"Assets/Scenes/GameScene.unity","538c58be6a17c554ea049ffff88b0e1e","Assets/Resources/Animation/Aatrox/AatroxSpellW_ULT.anim","3255706c8bc0cbb49b66da53ce53b4be","Transitive","ClientPresentation",
"Assets/Scenes/GameScene.unity","538c58be6a17c554ea049ffff88b0e1e","Assets/Resources/Animation/Aatrox/AatroxULTOut.anim","084921aef66c5414f9e631cdcc704f86","Transitive","ClientPresentation",
"Assets/Scenes/GameScene.unity","538c58be6a17c554ea049ffff88b0e1e","Assets/Resources/Animation/Aatrox/AatroxWalk.anim","8f6f603150ba43f428a896ae1d76c40e","Transitive","ClientPresentation",
"Assets/Scenes/GameScene.unity","538c58be6a17c554ea049ffff88b0e1e","Assets/Resources/Animation/Aatrox/AatroxWalk_Passive.anim","fb0fba21833fd2e428bd8287764bc5af","Transitive","ClientPresentation",
"Assets/Scenes/GameScene.unity","538c58be6a17c554ea049ffff88b0e1e","Assets/Resources/Animation/Aatrox/AatroxWalk_ULT.anim","b56520861af749c48ac057f92a1c2b5e","Transitive","ClientPresentation",
"Assets/Scenes/GameScene.unity","538c58be6a17c554ea049ffff88b0e1e","Assets/Resources/Animation/Minion/Blue/CasterMinion_Attack.anim","c3935cbe8b1fe8e4fbe3f6c4b1a6e0d4","Transitive","ClientPresentation",
"Assets/Scenes/GameScene.unity","538c58be6a17c554ea049ffff88b0e1e","Assets/Resources/Animation/Minion/Blue/CasterMinion_Death.anim","2fb47ec91b9d29a4c884fc942847e266","Transitive","ClientPresentation",
"Assets/Scenes/GameScene.unity","538c58be6a17c554ea049ffff88b0e1e","Assets/Resources/Animation/Minion/Blue/CasterMinion_Idle.anim","f2693f32fca6fed4494c5fe1d7c73140","Transitive","ClientPresentation",
"Assets/Scenes/GameScene.unity","538c58be6a17c554ea049ffff88b0e1e","Assets/Resources/Animation/Minion/Blue/CasterMinion_Walk.anim","03af889a600a66947869e83181c5643f","Transitive","ClientPresentation",
"Assets/Scenes/GameScene.unity","538c58be6a17c554ea049ffff88b0e1e","Assets/Resources/Animation/Minion/Blue/MeleeMinion_Attack.anim","220dd8ba7c6b7e646b4b1946c3d52ef8","Transitive","ClientPresentation",
"Assets/Scenes/GameScene.unity","538c58be6a17c554ea049ffff88b0e1e","Assets/Resources/Animation/Minion/Blue/MeleeMinion_Death.anim","62db727fa22d87a429e57c1e313cc344","Transitive","ClientPresentation",
"Assets/Scenes/GameScene.unity","538c58be6a17c554ea049ffff88b0e1e","Assets/Resources/Animation/Minion/Blue/MeleeMinion_Idle.anim","a3ad0c6a5ae3fd44ab340554970e0541","Transitive","ClientPresentation",
"Assets/Scenes/GameScene.unity","538c58be6a17c554ea049ffff88b0e1e","Assets/Resources/Animation/Minion/Blue/MeleeMinion_Walk.anim","a3b04fd15585d31409197d63cca03ebd","Transitive","ClientPresentation",
"Assets/Scenes/GameScene.unity","538c58be6a17c554ea049ffff88b0e1e","Assets/Resources/Animation/Minion/Red/CasterMinion_Attack.anim","70ca89583698d3d44901555f595528d1","Transitive","ClientPresentation",
"Assets/Scenes/GameScene.unity","538c58be6a17c554ea049ffff88b0e1e","Assets/Resources/Animation/Minion/Red/CasterMinion_Death.anim","2b85ea4cf35a5834f9a36a4596e813df","Transitive","ClientPresentation",
"Assets/Scenes/GameScene.unity","538c58be6a17c554ea049ffff88b0e1e","Assets/Resources/Animation/Minion/Red/CasterMinion_Idle.anim","51d8c0867d1ea8b4aaf146310afd9f02","Transitive","ClientPresentation",
"Assets/Scenes/GameScene.unity","538c58be6a17c554ea049ffff88b0e1e","Assets/Resources/Animation/Minion/Red/CasterMinion_Walk.anim","be899e3fb2a2dd341849032392f2957b","Transitive","ClientPresentation",
"Assets/Scenes/GameScene.unity","538c58be6a17c554ea049ffff88b0e1e","Assets/Resources/Animation/Minion/Red/MeleeMinion_Attack.anim","eb76ad0103f3efe4a8c7f104b18ba3b7","Transitive","ClientPresentation",
"Assets/Scenes/GameScene.unity","538c58be6a17c554ea049ffff88b0e1e","Assets/Resources/Animation/Minion/Red/MeleeMinion_Death.anim","667dcc2faad23a74a9a5f72f53e0ac1d","Transitive","ClientPresentation",
"Assets/Scenes/GameScene.unity","538c58be6a17c554ea049ffff88b0e1e","Assets/Resources/Animation/Minion/Red/MeleeMinion_Idle.anim","abc3ff4c728c48549a0cfb041d28afe1","Transitive","ClientPresentation",
"Assets/Scenes/GameScene.unity","538c58be6a17c554ea049ffff88b0e1e","Assets/Resources/Animation/Minion/Red/MeleeMinion_Walk.anim","a305521f5a779cb4ea289e5582eb2e2a","Transitive","ClientPresentation",
"Assets/Scenes/GameScene.unity","538c58be6a17c554ea049ffff88b0e1e","Assets/Resources/Animation/Turret/TurretBlue.controller","4c8eb35614430c040b29c9b33a5e1d5c","Transitive","ClientPresentation",
"Assets/Scenes/GameScene.unity","538c58be6a17c554ea049ffff88b0e1e","Assets/Resources/Animation/Turret/TurretBlueAnimationProfile.asset","0704006b28978b24d89ddc8d722b798e","Transitive","ClientPresentation",
"Assets/Scenes/GameScene.unity","538c58be6a17c554ea049ffff88b0e1e","Assets/Resources/Animation/Turret/TurretDestory_Blue.anim","107a79369ffc0914095510fb87ba6781","Transitive","ClientPresentation",
"Assets/Scenes/GameScene.unity","538c58be6a17c554ea049ffff88b0e1e","Assets/Resources/Animation/Turret/TurretDestory_Red.anim","5ebdcaeb4f0327541afe5e4a5ffe3438","Transitive","ClientPresentation",
"Assets/Scenes/GameScene.unity","538c58be6a17c554ea049ffff88b0e1e","Assets/Resources/Animation/Turret/TurretIdel_Red.anim","aa2b48c3faf9e5748a0a4be7c03c2197","Transitive","ClientPresentation",
"Assets/Scenes/GameScene.unity","538c58be6a17c554ea049ffff88b0e1e","Assets/Resources/Animation/Turret/TurretIdle_Blue.anim","88f8fb5f070c65f47acfe5dbe2f93031","Transitive","ClientPresentation",
"Assets/Scenes/GameScene.unity","538c58be6a17c554ea049ffff88b0e1e","Assets/Resources/Animation/Turret/TurretRed.controller","5593f884ef5e12a4baf9dfd3ccb04977","Transitive","ClientPresentation",
"Assets/Scenes/GameScene.unity","538c58be6a17c554ea049ffff88b0e1e","Assets/Resources/Animation/Turret/TurretRedAnimationProfile.asset","3168336f57ba06b4d8d9641835c44ef6","Transitive","ClientPresentation",
"Assets/Scenes/GameScene.unity","538c58be6a17c554ea049ffff88b0e1e","Assets/Resources/Animation/Varus/VarusAttack1.anim","0cf85d26f59eb7746bdb4a51a69a0f50","Transitive","ClientPresentation",
"Assets/Scenes/GameScene.unity","538c58be6a17c554ea049ffff88b0e1e","Assets/Resources/Animation/Varus/VarusAttack2.anim","23935cc971facab4480e1da8e5edbd92","Transitive","ClientPresentation",
"Assets/Scenes/GameScene.unity","538c58be6a17c554ea049ffff88b0e1e","Assets/Resources/Animation/Varus/VarusDeath.anim","91911fca58c97c249bc80badbe09f4a5","Transitive","ClientPresentation",
"Assets/Scenes/GameScene.unity","538c58be6a17c554ea049ffff88b0e1e","Assets/Resources/Animation/Varus/VarusIdle.anim","276c23e01035d5e4ea228102f7966744","Transitive","ClientPresentation",
"Assets/Scenes/GameScene.unity","538c58be6a17c554ea049ffff88b0e1e","Assets/Resources/Animation/Varus/VarusSpellE.anim","04a1600959a5a814d9dc7ffcf689abd9","Transitive","ClientPresentation",
"Assets/Scenes/GameScene.unity","538c58be6a17c554ea049ffff88b0e1e","Assets/Resources/Animation/Varus/VarusSpellQChanneling_Walk.anim","5f316e4f42754a54c91a85a08f1c2109","Transitive","ClientPresentation",
"Assets/Scenes/GameScene.unity","538c58be6a17c554ea049ffff88b0e1e","Assets/Resources/Animation/Varus/VarusSpellQ_ChannelingIdle.anim","0be8f0f20ceb7154683d8e7153807b32","Transitive","ClientPresentation",
"Assets/Scenes/GameScene.unity","538c58be6a17c554ea049ffff88b0e1e","Assets/Resources/Animation/Varus/VarusSpellQ_Fire.anim","59c9f8e0dcb3b8f4da24bd657198556e","Transitive","ClientPresentation",
"Assets/Scenes/GameScene.unity","538c58be6a17c554ea049ffff88b0e1e","Assets/Resources/Animation/Varus/VarusSpellR.anim","67ff9cd0d01dd0b47a0255bc14ee0ca1","Transitive","ClientPresentation",
"Assets/Scenes/GameScene.unity","538c58be6a17c554ea049ffff88b0e1e","Assets/Resources/Animation/Varus/VarusWalk.anim","53277acafa583bd42903fd3e03109128","Transitive","ClientPresentation",
"Assets/Scenes/GameScene.unity","538c58be6a17c554ea049ffff88b0e1e","Assets/Resources/Material/亚托克斯通用材质.mat","3d347c0be0047484681175b0a46733ce","Transitive","ClientPresentation",
"Assets/Scenes/GameScene.unity","538c58be6a17c554ea049ffff88b0e1e","Assets/Resources/Material/地图基底材质.mat","ddf9d72465e9b634ca27a3e82688ed28","Direct","ClientPresentation",
"Assets/Scenes/GameScene.unity","538c58be6a17c554ea049ffff88b0e1e","Assets/Resources/Material/地图障碍物材质.mat","2f188c1eb9ddcac4e86f383e0e18edb4","Direct","ClientPresentation",
"Assets/Scenes/GameScene.unity","538c58be6a17c554ea049ffff88b0e1e","Assets/Resources/Material/红方远程小兵攻击投掷物.mat","66bd48b9f6739194a9e60f4aaac60ff9","Transitive","ClientPresentation",
"Assets/Scenes/GameScene.unity","538c58be6a17c554ea049ffff88b0e1e","Assets/Resources/Material/蓝方远程小兵攻击投掷物.mat","6881a8644760fcb47a6e5dbc6ddd218d","Transitive","ClientPresentation",
"Assets/Scenes/GameScene.unity","538c58be6a17c554ea049ffff88b0e1e","Assets/Resources/Material/韦鲁斯特效通用材质.mat","a22de958bf0c8ff47a18ee82d573f017","Transitive","ClientPresentation",
"Assets/Scenes/GameScene.unity","538c58be6a17c554ea049ffff88b0e1e","Assets/Resources/MiniMap.renderTexture","5c8eb660ca333594ba8244241934c731","Transitive","ClientPresentation",
"Assets/Scenes/GameScene.unity","538c58be6a17c554ea049ffff88b0e1e","Assets/Resources/Prefab/Indicators/DirectionIndicator.prefab","27e85fb6395596e40be0a8067ec883e6","Direct","Unclassified",
"Assets/Scenes/GameScene.unity","538c58be6a17c554ea049ffff88b0e1e","Assets/Resources/Prefab/Indicators/GroundTargetIndicator.prefab","41bee1419c26ef0409d2e68c858bc7b6","Direct","Unclassified",
"Assets/Scenes/GameScene.unity","538c58be6a17c554ea049ffff88b0e1e","Assets/Resources/Prefab/Indicators/IndicatorBarBody.mat","7d4385d2eefc7aa46aa4afe69c09fc7a","Transitive","ClientPresentation",
"Assets/Scenes/GameScene.unity","538c58be6a17c554ea049ffff88b0e1e","Assets/Resources/Prefab/Indicators/IndicatorBarBody.png","a33f6a7e1a0c55b4b80ab4a8893645e9","Transitive","ClientPresentation",
"Assets/Scenes/GameScene.unity","538c58be6a17c554ea049ffff88b0e1e","Assets/Resources/Prefab/Indicators/IndicatorCircle.mat","6aaf059f361a6054eb5008f9cd8374b7","Transitive","ClientPresentation",
"Assets/Scenes/GameScene.unity","538c58be6a17c554ea049ffff88b0e1e","Assets/Resources/Prefab/Indicators/IndicatorCircle.png","e465cbc2a6927d949b22de2d6e7d4db7","Transitive","ClientPresentation",
"Assets/Scenes/GameScene.unity","538c58be6a17c554ea049ffff88b0e1e","Assets/Resources/Prefab/Indicators/IndicatorRing.mat","539b6a323db95c44fa84cdeb4c045d1c","Transitive","ClientPresentation",
"Assets/Scenes/GameScene.unity","538c58be6a17c554ea049ffff88b0e1e","Assets/Resources/Prefab/Indicators/IndicatorRing.png","ba3da1a5288f0ff4296359b6f9719d17","Transitive","ClientPresentation",
"Assets/Scenes/GameScene.unity","538c58be6a17c554ea049ffff88b0e1e","Assets/Resources/Prefab/Indicators/RangeCircleIndicator.prefab","2008ae73edcc9e643996a12d647c88b3","Direct","Unclassified",
"Assets/Scenes/GameScene.unity","538c58be6a17c554ea049ffff88b0e1e","Assets/Resources/Prefab/Missle/AatroxSpellWMissle.prefab","45b294545c967314f9decb88c44d5920","Transitive","Unclassified",
"Assets/Scenes/GameScene.unity","538c58be6a17c554ea049ffff88b0e1e","Assets/Resources/Prefab/Missle/BlueTeamGeneralAttackMissle.prefab","b3eb1d4dc78a3914883c5db568ff2514","Transitive","Unclassified",
"Assets/Scenes/GameScene.unity","538c58be6a17c554ea049ffff88b0e1e","Assets/Resources/Prefab/Missle/InfernalChainsArea.prefab","3561a9ede028f4741a955188d8b48b97","Transitive","Unclassified",
"Assets/Scenes/GameScene.unity","538c58be6a17c554ea049ffff88b0e1e","Assets/Resources/Prefab/Missle/RedTeamGeneralAttackMissle.prefab","d0e27105677f5f4439bc6bf3e582435c","Transitive","Unclassified",
"Assets/Scenes/GameScene.unity","538c58be6a17c554ea049ffff88b0e1e","Assets/Resources/Prefab/Missle/VarusAttackMissle.prefab","6f4a50dde2a01f745bed4b9d9324f5fa","Transitive","Unclassified",
"Assets/Scenes/GameScene.unity","538c58be6a17c554ea049ffff88b0e1e","Assets/Resources/Prefab/Missle/VarusEMissle_DesecratedGround.prefab","c024096fa5aceb144b1c7ffedbc285fc","Transitive","Unclassified",
"Assets/Scenes/GameScene.unity","538c58be6a17c554ea049ffff88b0e1e","Assets/Resources/Prefab/Missle/VarusSpellQMissle.prefab","3b9c7c4bd406ebf449736a4a6c7432c8","Transitive","Unclassified",
"Assets/Scenes/GameScene.unity","538c58be6a17c554ea049ffff88b0e1e","Assets/Resources/Prefab/Missle/VarusSpellRMissle.prefab","9c9cad292a5e9134c8f337b579ef599a","Transitive","Unclassified",
"Assets/Scenes/GameScene.unity","538c58be6a17c554ea049ffff88b0e1e","Assets/Resources/Prefab/UI/BuffCell.prefab","1595ba941c4166642ad4be01079c4b34","Transitive","ClientPresentation",
"Assets/Scenes/GameScene.unity","538c58be6a17c554ea049ffff88b0e1e","Assets/Resources/Prefab/UI/EquipmentShopCell.prefab","9e7d0449ef5c0f44b88f3bce81e96577","Transitive","ClientPresentation",
"Assets/Scenes/GameScene.unity","538c58be6a17c554ea049ffff88b0e1e","Assets/Resources/Prefab/UI/GameplayHUD.prefab","b637d479f68badc489446b271d694dfa","Transitive","ClientPresentation",
"Assets/Scenes/GameScene.unity","538c58be6a17c554ea049ffff88b0e1e","Assets/Resources/Prefab/UI/HeroSelectCell.prefab","3d6683edf94b12341b13f96fd06042e9","Transitive","ClientPresentation",
"Assets/Scenes/GameScene.unity","538c58be6a17c554ea049ffff88b0e1e","Assets/Resources/Prefab/UI/LoadingPanel.prefab","1287340434f773848bf6401e52eec82a","Transitive","ClientPresentation",
"Assets/Scenes/GameScene.unity","538c58be6a17c554ea049ffff88b0e1e","Assets/Resources/Prefab/UI/MainPanel.prefab","1319619673170934ab3268ef9a7a05f0","Transitive","ClientPresentation",
"Assets/Scenes/GameScene.unity","538c58be6a17c554ea049ffff88b0e1e","Assets/Resources/Prefab/UI/MatchPanel.prefab","bb54c64933efdf945bfe559b3d3cc274","Transitive","ClientPresentation",
"Assets/Scenes/GameScene.unity","538c58be6a17c554ea049ffff88b0e1e","Assets/Resources/Prefab/UI/ResultPanel.prefab","6000fd8d8ec9a4b4ea1604e4a30254ec","Transitive","ClientPresentation",
"Assets/Scenes/GameScene.unity","538c58be6a17c554ea049ffff88b0e1e","Assets/Resources/Prefab/UI/SelectPanel.prefab","f136c6eca688bbb47b2352f8cd9aa46c","Transitive","ClientPresentation",
"Assets/Scenes/GameScene.unity","538c58be6a17c554ea049ffff88b0e1e","Assets/Resources/Prefab/UI/SelectStatusCell.prefab","d3561f2c75ccd67419c236454e7285ba","Transitive","ClientPresentation",
"Assets/Scenes/GameScene.unity","538c58be6a17c554ea049ffff88b0e1e","Assets/Resources/Prefab/UI/ShopPanel.prefab","f6326b3c5517d044482898ab237f94e4","Transitive","ClientPresentation",
"Assets/Scenes/GameScene.unity","538c58be6a17c554ea049ffff88b0e1e","Assets/Resources/Prefab/UI/UIManager.prefab","8a91ee0be144b914592a46e74cfcb3b7","Direct","ClientPresentation",
"Assets/Scenes/GameScene.unity","538c58be6a17c554ea049ffff88b0e1e","Assets/Resources/Prefab/Unit/AatroxHeroRuntime.prefab","e7b912ff51273d94aa44a93069b84017","Transitive","LegacyMixed",
"Assets/Scenes/GameScene.unity","538c58be6a17c554ea049ffff88b0e1e","Assets/Resources/Prefab/Unit/TestCasterMinionBlueRuntime.prefab","b1683136fbeb0ec43bb2651cb3c096cf","Transitive","LegacyMixed",
"Assets/Scenes/GameScene.unity","538c58be6a17c554ea049ffff88b0e1e","Assets/Resources/Prefab/Unit/TestCasterMinionRedRuntime.prefab","2c0dd4221aa4d3445ad5e29b609bc03b","Transitive","LegacyMixed",
"Assets/Scenes/GameScene.unity","538c58be6a17c554ea049ffff88b0e1e","Assets/Resources/Prefab/Unit/TestMeleeMinionBlueRuntime.prefab","3ccd4e1aedf4eec4e858f61a124b015d","Transitive","LegacyMixed",
"Assets/Scenes/GameScene.unity","538c58be6a17c554ea049ffff88b0e1e","Assets/Resources/Prefab/Unit/TestMeleeMinionRedRuntime.prefab","b400545b29699e841a9e7eca456ad6ac","Transitive","LegacyMixed",
"Assets/Scenes/GameScene.unity","538c58be6a17c554ea049ffff88b0e1e","Assets/Resources/Prefab/Unit/TestTowerBlueRuntime.prefab","86effef21215481438a7d1f6fb7ee429","Transitive","LegacyMixed",
"Assets/Scenes/GameScene.unity","538c58be6a17c554ea049ffff88b0e1e","Assets/Resources/Prefab/Unit/TestTowerRedRuntime.prefab","8117cac3f6c07ae418a92479ffd9b25c","Transitive","LegacyMixed",
"Assets/Scenes/GameScene.unity","538c58be6a17c554ea049ffff88b0e1e","Assets/Resources/Prefab/Unit/VarusRuntime.prefab","8386d2da6f6754946a202d33532daffd","Transitive","LegacyMixed",
"Assets/Scenes/GameScene.unity","538c58be6a17c554ea049ffff88b0e1e","Assets/Resources/Prefab/VFX/AatroxQ1VFX.prefab","c104df327fc900e459d8d8d88080e74c","Transitive","ClientPresentation",
"Assets/Scenes/GameScene.unity","538c58be6a17c554ea049ffff88b0e1e","Assets/Resources/Prefab/VFX/AatroxQ2VFX.prefab","e548ee90e7b95e74fa2b03d68ec88b7a","Transitive","ClientPresentation",
"Assets/Scenes/GameScene.unity","538c58be6a17c554ea049ffff88b0e1e","Assets/Resources/Prefab/VFX/AatroxQ3VFX.prefab","4c4378ba777eca9439d5d0e74413316d","Transitive","ClientPresentation",
"Assets/Scenes/GameScene.unity","538c58be6a17c554ea049ffff88b0e1e","Assets/Resources/Prefab/VFX/RenvengeIgniteVFX.prefab","188f953b9c8e8bb45aae4dad667fff10","Transitive","ClientPresentation",
"Assets/Scenes/GameScene.unity","538c58be6a17c554ea049ffff88b0e1e","Assets/Resources/Prefab/VFX/RevengeMarkVFX.prefab","b8afe4b8f34ff6e489e0893500558ddc","Transitive","ClientPresentation",
"Assets/Scenes/GameScene.unity","538c58be6a17c554ea049ffff88b0e1e","Assets/Resources/Prefab/VFX/VarusRBuffVFX.prefab","37b5e78e750a585489efc9dc73bc60d2","Transitive","ClientPresentation",
"Assets/Scenes/GameScene.unity","538c58be6a17c554ea049ffff88b0e1e","Assets/Resources/Prefab/VFX/VarusSpellEVFX.prefab","bfe65ff0689be0f4bb52ef5cd63cccbc","Transitive","ClientPresentation",
"Assets/Scenes/GameScene.unity","538c58be6a17c554ea049ffff88b0e1e","Assets/Scripts/Bootstrap/AttackSfxHandler.cs","143c774f9835b664e8d03ad3afbfb406","Direct","EditorOrCode",
"Assets/Scenes/GameScene.unity","538c58be6a17c554ea049ffff88b0e1e","Assets/Scripts/Bootstrap/CameraController.cs","9afc3712177501f4bb6664a9e355f1d5","Direct","EditorOrCode",
"Assets/Scenes/GameScene.unity","538c58be6a17c554ea049ffff88b0e1e","Assets/Scripts/Bootstrap/ClientUnitOutline.cs","e27fb308c093d80429c4af615daf7055","Transitive","EditorOrCode",
"Assets/Scenes/GameScene.unity","538c58be6a17c554ea049ffff88b0e1e","Assets/Scripts/Bootstrap/DeterministicMapSceneAuthoring.cs","f6a7c61646a9e6c44ba180d7be3fea79","Direct","EditorOrCode",
"Assets/Scenes/GameScene.unity","538c58be6a17c554ea049ffff88b0e1e","Assets/Scripts/Bootstrap/GameBootstrap.cs","36f3934a9416b444e9263afe45218556","Direct","EditorOrCode",
"Assets/Scenes/GameScene.unity","538c58be6a17c554ea049ffff88b0e1e","Assets/Scripts/Bootstrap/MinimapController.cs","6338715031770634cbf228a8578557ea","Transitive","EditorOrCode",
"Assets/Scenes/GameScene.unity","538c58be6a17c554ea049ffff88b0e1e","Assets/Scripts/Bootstrap/MobaCameraPresentationConfig.cs","e7199e030b9ecf64aae8af48cb1239cb","Transitive","EditorOrCode",
"Assets/Scenes/GameScene.unity","538c58be6a17c554ea049ffff88b0e1e","Assets/Scripts/Bootstrap/PresentationEventDispatcher.cs","d4c3d8fca0ec2c34c9b5765c5a8e7d77","Direct","EditorOrCode",
"Assets/Scenes/GameScene.unity","538c58be6a17c554ea049ffff88b0e1e","Assets/Scripts/Bootstrap/UI/UIManager.cs","f548a9380ab1f784badfec9356044ded","Direct","EditorOrCode",
"Assets/Scenes/GameScene.unity","538c58be6a17c554ea049ffff88b0e1e","Assets/Scripts/Bootstrap/UI/UIPage.cs","0d6e0199e1a9f6a46a8a916152cc9991","Transitive","EditorOrCode",
"Assets/Scenes/GameScene.unity","538c58be6a17c554ea049ffff88b0e1e","Assets/Scripts/Bootstrap/UI/UIPageOpenButton.cs","51c3d7ff7eeef2d4a8cd15566db4e5f5","Transitive","EditorOrCode",
"Assets/Scenes/GameScene.unity","538c58be6a17c554ea049ffff88b0e1e","Assets/Scripts/Bootstrap/UI/UIPanel.cs","c05ecf9860c11904d965ae18fb2ced36","Transitive","EditorOrCode",
"Assets/Scenes/GameScene.unity","538c58be6a17c554ea049ffff88b0e1e","Assets/Scripts/Bootstrap/VfxEventHandler.cs","9c6ca760b8d034b4d95f571cf5f5f824","Direct","EditorOrCode",
"Assets/Scenes/GameScene.unity","538c58be6a17c554ea049ffff88b0e1e","Assets/Scripts/FrameSync/AudioLibrary.cs","9979f210757b1a5439c16592353e7d4c","Transitive","EditorOrCode",
"Assets/Scenes/GameScene.unity","538c58be6a17c554ea049ffff88b0e1e","Assets/Scripts/FrameSync/AudioManager.cs","c741031bff60d9c4cb409afe5f522a7d","Direct","EditorOrCode",
"Assets/Scenes/GameScene.unity","538c58be6a17c554ea049ffff88b0e1e","Assets/Scripts/FrameSync/BuffDrivenBoneVisibility.cs","324c940c39f36834eaab67a7a73936d5","Transitive","EditorOrCode",
"Assets/Scenes/GameScene.unity","538c58be6a17c554ea049ffff88b0e1e","Assets/Scripts/FrameSync/CorruptionVineSpreadLineBehaviour.cs","c307e98cfee29034b9c20fa8f5f76740","Transitive","EditorOrCode",
"Assets/Scenes/GameScene.unity","538c58be6a17c554ea049ffff88b0e1e","Assets/Scripts/FrameSync/PresentationSocketSet.cs","a7c8b8e0d56dd714c96ff5e67047c8f0","Transitive","EditorOrCode",
"Assets/Scenes/GameScene.unity","538c58be6a17c554ea049ffff88b0e1e","Assets/Scripts/FrameSync/ProjectileAreaRadiusVisualizer.cs","86856d9775574c2499fb3eb5c2f133b1","Transitive","EditorOrCode",
"Assets/Scenes/GameScene.unity","538c58be6a17c554ea049ffff88b0e1e","Assets/Scripts/FrameSync/TowerTargetLinePresenter.cs","44765ad328b802541a8af70d5df2a94c","Transitive","EditorOrCode",
"Assets/Scenes/GameScene.unity","538c58be6a17c554ea049ffff88b0e1e","Assets/Scripts/FrameSync/UnitAnimationDriver.cs","377bfec80d767444382fe67b6c4c5b38","Transitive","EditorOrCode",
"Assets/Scenes/GameScene.unity","538c58be6a17c554ea049ffff88b0e1e","Assets/Scripts/FrameSync/UnitPresentationHost.cs","94939c62f8549054d9238b3896698fe4","Transitive","EditorOrCode",
"Assets/Scenes/GameScene.unity","538c58be6a17c554ea049ffff88b0e1e","Assets/Scripts/FrameSync/VfxLibrary.cs","e11ee76014eb1114e8f728e19af3d0e4","Transitive","EditorOrCode",
"Assets/Scenes/GameScene.unity","538c58be6a17c554ea049ffff88b0e1e","Assets/Scripts/FrameSync/VfxManager.cs","641b7bb4a4a53d04a8216cbf3066b05a","Direct","EditorOrCode",
"Assets/Scenes/GameScene.unity","538c58be6a17c554ea049ffff88b0e1e","Assets/Scripts/FrameSync/VfxPlaybackHost.cs","51532e9eb1691d0429ab49c063121b01","Transitive","EditorOrCode",
"Assets/Scenes/GameScene.unity","538c58be6a17c554ea049ffff88b0e1e","Assets/Scripts/Gameplay/Ability/AatroxAbilityZoneAuthoringGizmo.cs","6da65dcc93f367e499b7695a3ab97ffb","Transitive","EditorOrCode",
"Assets/Scenes/GameScene.unity","538c58be6a17c554ea049ffff88b0e1e","Assets/Scripts/Gameplay/Ability/AbilityAsset.cs","c1ffb938a26d10b46b88354c8e8aeb8a","Transitive","EditorOrCode",
"Assets/Scenes/GameScene.unity","538c58be6a17c554ea049ffff88b0e1e","Assets/Scripts/Gameplay/Ability/AbilityHandler.cs","4f79abb261c1b3b4bb423e8924a50d88","Transitive","EditorOrCode",
"Assets/Scenes/GameScene.unity","538c58be6a17c554ea049ffff88b0e1e","Assets/Scripts/Gameplay/Ability/AbilityLoadoutAsset.cs","d777bfd7214aa684283d480f804d60ed","Transitive","EditorOrCode",
"Assets/Scenes/GameScene.unity","538c58be6a17c554ea049ffff88b0e1e","Assets/Scripts/Gameplay/Ability/AbilityRuntimeCatalogAsset.cs","5dd9fe71164fdd74d8c227b087003d1a","Transitive","EditorOrCode",
"Assets/Scenes/GameScene.unity","538c58be6a17c554ea049ffff88b0e1e","Assets/Scripts/Gameplay/Ability/FixedPassiveDefinitionAsset.cs","60509f831563fe34eb5e0fa5db121c3c","Transitive","EditorOrCode",
"Assets/Scenes/GameScene.unity","538c58be6a17c554ea049ffff88b0e1e","Assets/Scripts/Gameplay/Attack/AttackHandler.cs","11536609f17ade44196b69b7297fbadf","Transitive","EditorOrCode",
"Assets/Scenes/GameScene.unity","538c58be6a17c554ea049ffff88b0e1e","Assets/Scripts/Gameplay/Attack/TowerAttackHandler.cs","d7749b323d4bedd41905d72bfd3b55bc","Transitive","EditorOrCode",
"Assets/Scenes/GameScene.unity","538c58be6a17c554ea049ffff88b0e1e","Assets/Scripts/Gameplay/Buff/BuffCatalogAsset.cs","ceebe5169722b774f97bc365f3070240","Transitive","EditorOrCode",
"Assets/Scenes/GameScene.unity","538c58be6a17c554ea049ffff88b0e1e","Assets/Scripts/Gameplay/Buff/BuffDefinition.cs","2fd190d0d50aa5847a974015e823714e","Transitive","EditorOrCode",
"Assets/Scenes/GameScene.unity","538c58be6a17c554ea049ffff88b0e1e","Assets/Scripts/Gameplay/Buff/BuffHandler.cs","75af4f65fc14b0e47a13cf0f26e0fb62","Transitive","EditorOrCode",
"Assets/Scenes/GameScene.unity","538c58be6a17c554ea049ffff88b0e1e","Assets/Scripts/Gameplay/CrowdControl/CrowdControlCatalogAsset.cs","c92d2072a0ec06843bdb0facdf57ccd4","Transitive","EditorOrCode",
"Assets/Scenes/GameScene.unity","538c58be6a17c554ea049ffff88b0e1e","Assets/Scripts/Gameplay/CrowdControl/CrowdControlDefinition.cs","26f8388baef4e4144818c3567086f577","Transitive","EditorOrCode",
"Assets/Scenes/GameScene.unity","538c58be6a17c554ea049ffff88b0e1e","Assets/Scripts/Gameplay/CrowdControl/CrowdControlHandler.cs","3fbd12ccb1f37e24c8448b6322cda983","Transitive","EditorOrCode",
"Assets/Scenes/GameScene.unity","538c58be6a17c554ea049ffff88b0e1e","Assets/Scripts/Gameplay/Equipment/EquipmentCatalogAsset.cs","13fd81ec7bfe5b64fa09415b10fb0130","Transitive","EditorOrCode",
"Assets/Scenes/GameScene.unity","538c58be6a17c554ea049ffff88b0e1e","Assets/Scripts/Gameplay/Equipment/EquipmentDefinition.cs","10968a781afdb4648aab6bb16996728c","Transitive","EditorOrCode",
"Assets/Scenes/GameScene.unity","538c58be6a17c554ea049ffff88b0e1e","Assets/Scripts/Gameplay/Equipment/EquipmentHandler.cs","1d296fac7364e2f4b8449516654b37a4","Transitive","EditorOrCode",
"Assets/Scenes/GameScene.unity","538c58be6a17c554ea049ffff88b0e1e","Assets/Scripts/Gameplay/Movement/MovementHandler.cs","0493a04bad49cf540a1384de14b9aa2f","Transitive","EditorOrCode",
"Assets/Scenes/GameScene.unity","538c58be6a17c554ea049ffff88b0e1e","Assets/Scripts/Gameplay/Pathfinding/DeterministicMapConfig.cs","d27708bbd537c3d4fa44ec30e908300d","Transitive","EditorOrCode",
"Assets/Scenes/GameScene.unity","538c58be6a17c554ea049ffff88b0e1e","Assets/Scripts/Gameplay/Presentation/UnitAnimationProfile.cs","7112a06ac3587ca46ba2dbfa5b35902b","Transitive","EditorOrCode",
"Assets/Scenes/GameScene.unity","538c58be6a17c554ea049ffff88b0e1e","Assets/Scripts/Gameplay/Projectile/ProjectileContainmentZoneAuthoring.cs","213be447bab72bf44b67f992a84f55ce","Transitive","EditorOrCode",
"Assets/Scenes/GameScene.unity","538c58be6a17c554ea049ffff88b0e1e","Assets/Scripts/Gameplay/Projectile/ProjectileRuntimeCatalogAsset.cs","20e0327561ceb194aa8df1b2f4874e1f","Transitive","EditorOrCode",
"Assets/Scenes/GameScene.unity","538c58be6a17c554ea049ffff88b0e1e","Assets/Scripts/Gameplay/Stats/StatHandler.cs","d83cb680cdcf541438b70b0b87eb51fa","Transitive","EditorOrCode",
"Assets/Scenes/GameScene.unity","538c58be6a17c554ea049ffff88b0e1e","Assets/Scripts/Gameplay/Unit/Authoring/UnitRuntimeCatalogAsset.cs","b86cf68e04206d5488acf26a5bdc1e11","Transitive","EditorOrCode",
"Assets/Scenes/GameScene.unity","538c58be6a17c554ea049ffff88b0e1e","Assets/Scripts/Gameplay/Unit/Core/Unit.cs","d8b92a46f17a0c1408cebd31e093972b","Transitive","EditorOrCode",
"Assets/Scenes/GameScene.unity","538c58be6a17c554ea049ffff88b0e1e","Assets/Scripts/Gameplay/Unit/Prototype/UnitDisposePolicyTable.cs","c25d6a58ba7ef1145afbc46887bedc11","Transitive","EditorOrCode",
"Assets/Scenes/GameScene.unity","538c58be6a17c554ea049ffff88b0e1e","Assets/Scripts/LuaBridge/LuaBridge.cs","f4884600216dc7b449daa0a0bebe0cf6","Transitive","EditorOrCode",
"Assets/Scenes/GameScene.unity","538c58be6a17c554ea049ffff88b0e1e","Assets/Scripts/LuaBridge/UI/UICell.cs","4e227981d5ada464abba4d883c719dee","Transitive","EditorOrCode",
"Assets/Scenes/GameScene.unity","538c58be6a17c554ea049ffff88b0e1e","Assets/Scripts/LuaBridge/UI/UIList.cs","9cecfe79fa8cc9549a59fbc7b55338a5","Transitive","EditorOrCode",
"Assets/Scenes/GameScene.unity","538c58be6a17c554ea049ffff88b0e1e","Assets/Scripts/Physics/Core/PhysicsEntity2D.cs","cf2e4b89224828f48befee4b715885df","Transitive","EditorOrCode",
"Assets/Scenes/GameScene.unity","538c58be6a17c554ea049ffff88b0e1e","Assets/Scripts/Physics/Core/PhysicsEntity2DShapeAuthoring.cs","ed0a9cc1ab86cbe4484aa191eda97ca8","Transitive","EditorOrCode",
"Assets/Scenes/GameScene.unity","538c58be6a17c554ea049ffff88b0e1e","Assets/Scripts/PlayerInput/PlayerInputController.cs","3879c5fa40958574e96d5dfffacff08e","Direct","EditorOrCode",
"Assets/Scenes/GameScene.unity","538c58be6a17c554ea049ffff88b0e1e","Assets/Scripts/PlayerInput/SkillIndicatorDriver.cs","dcf14de5ca1a6664d9469c04d542230f","Direct","EditorOrCode",
"Assets/Scenes/GameScene.unity","538c58be6a17c554ea049ffff88b0e1e","Assets/Scripts/Presentation/SplineTentacleRenderer.cs","456d68042b6fa4747bb50d6e7aa645bf","Transitive","EditorOrCode",
"Assets/Scenes/GameScene.unity","538c58be6a17c554ea049ffff88b0e1e","Assets/Scripts/RuntimeConfig/GlobalGameplayData.cs","a55ff372add67d84c9a2664628d62911","Transitive","EditorOrCode",
"Assets/Scenes/GameScene.unity","538c58be6a17c554ea049ffff88b0e1e","Assets/Scripts/RuntimeConfig/GlobalPrefabTable.cs","492af7122f0961340b9648f93f8af7f8","Transitive","EditorOrCode",
"Assets/Scenes/GameScene.unity","538c58be6a17c554ea049ffff88b0e1e","Assets/Scripts/RuntimeConfig/HeroDisplayTable.cs","899e7bc53a633ee4dabd640727cd2076","Transitive","EditorOrCode",
"Assets/Scenes/GameScene.unity","538c58be6a17c554ea049ffff88b0e1e","Assets/Scripts/RuntimeConfig/MinionWaveConfig.cs","d3103a25258ae554ba208d97aa4b4204","Transitive","EditorOrCode",
"Assets/Scenes/GameScene.unity","538c58be6a17c554ea049ffff88b0e1e","Assets/Shader/UnitOutlineRim.shader","66aa05f6f4814464ebf165d1aba43d7e","Transitive","ClientPresentation",
"Assets/Scenes/GameScene.unity","538c58be6a17c554ea049ffff88b0e1e","Assets/TextMesh Pro/Fonts/LiberationSans.ttf","e3265ab4bf004d28a9537516768c1c75","Transitive","ClientPresentation",
"Assets/Scenes/GameScene.unity","538c58be6a17c554ea049ffff88b0e1e","Assets/TextMesh Pro/Resources/Fonts & Materials/LiberationSans SDF - Fallback.asset","2e498d1c8094910479dc3e1b768306a4","Transitive","Unclassified",
"Assets/Scenes/GameScene.unity","538c58be6a17c554ea049ffff88b0e1e","Assets/TextMesh Pro/Resources/Fonts & Materials/LiberationSans SDF.asset","8f586378b4e144a9851e7b34d9b748ee","Transitive","Unclassified",
"Assets/Scenes/GameScene.unity","538c58be6a17c554ea049ffff88b0e1e","Assets/TextMesh Pro/Shaders/TMP_SDF-Mobile.shader","fe393ace9b354375a9cb14cdbbc28be4","Transitive","ClientPresentation",
"Assets/Scenes/GameScene.unity","538c58be6a17c554ea049ffff88b0e1e","Packages/com.siccity.gltfutility/Materials/URP/Standard (Metallic).shadergraph","a08f3a1c845d57c4293a42c3202574a1","Transitive","ThirdParty",
"Assets/Scenes/GameScene.unity","538c58be6a17c554ea049ffff88b0e1e","Packages/com.siccity.gltfutility/Materials/URP/Standard (Specular).shadergraph","e6061ad897a8bd843b501d409aff8a22","Transitive","ThirdParty",
"Assets/Scenes/GameScene.unity","538c58be6a17c554ea049ffff88b0e1e","Packages/com.siccity.gltfutility/Materials/URP/Standard Transparent (Metallic).shadergraph","bb6606ffd3868dd46a773758ff6901fc","Transitive","ThirdParty",
"Assets/Scenes/GameScene.unity","538c58be6a17c554ea049ffff88b0e1e","Packages/com.siccity.gltfutility/Materials/URP/Standard Transparent (Specular).shadergraph","09512c1ba26fe804283ec6e09112e53c","Transitive","ThirdParty",
"Assets/Scenes/GameScene.unity","538c58be6a17c554ea049ffff88b0e1e","Packages/com.siccity.gltfutility/Scripts/Editor/GLBImporter.cs","768a5a18fd6eb914f980bf85dd7b34ec","Transitive","ThirdParty",
"Assets/Scenes/GameScene.unity","538c58be6a17c554ea049ffff88b0e1e","Packages/com.unity.2d.sprite/Editor/ObjectMenuCreation/DefaultAssets/Textures/v2/Circle.png","a86470a33a6bf42c4b3595704624658b","Direct","ThirdParty",
"Assets/Scenes/GameScene.unity","538c58be6a17c554ea049ffff88b0e1e","Packages/com.unity.2d.sprite/Editor/ObjectMenuCreation/DefaultAssets/Textures/v2/Square.png","311925a002f4447b3a28927169b83ea6","Direct","ThirdParty",
"Assets/Scenes/GameScene.unity","538c58be6a17c554ea049ffff88b0e1e","Packages/com.unity.inputsystem/InputSystem/Actions/InputActionAsset.cs","39fa3d8997a24136984ca6e2c99902bc","Transitive","ThirdParty",
"Assets/Scenes/GameScene.unity","538c58be6a17c554ea049ffff88b0e1e","Packages/com.unity.inputsystem/InputSystem/Actions/InputActionReference.cs","fc1515ab76e54f068e2f2207940fab32","Transitive","ThirdParty",
"Assets/Scenes/GameScene.unity","538c58be6a17c554ea049ffff88b0e1e","Packages/com.unity.inputsystem/InputSystem/Editor/AssetImporter/InputActionImporter.cs","8404be70184654265930450def6a9037","Transitive","ThirdParty",
"Assets/Scenes/GameScene.unity","538c58be6a17c554ea049ffff88b0e1e","Packages/com.unity.inputsystem/InputSystem/Editor/Icons/InputSystemUIInputModule@64.png","3028dc075ba8c584d9bc7d1e0255e038","Transitive","ThirdParty",
"Assets/Scenes/GameScene.unity","538c58be6a17c554ea049ffff88b0e1e","Packages/com.unity.inputsystem/InputSystem/Plugins/UI/InputSystemUIInputModule.cs","01614664b831546d2ae94a42149d80ac","Transitive","ThirdParty",
"Assets/Scenes/GameScene.unity","538c58be6a17c554ea049ffff88b0e1e","Packages/com.unity.render-pipelines.universal/Editor/AssetVersion.cs","d0353a89b1f911e48b9e16bdc9f2e058","Transitive","ThirdParty",
"Assets/Scenes/GameScene.unity","538c58be6a17c554ea049ffff88b0e1e","Packages/com.unity.render-pipelines.universal/Editor/ShaderGraph/UniversalMetadata.cs","d2654ad3c17ab8a4ebb9fd0719795d21","Transitive","ThirdParty",
"Assets/Scenes/GameScene.unity","538c58be6a17c554ea049ffff88b0e1e","Packages/com.unity.render-pipelines.universal/Runtime/Materials/Lit.mat","31321ba15b8f8eb4c954353edc038b1d","Direct","ThirdParty",
"Assets/Scenes/GameScene.unity","538c58be6a17c554ea049ffff88b0e1e","Packages/com.unity.render-pipelines.universal/Runtime/Materials/ParticlesUnlit.mat","e823cd5b5d27c0f4b8256e7c12ee3e6d","Transitive","ThirdParty",
"Assets/Scenes/GameScene.unity","538c58be6a17c554ea049ffff88b0e1e","Packages/com.unity.render-pipelines.universal/Runtime/UniversalAdditionalCameraData.cs","a79441f348de89743a2939f4d699eac1","Direct","ThirdParty",
"Assets/Scenes/GameScene.unity","538c58be6a17c554ea049ffff88b0e1e","Packages/com.unity.render-pipelines.universal/Runtime/UniversalAdditionalLightData.cs","474bcb49853aa07438625e644c072ee6","Direct","ThirdParty",
"Assets/Scenes/GameScene.unity","538c58be6a17c554ea049ffff88b0e1e","Packages/com.unity.render-pipelines.universal/Shaders/Lit.shader","933532a4fcc9baf4fa0491de14d08ed7","Transitive","ThirdParty",
"Assets/Scenes/GameScene.unity","538c58be6a17c554ea049ffff88b0e1e","Packages/com.unity.render-pipelines.universal/Shaders/Particles/ParticlesUnlit.shader","0406db5a14f94604a8c57ccfbc9f3b46","Transitive","ThirdParty",
"Assets/Scenes/GameScene.unity","538c58be6a17c554ea049ffff88b0e1e","Packages/com.unity.render-pipelines.universal/Shaders/Unlit.shader","650dd9526735d5b46b79224bc6e94025","Transitive","ThirdParty",
"Assets/Scenes/GameScene.unity","538c58be6a17c554ea049ffff88b0e1e","Packages/com.unity.shadergraph/Editor/Importers/ShaderGraphImporter.cs","625f186215c104763be7675aa2d941aa","Transitive","ThirdParty",
"Assets/Scenes/GameScene.unity","538c58be6a17c554ea049ffff88b0e1e","Packages/com.unity.shadergraph/Editor/Importers/ShaderGraphMetadata.cs","b64ab828cd6c5b3479a4c575ca6617d5","Transitive","ThirdParty",
"Assets/Scenes/GameScene.unity","538c58be6a17c554ea049ffff88b0e1e","Packages/com.unity.splines/Runtime/SplineContainer.cs","dab5c7d4c32e743048dfca98e2d5914f","Transitive","ThirdParty",
"Assets/Scenes/GameScene.unity","538c58be6a17c554ea049ffff88b0e1e","Packages/com.unity.textmeshpro/Editor Resources/Gizmos/TMP - Font Asset Icon.psd","ee148e281f3c41c5b4ff5f8a5afe5a6c","Transitive","ThirdParty",
"Assets/Scenes/GameScene.unity","538c58be6a17c554ea049ffff88b0e1e","Packages/com.unity.textmeshpro/Editor Resources/Gizmos/TMP - Text Component Icon.psd","2fd6421f253b4ef1a19526541f9ffc0c","Transitive","ThirdParty",
"Assets/Scenes/GameScene.unity","538c58be6a17c554ea049ffff88b0e1e","Packages/com.unity.textmeshpro/Scripts/Runtime/TMP_FontAsset.cs","71c1514a6bd24e1e882cebbe1904ce04","Transitive","ThirdParty",
"Assets/Scenes/GameScene.unity","538c58be6a17c554ea049ffff88b0e1e","Packages/com.unity.textmeshpro/Scripts/Runtime/TextMeshProUGUI.cs","f4688fdb7df04437aeb418b961361dc5","Transitive","ThirdParty",
"Assets/Scenes/GameScene.unity","538c58be6a17c554ea049ffff88b0e1e","Packages/com.unity.ugui/Runtime/EventSystem/EventSystem.cs","76c392e42b5098c458856cdf6ecaaaa1","Transitive","ThirdParty",
"Assets/Scenes/GameScene.unity","538c58be6a17c554ea049ffff88b0e1e","Packages/com.unity.ugui/Runtime/UI/Core/Button.cs","4e29b1a8efbd4b44bb3f3716e73f07ff","Transitive","ThirdParty",
"Assets/Scenes/GameScene.unity","538c58be6a17c554ea049ffff88b0e1e","Packages/com.unity.ugui/Runtime/UI/Core/GraphicRaycaster.cs","dc42784cf147c0c48a680349fa168899","Transitive","ThirdParty",
"Assets/Scenes/GameScene.unity","538c58be6a17c554ea049ffff88b0e1e","Packages/com.unity.ugui/Runtime/UI/Core/Image.cs","fe87c0e1cc204ed48ad3b37840f39efc","Transitive","ThirdParty",
"Assets/Scenes/GameScene.unity","538c58be6a17c554ea049ffff88b0e1e","Packages/com.unity.ugui/Runtime/UI/Core/Layout/CanvasScaler.cs","0cd44c1031e13a943bb63640046fad76","Transitive","ThirdParty",
"Assets/Scenes/GameScene.unity","538c58be6a17c554ea049ffff88b0e1e","Packages/com.unity.ugui/Runtime/UI/Core/Layout/GridLayoutGroup.cs","8a8695521f0d02e499659fee002a26c2","Transitive","ThirdParty",
"Assets/Scenes/GameScene.unity","538c58be6a17c554ea049ffff88b0e1e","Packages/com.unity.ugui/Runtime/UI/Core/Mask.cs","31a19414c41e5ae4aae2af33fee712f6","Transitive","ThirdParty",
"Assets/Scenes/GameScene.unity","538c58be6a17c554ea049ffff88b0e1e","Packages/com.unity.ugui/Runtime/UI/Core/RawImage.cs","1344c3c82d62a2a41a3576d8abb8e3ea","Transitive","ThirdParty",
"Assets/Scenes/GameScene.unity","538c58be6a17c554ea049ffff88b0e1e","Packages/com.unity.ugui/Runtime/UI/Core/ScrollRect.cs","1aa08ab6e0800fa44ae55d278d1423e3","Transitive","ThirdParty",
"Assets/Scenes/GameScene.unity","538c58be6a17c554ea049ffff88b0e1e","Packages/com.unity.ugui/Runtime/UI/Core/Scrollbar.cs","2a4db7a114972834c8e4117be1d82ba3","Transitive","ThirdParty",
"Assets/Scenes/GameScene.unity","538c58be6a17c554ea049ffff88b0e1e","Packages/com.unity.ugui/Runtime/UI/Core/Slider.cs","67db9e8f0e2ae9c40bc1e2b64352a6b4","Transitive","ThirdParty",
"Assets/Scenes/Lobby.unity","8b113c6b5c216eb43bf773d33b61a049","Assets/Art/Background/加载页面背景图.jpg","4311bbeaf94e7b84b9261f2a78aca129","Transitive","ClientPresentation",
"Assets/Scenes/Lobby.unity","8b113c6b5c216eb43bf773d33b61a049","Assets/Art/Background/选英雄界面背景图.jpg","6412ab6e53ff465479bc71e42b92f8db","Transitive","ClientPresentation",
"Assets/Scenes/Lobby.unity","8b113c6b5c216eb43bf773d33b61a049","Assets/Art/Icon/Ability/Aatrox/AatroxE.png","237800e8fddf3e54bb1bf43e3e96ff5b","Transitive","ClientPresentation",
"Assets/Scenes/Lobby.unity","8b113c6b5c216eb43bf773d33b61a049","Assets/Art/Icon/Ability/Aatrox/AatroxQ1.png","e894b675c21081c48870a9a7933c7439","Transitive","ClientPresentation",
"Assets/Scenes/Lobby.unity","8b113c6b5c216eb43bf773d33b61a049","Assets/Art/Icon/Ability/Aatrox/AatroxQ2.png","00e9e3466d875504dacc31d33410c22a","Transitive","ClientPresentation",
"Assets/Scenes/Lobby.unity","8b113c6b5c216eb43bf773d33b61a049","Assets/Art/Icon/Ability/Aatrox/AatroxQ3.png","6b760e2beac14724da8a55d9ff3ecd64","Transitive","ClientPresentation",
"Assets/Scenes/Lobby.unity","8b113c6b5c216eb43bf773d33b61a049","Assets/Art/Icon/Ability/Aatrox/AatroxR.png","530bdb7b178dc224e98d3a27461805f2","Transitive","ClientPresentation",
"Assets/Scenes/Lobby.unity","8b113c6b5c216eb43bf773d33b61a049","Assets/Art/Icon/Ability/Aatrox/AatroxW.png","804f3e1b015d3c445af822036f4058ba","Transitive","ClientPresentation",
"Assets/Scenes/Lobby.unity","8b113c6b5c216eb43bf773d33b61a049","Assets/Art/Icon/Ability/Aatrox/Aatrox_Passive.png","35a40a65df8df004eb47015ccda2a0c2","Transitive","ClientPresentation",
"Assets/Scenes/Lobby.unity","8b113c6b5c216eb43bf773d33b61a049","Assets/Art/Icon/Buff/Line.png","949653ffb178cfc47922f9ad258f4817","Transitive","ClientPresentation",
"Assets/Scenes/Lobby.unity","8b113c6b5c216eb43bf773d33b61a049","Assets/Art/Icon/Hero/Aatrox.png","05cc6a8fbb52ed246b0f3b4720325ef1","Transitive","ClientPresentation",
"Assets/Scenes/Lobby.unity","8b113c6b5c216eb43bf773d33b61a049","Assets/Art/Icon/Hero/Varus.jpg","b54876e9c470b774fa7adc1a21c34d1e","Transitive","ClientPresentation",
"Assets/Scenes/Lobby.unity","8b113c6b5c216eb43bf773d33b61a049","Assets/Art/Icon/UI/全能吸血.png","6a9efdc0adf23c0498fc8c2ee1138b0d","Transitive","ClientPresentation",
"Assets/Scenes/Lobby.unity","8b113c6b5c216eb43bf773d33b61a049","Assets/Art/Icon/UI/固定法术穿透和百分比法术穿透.png","14e7c326c9c01de4c82a6a1f7f6bd5ad","Transitive","ClientPresentation",
"Assets/Scenes/Lobby.unity","8b113c6b5c216eb43bf773d33b61a049","Assets/Art/Icon/UI/固定物理穿透和百分比物理穿透.png","46e35f47ae934ea4587ba6502f55c460","Transitive","ClientPresentation",
"Assets/Scenes/Lobby.unity","8b113c6b5c216eb43bf773d33b61a049","Assets/Art/Icon/UI/失败图标.png","2ef5e00e9782d084d8810c3aa00cf025","Transitive","ClientPresentation",
"Assets/Scenes/Lobby.unity","8b113c6b5c216eb43bf773d33b61a049","Assets/Art/Icon/UI/技能升级图标.jpg","5865398bb8a097446b6206f760b9dc07","Transitive","ClientPresentation",
"Assets/Scenes/Lobby.unity","8b113c6b5c216eb43bf773d33b61a049","Assets/Art/Icon/UI/技能急速图标.jpg","c6d3034b17922d24abdf23161caf3e24","Transitive","ClientPresentation",
"Assets/Scenes/Lobby.unity","8b113c6b5c216eb43bf773d33b61a049","Assets/Art/Icon/UI/攻击力图标.jpg","527f2c84fd456354e9210993b2c12bf6","Transitive","ClientPresentation",
"Assets/Scenes/Lobby.unity","8b113c6b5c216eb43bf773d33b61a049","Assets/Art/Icon/UI/攻击距离.png","057fbaa7e8bfa64488f761f83357d368","Transitive","ClientPresentation",
"Assets/Scenes/Lobby.unity","8b113c6b5c216eb43bf773d33b61a049","Assets/Art/Icon/UI/攻速图标.jpg","b0be904057004404186a885b687398c8","Transitive","ClientPresentation",
"Assets/Scenes/Lobby.unity","8b113c6b5c216eb43bf773d33b61a049","Assets/Art/Icon/UI/暴击率图标.jpg","56e01705cbfa9fe449b4130a2b4f25d2","Transitive","ClientPresentation",
"Assets/Scenes/Lobby.unity","8b113c6b5c216eb43bf773d33b61a049","Assets/Art/Icon/UI/治疗与护盾强度.png","b8b5218ffb7747346b01f009fa4477ad","Transitive","ClientPresentation",
"Assets/Scenes/Lobby.unity","8b113c6b5c216eb43bf773d33b61a049","Assets/Art/Icon/UI/法强图标.jpg","d097ae3c74b6fd846881459eb176a5b6","Transitive","ClientPresentation",
"Assets/Scenes/Lobby.unity","8b113c6b5c216eb43bf773d33b61a049","Assets/Art/Icon/UI/法防图标.jpg","795fd4fb656f1014ea9f255d7b243822","Transitive","ClientPresentation",
"Assets/Scenes/Lobby.unity","8b113c6b5c216eb43bf773d33b61a049","Assets/Art/Icon/UI/物防图标.jpg","d7f27d808d003e343ad59a08fdd5cef1","Transitive","ClientPresentation",
"Assets/Scenes/Lobby.unity","8b113c6b5c216eb43bf773d33b61a049","Assets/Art/Icon/UI/生命值和施法资源的自然回复.png","e0c16ec4de9fdd94b98414b9cada3451","Transitive","ClientPresentation",
"Assets/Scenes/Lobby.unity","8b113c6b5c216eb43bf773d33b61a049","Assets/Art/Icon/UI/生命窃取.png","089152850703a344a8957a5c818f907e","Transitive","ClientPresentation",
"Assets/Scenes/Lobby.unity","8b113c6b5c216eb43bf773d33b61a049","Assets/Art/Icon/UI/移速图标.jpg","07e1bdd060eb3f34eac9010901a5c991","Transitive","ClientPresentation",
"Assets/Scenes/Lobby.unity","8b113c6b5c216eb43bf773d33b61a049","Assets/Art/Icon/UI/空槽位.png","0bf253963fd01f64785838cc35423a5c","Transitive","ClientPresentation",
"Assets/Scenes/Lobby.unity","8b113c6b5c216eb43bf773d33b61a049","Assets/Art/Icon/UI/胜利图标.png","b6403d0fd42a7a94483b2f09042b10cb","Transitive","ClientPresentation",
"Assets/Scenes/Lobby.unity","8b113c6b5c216eb43bf773d33b61a049","Assets/Art/Icon/UI/补刀数图标.png","3dab0bc5f1aa9ea4084233a5ebd8d334","Transitive","ClientPresentation",
"Assets/Scenes/Lobby.unity","8b113c6b5c216eb43bf773d33b61a049","Assets/Art/Icon/UI/韧性.png","607c079e98ee7b74e82740bdaab04a6e","Transitive","ClientPresentation",
"Assets/Scenes/Lobby.unity","8b113c6b5c216eb43bf773d33b61a049","Assets/Art/Img/剑魔Q1特效.png","6639585702dbaa74f854854c9b44fec5","Transitive","ClientPresentation",
"Assets/Scenes/Lobby.unity","8b113c6b5c216eb43bf773d33b61a049","Assets/Art/Img/剑魔Q2特效.png","1d8b1aceb7498f648a82afd1cc27343e","Transitive","ClientPresentation",
"Assets/Scenes/Lobby.unity","8b113c6b5c216eb43bf773d33b61a049","Assets/Art/Img/剑魔Q3特效.png","27f4cf630739603478c09255ee54bbf7","Transitive","ClientPresentation",
"Assets/Scenes/Lobby.unity","8b113c6b5c216eb43bf773d33b61a049","Assets/Art/Img/韦鲁斯E污染地面贴图.png","8fe40a9a092a27d47aab50fba5763bef","Transitive","ClientPresentation",
"Assets/Scenes/Lobby.unity","8b113c6b5c216eb43bf773d33b61a049","Assets/Art/Model/惩戒之箭.glb","8f40f99fab8436a49b4e59ff72e4a06c","Transitive","ClientPresentation",
"Assets/Scenes/Lobby.unity","8b113c6b5c216eb43bf773d33b61a049","Assets/Art/Model/暗裔剑魔.glb","685c437926c856740894fdf207975bb1","Transitive","ClientPresentation",
"Assets/Scenes/Lobby.unity","8b113c6b5c216eb43bf773d33b61a049","Assets/Art/Model/红方近战小兵.glb","c890ea416b8790e408fe2b525edec67f","Transitive","ClientPresentation",
"Assets/Scenes/Lobby.unity","8b113c6b5c216eb43bf773d33b61a049","Assets/Art/Model/红方远程小兵.glb","ddbb9a9fe8ffc8e43a83662e68f48609","Transitive","ClientPresentation",
"Assets/Scenes/Lobby.unity","8b113c6b5c216eb43bf773d33b61a049","Assets/Art/Model/红方防御塔.glb","804b36482ac2a7445b4ba95e89e1699c","Transitive","ClientPresentation",
"Assets/Scenes/Lobby.unity","8b113c6b5c216eb43bf773d33b61a049","Assets/Art/Model/蓝方近战小兵.glb","992d5acb9b350e749baa94ae4267cecb","Transitive","ClientPresentation",
"Assets/Scenes/Lobby.unity","8b113c6b5c216eb43bf773d33b61a049","Assets/Art/Model/蓝方远程小兵.glb","065c37ae71d0926459365abaef2cd1a4","Transitive","ClientPresentation",
"Assets/Scenes/Lobby.unity","8b113c6b5c216eb43bf773d33b61a049","Assets/Art/Model/蓝方防御塔.glb","5c2dda9b8c528924ca647ec45754439c","Transitive","ClientPresentation",
"Assets/Scenes/Lobby.unity","8b113c6b5c216eb43bf773d33b61a049","Assets/Art/Model/韦鲁斯_Q投掷物.glb","e0b83d01f6e7a5d42b78738662005672","Transitive","ClientPresentation",
"Assets/Scenes/Lobby.unity","8b113c6b5c216eb43bf773d33b61a049","Assets/Art/Model/韦鲁斯_R投掷物.glb","3776dc52365ba9c488f0be67dd419620","Transitive","ClientPresentation",
"Assets/Scenes/Lobby.unity","8b113c6b5c216eb43bf773d33b61a049","Assets/Art/Model/韦鲁斯_攻击投掷物.glb","c045de92664f45c45bb57374a5965859","Transitive","ClientPresentation",
"Assets/Scenes/Lobby.unity","8b113c6b5c216eb43bf773d33b61a049","Assets/Config/Formal/Abilities/Aatrox/AatroxAbilityLoadout.asset","8fbc76321103fb247bd648e41ad357f7","Transitive","SharedConfig",
"Assets/Scenes/Lobby.unity","8b113c6b5c216eb43bf773d33b61a049","Assets/Config/Formal/Abilities/Aatrox/AatroxQ.asset","068666dd3d20a5f489558bcc4a192c7e","Transitive","SharedConfig",
"Assets/Scenes/Lobby.unity","8b113c6b5c216eb43bf773d33b61a049","Assets/Config/Formal/Abilities/VarusAbilityLoadout.asset","71946883abc6c8a47bdcc5c3a61b356c","Transitive","SharedConfig",
"Assets/Scenes/Lobby.unity","8b113c6b5c216eb43bf773d33b61a049","Assets/Config/Formal/Animation/AatroxAnimationProfile.asset","eaec47e1763f63a45809fd1c3d29ca8e","Transitive","SharedConfig",
"Assets/Scenes/Lobby.unity","8b113c6b5c216eb43bf773d33b61a049","Assets/Config/Formal/Animation/CasterBlue.controller","793b6c33ccfc57a46be4ac1600b67f32","Transitive","ClientPresentation",
"Assets/Scenes/Lobby.unity","8b113c6b5c216eb43bf773d33b61a049","Assets/Config/Formal/Animation/CasterRed.controller","9e720db7282df5a4c9f4a58d73fb6e96","Transitive","ClientPresentation",
"Assets/Scenes/Lobby.unity","8b113c6b5c216eb43bf773d33b61a049","Assets/Config/Formal/Animation/MeleeBlue.controller","625352f2e73df0c4982f6a5367c1d5c6","Transitive","ClientPresentation",
"Assets/Scenes/Lobby.unity","8b113c6b5c216eb43bf773d33b61a049","Assets/Config/Formal/Animation/MeleeRed.controller","1e22e6272edcbb94a8f92628a64f566a","Transitive","ClientPresentation",
"Assets/Scenes/Lobby.unity","8b113c6b5c216eb43bf773d33b61a049","Assets/Config/Formal/Animation/TestUnitAnimationProfile.asset","3592d1e3449411743befb9d5763bcfe9","Transitive","SharedConfig",
"Assets/Scenes/Lobby.unity","8b113c6b5c216eb43bf773d33b61a049","Assets/Config/Formal/Animation/Varus.controller","44660058be562344494669a80981d4b3","Transitive","ClientPresentation",
"Assets/Scenes/Lobby.unity","8b113c6b5c216eb43bf773d33b61a049","Assets/Config/Formal/GlobalGameplayData.asset","8b0cdcd39dbb2964baebdd8475f1e60e","Direct","SharedConfig",
"Assets/Scenes/Lobby.unity","8b113c6b5c216eb43bf773d33b61a049","Assets/Config/Formal/GlobalPrefabTable.asset","0afb3a04101933e4db188d9d13aa30ea","Transitive","SharedConfig",
"Assets/Scenes/Lobby.unity","8b113c6b5c216eb43bf773d33b61a049","Assets/Config/Formal/HeroDisplayTable.asset","c5958d1073b594545aa68c722dd4feb1","Transitive","SharedConfig",
"Assets/Scenes/Lobby.unity","8b113c6b5c216eb43bf773d33b61a049","Assets/Config/Formal/UnitOutlineRim.mat","864a3b4ca3d42f44484fae1ef521e889","Transitive","ClientPresentation",
"Assets/Scenes/Lobby.unity","8b113c6b5c216eb43bf773d33b61a049","Assets/Input/PlayerInputActions.inputactions","d6e31e9846ced6441a31f8048ed616b1","Direct","Unclassified",
"Assets/Scenes/Lobby.unity","8b113c6b5c216eb43bf773d33b61a049","Assets/Resources/Animation/Aatrox/AatroxAnimator.controller","d090724705de58f42bfa939f13959d54","Transitive","ClientPresentation",
"Assets/Scenes/Lobby.unity","8b113c6b5c216eb43bf773d33b61a049","Assets/Resources/Animation/Aatrox/AatroxAttack1.anim","12e8ff2fc426e7349bbe8b01bcd623fa","Transitive","ClientPresentation",
"Assets/Scenes/Lobby.unity","8b113c6b5c216eb43bf773d33b61a049","Assets/Resources/Animation/Aatrox/AatroxAttack1_ULT.anim","50fe63f7d202f934091bf07b5585b558","Transitive","ClientPresentation",
"Assets/Scenes/Lobby.unity","8b113c6b5c216eb43bf773d33b61a049","Assets/Resources/Animation/Aatrox/AatroxAttack2.anim","8f774a9762de4fc4688a4b4aa3a8dba0","Transitive","ClientPresentation",
"Assets/Scenes/Lobby.unity","8b113c6b5c216eb43bf773d33b61a049","Assets/Resources/Animation/Aatrox/AatroxAttack2_ULT.anim","e1d18de90d26ce44f8088bedab4fcff2","Transitive","ClientPresentation",
"Assets/Scenes/Lobby.unity","8b113c6b5c216eb43bf773d33b61a049","Assets/Resources/Animation/Aatrox/AatroxAttack_Passive.anim","2f849e9442d822f47a3870574c4a6f04","Transitive","ClientPresentation",
"Assets/Scenes/Lobby.unity","8b113c6b5c216eb43bf773d33b61a049","Assets/Resources/Animation/Aatrox/AatroxAttack_Passive_ULT.anim","cb8af5fafd460494bb531c784d655771","Transitive","ClientPresentation",
"Assets/Scenes/Lobby.unity","8b113c6b5c216eb43bf773d33b61a049","Assets/Resources/Animation/Aatrox/AatroxDash.anim","62c340cc1d351fd448767528cd7b18aa","Transitive","ClientPresentation",
"Assets/Scenes/Lobby.unity","8b113c6b5c216eb43bf773d33b61a049","Assets/Resources/Animation/Aatrox/AatroxDash_Passive.anim","e77537776c85e054a9d8b5d82ba02afd","Transitive","ClientPresentation",
"Assets/Scenes/Lobby.unity","8b113c6b5c216eb43bf773d33b61a049","Assets/Resources/Animation/Aatrox/AatroxDash_ULT.anim","00254f01ef82f4944b2f557e85a4bcd9","Transitive","ClientPresentation",
"Assets/Scenes/Lobby.unity","8b113c6b5c216eb43bf773d33b61a049","Assets/Resources/Animation/Aatrox/AatroxDeath.anim","41acb76393344ac4a89b13a8fe2de2ae","Transitive","ClientPresentation",
"Assets/Scenes/Lobby.unity","8b113c6b5c216eb43bf773d33b61a049","Assets/Resources/Animation/Aatrox/AatroxIdle.anim","f9323091a2488f34799ca56e363d19a1","Transitive","ClientPresentation",
"Assets/Scenes/Lobby.unity","8b113c6b5c216eb43bf773d33b61a049","Assets/Resources/Animation/Aatrox/AatroxIdle_Passive.anim","c5885abca03bcb046939b45b012f6cc3","Transitive","ClientPresentation",
"Assets/Scenes/Lobby.unity","8b113c6b5c216eb43bf773d33b61a049","Assets/Resources/Animation/Aatrox/AatroxIdle_ULT.anim","7f8156845366f334b9e11e5f019de16b","Transitive","ClientPresentation",
"Assets/Scenes/Lobby.unity","8b113c6b5c216eb43bf773d33b61a049","Assets/Resources/Animation/Aatrox/AatroxQ1.anim","b158f602146c5c343b09ea6a99ad1a0b","Transitive","ClientPresentation",
"Assets/Scenes/Lobby.unity","8b113c6b5c216eb43bf773d33b61a049","Assets/Resources/Animation/Aatrox/AatroxQ1_ULT.anim","9436315b9f0aab44eb88add8256eacea","Transitive","ClientPresentation",
"Assets/Scenes/Lobby.unity","8b113c6b5c216eb43bf773d33b61a049","Assets/Resources/Animation/Aatrox/AatroxQ2.anim","9dd0d0d373c5998438bbf729f578ffeb","Transitive","ClientPresentation",
"Assets/Scenes/Lobby.unity","8b113c6b5c216eb43bf773d33b61a049","Assets/Resources/Animation/Aatrox/AatroxQ2_ULT.anim","0f3454a5803ba43438dc565f38c1ae2b","Transitive","ClientPresentation",
"Assets/Scenes/Lobby.unity","8b113c6b5c216eb43bf773d33b61a049","Assets/Resources/Animation/Aatrox/AatroxQ3.anim","e23aedc8a42711644b6152f30efd7145","Transitive","ClientPresentation",
"Assets/Scenes/Lobby.unity","8b113c6b5c216eb43bf773d33b61a049","Assets/Resources/Animation/Aatrox/AatroxQ3_ULT.anim","0f4a407080caf764289170dca5b7e07e","Transitive","ClientPresentation",
"Assets/Scenes/Lobby.unity","8b113c6b5c216eb43bf773d33b61a049","Assets/Resources/Animation/Aatrox/AatroxSpellR.anim","d854f4c196f0acd46b56d5e28d614568","Transitive","ClientPresentation",
"Assets/Scenes/Lobby.unity","8b113c6b5c216eb43bf773d33b61a049","Assets/Resources/Animation/Aatrox/AatroxSpellW.anim","0cece2fc29ce15848b3f8179dff77dd2","Transitive","ClientPresentation",
"Assets/Scenes/Lobby.unity","8b113c6b5c216eb43bf773d33b61a049","Assets/Resources/Animation/Aatrox/AatroxSpellW_ULT.anim","3255706c8bc0cbb49b66da53ce53b4be","Transitive","ClientPresentation",
"Assets/Scenes/Lobby.unity","8b113c6b5c216eb43bf773d33b61a049","Assets/Resources/Animation/Aatrox/AatroxULTOut.anim","084921aef66c5414f9e631cdcc704f86","Transitive","ClientPresentation",
"Assets/Scenes/Lobby.unity","8b113c6b5c216eb43bf773d33b61a049","Assets/Resources/Animation/Aatrox/AatroxWalk.anim","8f6f603150ba43f428a896ae1d76c40e","Transitive","ClientPresentation",
"Assets/Scenes/Lobby.unity","8b113c6b5c216eb43bf773d33b61a049","Assets/Resources/Animation/Aatrox/AatroxWalk_Passive.anim","fb0fba21833fd2e428bd8287764bc5af","Transitive","ClientPresentation",
"Assets/Scenes/Lobby.unity","8b113c6b5c216eb43bf773d33b61a049","Assets/Resources/Animation/Aatrox/AatroxWalk_ULT.anim","b56520861af749c48ac057f92a1c2b5e","Transitive","ClientPresentation",
"Assets/Scenes/Lobby.unity","8b113c6b5c216eb43bf773d33b61a049","Assets/Resources/Animation/Minion/Blue/CasterMinion_Attack.anim","c3935cbe8b1fe8e4fbe3f6c4b1a6e0d4","Transitive","ClientPresentation",
"Assets/Scenes/Lobby.unity","8b113c6b5c216eb43bf773d33b61a049","Assets/Resources/Animation/Minion/Blue/CasterMinion_Death.anim","2fb47ec91b9d29a4c884fc942847e266","Transitive","ClientPresentation",
"Assets/Scenes/Lobby.unity","8b113c6b5c216eb43bf773d33b61a049","Assets/Resources/Animation/Minion/Blue/CasterMinion_Idle.anim","f2693f32fca6fed4494c5fe1d7c73140","Transitive","ClientPresentation",
"Assets/Scenes/Lobby.unity","8b113c6b5c216eb43bf773d33b61a049","Assets/Resources/Animation/Minion/Blue/CasterMinion_Walk.anim","03af889a600a66947869e83181c5643f","Transitive","ClientPresentation",
"Assets/Scenes/Lobby.unity","8b113c6b5c216eb43bf773d33b61a049","Assets/Resources/Animation/Minion/Blue/MeleeMinion_Attack.anim","220dd8ba7c6b7e646b4b1946c3d52ef8","Transitive","ClientPresentation",
"Assets/Scenes/Lobby.unity","8b113c6b5c216eb43bf773d33b61a049","Assets/Resources/Animation/Minion/Blue/MeleeMinion_Death.anim","62db727fa22d87a429e57c1e313cc344","Transitive","ClientPresentation",
"Assets/Scenes/Lobby.unity","8b113c6b5c216eb43bf773d33b61a049","Assets/Resources/Animation/Minion/Blue/MeleeMinion_Idle.anim","a3ad0c6a5ae3fd44ab340554970e0541","Transitive","ClientPresentation",
"Assets/Scenes/Lobby.unity","8b113c6b5c216eb43bf773d33b61a049","Assets/Resources/Animation/Minion/Blue/MeleeMinion_Walk.anim","a3b04fd15585d31409197d63cca03ebd","Transitive","ClientPresentation",
"Assets/Scenes/Lobby.unity","8b113c6b5c216eb43bf773d33b61a049","Assets/Resources/Animation/Minion/Red/CasterMinion_Attack.anim","70ca89583698d3d44901555f595528d1","Transitive","ClientPresentation",
"Assets/Scenes/Lobby.unity","8b113c6b5c216eb43bf773d33b61a049","Assets/Resources/Animation/Minion/Red/CasterMinion_Death.anim","2b85ea4cf35a5834f9a36a4596e813df","Transitive","ClientPresentation",
"Assets/Scenes/Lobby.unity","8b113c6b5c216eb43bf773d33b61a049","Assets/Resources/Animation/Minion/Red/CasterMinion_Idle.anim","51d8c0867d1ea8b4aaf146310afd9f02","Transitive","ClientPresentation",
"Assets/Scenes/Lobby.unity","8b113c6b5c216eb43bf773d33b61a049","Assets/Resources/Animation/Minion/Red/CasterMinion_Walk.anim","be899e3fb2a2dd341849032392f2957b","Transitive","ClientPresentation",
"Assets/Scenes/Lobby.unity","8b113c6b5c216eb43bf773d33b61a049","Assets/Resources/Animation/Minion/Red/MeleeMinion_Attack.anim","eb76ad0103f3efe4a8c7f104b18ba3b7","Transitive","ClientPresentation",
"Assets/Scenes/Lobby.unity","8b113c6b5c216eb43bf773d33b61a049","Assets/Resources/Animation/Minion/Red/MeleeMinion_Death.anim","667dcc2faad23a74a9a5f72f53e0ac1d","Transitive","ClientPresentation",
"Assets/Scenes/Lobby.unity","8b113c6b5c216eb43bf773d33b61a049","Assets/Resources/Animation/Minion/Red/MeleeMinion_Idle.anim","abc3ff4c728c48549a0cfb041d28afe1","Transitive","ClientPresentation",
"Assets/Scenes/Lobby.unity","8b113c6b5c216eb43bf773d33b61a049","Assets/Resources/Animation/Minion/Red/MeleeMinion_Walk.anim","a305521f5a779cb4ea289e5582eb2e2a","Transitive","ClientPresentation",
"Assets/Scenes/Lobby.unity","8b113c6b5c216eb43bf773d33b61a049","Assets/Resources/Animation/Turret/TurretBlue.controller","4c8eb35614430c040b29c9b33a5e1d5c","Transitive","ClientPresentation",
"Assets/Scenes/Lobby.unity","8b113c6b5c216eb43bf773d33b61a049","Assets/Resources/Animation/Turret/TurretBlueAnimationProfile.asset","0704006b28978b24d89ddc8d722b798e","Transitive","ClientPresentation",
"Assets/Scenes/Lobby.unity","8b113c6b5c216eb43bf773d33b61a049","Assets/Resources/Animation/Turret/TurretDestory_Blue.anim","107a79369ffc0914095510fb87ba6781","Transitive","ClientPresentation",
"Assets/Scenes/Lobby.unity","8b113c6b5c216eb43bf773d33b61a049","Assets/Resources/Animation/Turret/TurretDestory_Red.anim","5ebdcaeb4f0327541afe5e4a5ffe3438","Transitive","ClientPresentation",
"Assets/Scenes/Lobby.unity","8b113c6b5c216eb43bf773d33b61a049","Assets/Resources/Animation/Turret/TurretIdel_Red.anim","aa2b48c3faf9e5748a0a4be7c03c2197","Transitive","ClientPresentation",
"Assets/Scenes/Lobby.unity","8b113c6b5c216eb43bf773d33b61a049","Assets/Resources/Animation/Turret/TurretIdle_Blue.anim","88f8fb5f070c65f47acfe5dbe2f93031","Transitive","ClientPresentation",
"Assets/Scenes/Lobby.unity","8b113c6b5c216eb43bf773d33b61a049","Assets/Resources/Animation/Turret/TurretRed.controller","5593f884ef5e12a4baf9dfd3ccb04977","Transitive","ClientPresentation",
"Assets/Scenes/Lobby.unity","8b113c6b5c216eb43bf773d33b61a049","Assets/Resources/Animation/Turret/TurretRedAnimationProfile.asset","3168336f57ba06b4d8d9641835c44ef6","Transitive","ClientPresentation",
"Assets/Scenes/Lobby.unity","8b113c6b5c216eb43bf773d33b61a049","Assets/Resources/Animation/Varus/VarusAttack1.anim","0cf85d26f59eb7746bdb4a51a69a0f50","Transitive","ClientPresentation",
"Assets/Scenes/Lobby.unity","8b113c6b5c216eb43bf773d33b61a049","Assets/Resources/Animation/Varus/VarusAttack2.anim","23935cc971facab4480e1da8e5edbd92","Transitive","ClientPresentation",
"Assets/Scenes/Lobby.unity","8b113c6b5c216eb43bf773d33b61a049","Assets/Resources/Animation/Varus/VarusDeath.anim","91911fca58c97c249bc80badbe09f4a5","Transitive","ClientPresentation",
"Assets/Scenes/Lobby.unity","8b113c6b5c216eb43bf773d33b61a049","Assets/Resources/Animation/Varus/VarusIdle.anim","276c23e01035d5e4ea228102f7966744","Transitive","ClientPresentation",
"Assets/Scenes/Lobby.unity","8b113c6b5c216eb43bf773d33b61a049","Assets/Resources/Animation/Varus/VarusSpellE.anim","04a1600959a5a814d9dc7ffcf689abd9","Transitive","ClientPresentation",
"Assets/Scenes/Lobby.unity","8b113c6b5c216eb43bf773d33b61a049","Assets/Resources/Animation/Varus/VarusSpellQChanneling_Walk.anim","5f316e4f42754a54c91a85a08f1c2109","Transitive","ClientPresentation",
"Assets/Scenes/Lobby.unity","8b113c6b5c216eb43bf773d33b61a049","Assets/Resources/Animation/Varus/VarusSpellQ_ChannelingIdle.anim","0be8f0f20ceb7154683d8e7153807b32","Transitive","ClientPresentation",
"Assets/Scenes/Lobby.unity","8b113c6b5c216eb43bf773d33b61a049","Assets/Resources/Animation/Varus/VarusSpellQ_Fire.anim","59c9f8e0dcb3b8f4da24bd657198556e","Transitive","ClientPresentation",
"Assets/Scenes/Lobby.unity","8b113c6b5c216eb43bf773d33b61a049","Assets/Resources/Animation/Varus/VarusSpellR.anim","67ff9cd0d01dd0b47a0255bc14ee0ca1","Transitive","ClientPresentation",
"Assets/Scenes/Lobby.unity","8b113c6b5c216eb43bf773d33b61a049","Assets/Resources/Animation/Varus/VarusWalk.anim","53277acafa583bd42903fd3e03109128","Transitive","ClientPresentation",
"Assets/Scenes/Lobby.unity","8b113c6b5c216eb43bf773d33b61a049","Assets/Resources/Material/亚托克斯通用材质.mat","3d347c0be0047484681175b0a46733ce","Transitive","ClientPresentation",
"Assets/Scenes/Lobby.unity","8b113c6b5c216eb43bf773d33b61a049","Assets/Resources/Material/红方远程小兵攻击投掷物.mat","66bd48b9f6739194a9e60f4aaac60ff9","Transitive","ClientPresentation",
"Assets/Scenes/Lobby.unity","8b113c6b5c216eb43bf773d33b61a049","Assets/Resources/Material/蓝方远程小兵攻击投掷物.mat","6881a8644760fcb47a6e5dbc6ddd218d","Transitive","ClientPresentation",
"Assets/Scenes/Lobby.unity","8b113c6b5c216eb43bf773d33b61a049","Assets/Resources/MiniMap.renderTexture","5c8eb660ca333594ba8244241934c731","Transitive","ClientPresentation",
"Assets/Scenes/Lobby.unity","8b113c6b5c216eb43bf773d33b61a049","Assets/Resources/Prefab/Missle/AatroxSpellWMissle.prefab","45b294545c967314f9decb88c44d5920","Transitive","Unclassified",
"Assets/Scenes/Lobby.unity","8b113c6b5c216eb43bf773d33b61a049","Assets/Resources/Prefab/Missle/BlueTeamGeneralAttackMissle.prefab","b3eb1d4dc78a3914883c5db568ff2514","Transitive","Unclassified",
"Assets/Scenes/Lobby.unity","8b113c6b5c216eb43bf773d33b61a049","Assets/Resources/Prefab/Missle/InfernalChainsArea.prefab","3561a9ede028f4741a955188d8b48b97","Transitive","Unclassified",
"Assets/Scenes/Lobby.unity","8b113c6b5c216eb43bf773d33b61a049","Assets/Resources/Prefab/Missle/RedTeamGeneralAttackMissle.prefab","d0e27105677f5f4439bc6bf3e582435c","Transitive","Unclassified",
"Assets/Scenes/Lobby.unity","8b113c6b5c216eb43bf773d33b61a049","Assets/Resources/Prefab/Missle/VarusAttackMissle.prefab","6f4a50dde2a01f745bed4b9d9324f5fa","Transitive","Unclassified",
"Assets/Scenes/Lobby.unity","8b113c6b5c216eb43bf773d33b61a049","Assets/Resources/Prefab/Missle/VarusEMissle_DesecratedGround.prefab","c024096fa5aceb144b1c7ffedbc285fc","Transitive","Unclassified",
"Assets/Scenes/Lobby.unity","8b113c6b5c216eb43bf773d33b61a049","Assets/Resources/Prefab/Missle/VarusSpellQMissle.prefab","3b9c7c4bd406ebf449736a4a6c7432c8","Transitive","Unclassified",
"Assets/Scenes/Lobby.unity","8b113c6b5c216eb43bf773d33b61a049","Assets/Resources/Prefab/Missle/VarusSpellRMissle.prefab","9c9cad292a5e9134c8f337b579ef599a","Transitive","Unclassified",
"Assets/Scenes/Lobby.unity","8b113c6b5c216eb43bf773d33b61a049","Assets/Resources/Prefab/UI/BuffCell.prefab","1595ba941c4166642ad4be01079c4b34","Transitive","ClientPresentation",
"Assets/Scenes/Lobby.unity","8b113c6b5c216eb43bf773d33b61a049","Assets/Resources/Prefab/UI/EquipmentShopCell.prefab","9e7d0449ef5c0f44b88f3bce81e96577","Transitive","ClientPresentation",
"Assets/Scenes/Lobby.unity","8b113c6b5c216eb43bf773d33b61a049","Assets/Resources/Prefab/UI/GameplayHUD.prefab","b637d479f68badc489446b271d694dfa","Direct","ClientPresentation",
"Assets/Scenes/Lobby.unity","8b113c6b5c216eb43bf773d33b61a049","Assets/Resources/Prefab/UI/HeroSelectCell.prefab","3d6683edf94b12341b13f96fd06042e9","Transitive","ClientPresentation",
"Assets/Scenes/Lobby.unity","8b113c6b5c216eb43bf773d33b61a049","Assets/Resources/Prefab/UI/LoadingPanel.prefab","1287340434f773848bf6401e52eec82a","Direct","ClientPresentation",
"Assets/Scenes/Lobby.unity","8b113c6b5c216eb43bf773d33b61a049","Assets/Resources/Prefab/UI/MainPanel.prefab","1319619673170934ab3268ef9a7a05f0","Direct","ClientPresentation",
"Assets/Scenes/Lobby.unity","8b113c6b5c216eb43bf773d33b61a049","Assets/Resources/Prefab/UI/MatchPanel.prefab","bb54c64933efdf945bfe559b3d3cc274","Direct","ClientPresentation",
"Assets/Scenes/Lobby.unity","8b113c6b5c216eb43bf773d33b61a049","Assets/Resources/Prefab/UI/ResultPanel.prefab","6000fd8d8ec9a4b4ea1604e4a30254ec","Direct","ClientPresentation",
"Assets/Scenes/Lobby.unity","8b113c6b5c216eb43bf773d33b61a049","Assets/Resources/Prefab/UI/SelectPanel.prefab","f136c6eca688bbb47b2352f8cd9aa46c","Direct","ClientPresentation",
"Assets/Scenes/Lobby.unity","8b113c6b5c216eb43bf773d33b61a049","Assets/Resources/Prefab/UI/SelectStatusCell.prefab","d3561f2c75ccd67419c236454e7285ba","Transitive","ClientPresentation",
"Assets/Scenes/Lobby.unity","8b113c6b5c216eb43bf773d33b61a049","Assets/Resources/Prefab/UI/ShopPanel.prefab","f6326b3c5517d044482898ab237f94e4","Direct","ClientPresentation",
"Assets/Scenes/Lobby.unity","8b113c6b5c216eb43bf773d33b61a049","Assets/Resources/Prefab/Unit/AatroxHeroRuntime.prefab","e7b912ff51273d94aa44a93069b84017","Transitive","LegacyMixed",
"Assets/Scenes/Lobby.unity","8b113c6b5c216eb43bf773d33b61a049","Assets/Resources/Prefab/Unit/TestCasterMinionBlueRuntime.prefab","b1683136fbeb0ec43bb2651cb3c096cf","Transitive","LegacyMixed",
"Assets/Scenes/Lobby.unity","8b113c6b5c216eb43bf773d33b61a049","Assets/Resources/Prefab/Unit/TestCasterMinionRedRuntime.prefab","2c0dd4221aa4d3445ad5e29b609bc03b","Transitive","LegacyMixed",
"Assets/Scenes/Lobby.unity","8b113c6b5c216eb43bf773d33b61a049","Assets/Resources/Prefab/Unit/TestMeleeMinionBlueRuntime.prefab","3ccd4e1aedf4eec4e858f61a124b015d","Transitive","LegacyMixed",
"Assets/Scenes/Lobby.unity","8b113c6b5c216eb43bf773d33b61a049","Assets/Resources/Prefab/Unit/TestMeleeMinionRedRuntime.prefab","b400545b29699e841a9e7eca456ad6ac","Transitive","LegacyMixed",
"Assets/Scenes/Lobby.unity","8b113c6b5c216eb43bf773d33b61a049","Assets/Resources/Prefab/Unit/TestTowerBlueRuntime.prefab","86effef21215481438a7d1f6fb7ee429","Transitive","LegacyMixed",
"Assets/Scenes/Lobby.unity","8b113c6b5c216eb43bf773d33b61a049","Assets/Resources/Prefab/Unit/TestTowerRedRuntime.prefab","8117cac3f6c07ae418a92479ffd9b25c","Transitive","LegacyMixed",
"Assets/Scenes/Lobby.unity","8b113c6b5c216eb43bf773d33b61a049","Assets/Resources/Prefab/Unit/VarusRuntime.prefab","8386d2da6f6754946a202d33532daffd","Transitive","LegacyMixed",
"Assets/Scenes/Lobby.unity","8b113c6b5c216eb43bf773d33b61a049","Assets/Resources/Prefab/VFX/AatroxQ1VFX.prefab","c104df327fc900e459d8d8d88080e74c","Transitive","ClientPresentation",
"Assets/Scenes/Lobby.unity","8b113c6b5c216eb43bf773d33b61a049","Assets/Resources/Prefab/VFX/AatroxQ2VFX.prefab","e548ee90e7b95e74fa2b03d68ec88b7a","Transitive","ClientPresentation",
"Assets/Scenes/Lobby.unity","8b113c6b5c216eb43bf773d33b61a049","Assets/Resources/Prefab/VFX/AatroxQ3VFX.prefab","4c4378ba777eca9439d5d0e74413316d","Transitive","ClientPresentation",
"Assets/Scenes/Lobby.unity","8b113c6b5c216eb43bf773d33b61a049","Assets/Scripts/Bootstrap/ClientUnitOutline.cs","e27fb308c093d80429c4af615daf7055","Transitive","EditorOrCode",
"Assets/Scenes/Lobby.unity","8b113c6b5c216eb43bf773d33b61a049","Assets/Scripts/Bootstrap/LobbyFlowController.cs","fba246949702e4541aa47e96c7250786","Direct","EditorOrCode",
"Assets/Scenes/Lobby.unity","8b113c6b5c216eb43bf773d33b61a049","Assets/Scripts/Bootstrap/LocalNgoEndpointDriver.cs","892e05ba202306a4cb16c47363aca194","Direct","EditorOrCode",
"Assets/Scenes/Lobby.unity","8b113c6b5c216eb43bf773d33b61a049","Assets/Scripts/Bootstrap/MinimapController.cs","6338715031770634cbf228a8578557ea","Transitive","EditorOrCode",
"Assets/Scenes/Lobby.unity","8b113c6b5c216eb43bf773d33b61a049","Assets/Scripts/Bootstrap/UI/UIManager.cs","f548a9380ab1f784badfec9356044ded","Direct","EditorOrCode",
"Assets/Scenes/Lobby.unity","8b113c6b5c216eb43bf773d33b61a049","Assets/Scripts/Bootstrap/UI/UIPage.cs","0d6e0199e1a9f6a46a8a916152cc9991","Transitive","EditorOrCode",
"Assets/Scenes/Lobby.unity","8b113c6b5c216eb43bf773d33b61a049","Assets/Scripts/Bootstrap/UI/UIPageOpenButton.cs","51c3d7ff7eeef2d4a8cd15566db4e5f5","Transitive","EditorOrCode",
"Assets/Scenes/Lobby.unity","8b113c6b5c216eb43bf773d33b61a049","Assets/Scripts/Bootstrap/UI/UIPanel.cs","c05ecf9860c11904d965ae18fb2ced36","Transitive","EditorOrCode",
"Assets/Scenes/Lobby.unity","8b113c6b5c216eb43bf773d33b61a049","Assets/Scripts/FrameSync/BuffDrivenBoneVisibility.cs","324c940c39f36834eaab67a7a73936d5","Transitive","EditorOrCode",
"Assets/Scenes/Lobby.unity","8b113c6b5c216eb43bf773d33b61a049","Assets/Scripts/FrameSync/PresentationSocketSet.cs","a7c8b8e0d56dd714c96ff5e67047c8f0","Transitive","EditorOrCode",
"Assets/Scenes/Lobby.unity","8b113c6b5c216eb43bf773d33b61a049","Assets/Scripts/FrameSync/ProjectileAreaRadiusVisualizer.cs","86856d9775574c2499fb3eb5c2f133b1","Transitive","EditorOrCode",
"Assets/Scenes/Lobby.unity","8b113c6b5c216eb43bf773d33b61a049","Assets/Scripts/FrameSync/TowerTargetLinePresenter.cs","44765ad328b802541a8af70d5df2a94c","Transitive","EditorOrCode",
"Assets/Scenes/Lobby.unity","8b113c6b5c216eb43bf773d33b61a049","Assets/Scripts/FrameSync/UnitAnimationDriver.cs","377bfec80d767444382fe67b6c4c5b38","Transitive","EditorOrCode",
"Assets/Scenes/Lobby.unity","8b113c6b5c216eb43bf773d33b61a049","Assets/Scripts/FrameSync/UnitPresentationHost.cs","94939c62f8549054d9238b3896698fe4","Transitive","EditorOrCode",
"Assets/Scenes/Lobby.unity","8b113c6b5c216eb43bf773d33b61a049","Assets/Scripts/Gameplay/Ability/AatroxAbilityZoneAuthoringGizmo.cs","6da65dcc93f367e499b7695a3ab97ffb","Transitive","EditorOrCode",
"Assets/Scenes/Lobby.unity","8b113c6b5c216eb43bf773d33b61a049","Assets/Scripts/Gameplay/Ability/AbilityAsset.cs","c1ffb938a26d10b46b88354c8e8aeb8a","Transitive","EditorOrCode",
"Assets/Scenes/Lobby.unity","8b113c6b5c216eb43bf773d33b61a049","Assets/Scripts/Gameplay/Ability/AbilityHandler.cs","4f79abb261c1b3b4bb423e8924a50d88","Transitive","EditorOrCode",
"Assets/Scenes/Lobby.unity","8b113c6b5c216eb43bf773d33b61a049","Assets/Scripts/Gameplay/Ability/AbilityLoadoutAsset.cs","d777bfd7214aa684283d480f804d60ed","Transitive","EditorOrCode",
"Assets/Scenes/Lobby.unity","8b113c6b5c216eb43bf773d33b61a049","Assets/Scripts/Gameplay/Attack/AttackHandler.cs","11536609f17ade44196b69b7297fbadf","Transitive","EditorOrCode",
"Assets/Scenes/Lobby.unity","8b113c6b5c216eb43bf773d33b61a049","Assets/Scripts/Gameplay/Attack/TowerAttackHandler.cs","d7749b323d4bedd41905d72bfd3b55bc","Transitive","EditorOrCode",
"Assets/Scenes/Lobby.unity","8b113c6b5c216eb43bf773d33b61a049","Assets/Scripts/Gameplay/Buff/BuffHandler.cs","75af4f65fc14b0e47a13cf0f26e0fb62","Transitive","EditorOrCode",
"Assets/Scenes/Lobby.unity","8b113c6b5c216eb43bf773d33b61a049","Assets/Scripts/Gameplay/CrowdControl/CrowdControlHandler.cs","3fbd12ccb1f37e24c8448b6322cda983","Transitive","EditorOrCode",
"Assets/Scenes/Lobby.unity","8b113c6b5c216eb43bf773d33b61a049","Assets/Scripts/Gameplay/Equipment/EquipmentHandler.cs","1d296fac7364e2f4b8449516654b37a4","Transitive","EditorOrCode",
"Assets/Scenes/Lobby.unity","8b113c6b5c216eb43bf773d33b61a049","Assets/Scripts/Gameplay/Movement/MovementHandler.cs","0493a04bad49cf540a1384de14b9aa2f","Transitive","EditorOrCode",
"Assets/Scenes/Lobby.unity","8b113c6b5c216eb43bf773d33b61a049","Assets/Scripts/Gameplay/Presentation/UnitAnimationProfile.cs","7112a06ac3587ca46ba2dbfa5b35902b","Transitive","EditorOrCode",
"Assets/Scenes/Lobby.unity","8b113c6b5c216eb43bf773d33b61a049","Assets/Scripts/Gameplay/Projectile/ProjectileContainmentZoneAuthoring.cs","213be447bab72bf44b67f992a84f55ce","Transitive","EditorOrCode",
"Assets/Scenes/Lobby.unity","8b113c6b5c216eb43bf773d33b61a049","Assets/Scripts/Gameplay/Stats/StatHandler.cs","d83cb680cdcf541438b70b0b87eb51fa","Transitive","EditorOrCode",
"Assets/Scenes/Lobby.unity","8b113c6b5c216eb43bf773d33b61a049","Assets/Scripts/Gameplay/Unit/Core/Unit.cs","d8b92a46f17a0c1408cebd31e093972b","Transitive","EditorOrCode",
"Assets/Scenes/Lobby.unity","8b113c6b5c216eb43bf773d33b61a049","Assets/Scripts/LuaBridge/LuaBridge.cs","f4884600216dc7b449daa0a0bebe0cf6","Direct","EditorOrCode",
"Assets/Scenes/Lobby.unity","8b113c6b5c216eb43bf773d33b61a049","Assets/Scripts/LuaBridge/UI/UICell.cs","4e227981d5ada464abba4d883c719dee","Transitive","EditorOrCode",
"Assets/Scenes/Lobby.unity","8b113c6b5c216eb43bf773d33b61a049","Assets/Scripts/LuaBridge/UI/UIList.cs","9cecfe79fa8cc9549a59fbc7b55338a5","Transitive","EditorOrCode",
"Assets/Scenes/Lobby.unity","8b113c6b5c216eb43bf773d33b61a049","Assets/Scripts/Physics/Core/PhysicsEntity2D.cs","cf2e4b89224828f48befee4b715885df","Transitive","EditorOrCode",
"Assets/Scenes/Lobby.unity","8b113c6b5c216eb43bf773d33b61a049","Assets/Scripts/Physics/Core/PhysicsEntity2DShapeAuthoring.cs","ed0a9cc1ab86cbe4484aa191eda97ca8","Transitive","EditorOrCode",
"Assets/Scenes/Lobby.unity","8b113c6b5c216eb43bf773d33b61a049","Assets/Scripts/RuntimeConfig/GlobalGameplayData.cs","a55ff372add67d84c9a2664628d62911","Transitive","EditorOrCode",
"Assets/Scenes/Lobby.unity","8b113c6b5c216eb43bf773d33b61a049","Assets/Scripts/RuntimeConfig/GlobalPrefabTable.cs","492af7122f0961340b9648f93f8af7f8","Transitive","EditorOrCode",
"Assets/Scenes/Lobby.unity","8b113c6b5c216eb43bf773d33b61a049","Assets/Scripts/RuntimeConfig/HeroDisplayTable.cs","899e7bc53a633ee4dabd640727cd2076","Transitive","EditorOrCode",
"Assets/Scenes/Lobby.unity","8b113c6b5c216eb43bf773d33b61a049","Assets/Shader/UnitOutlineRim.shader","66aa05f6f4814464ebf165d1aba43d7e","Transitive","ClientPresentation",
"Assets/Scenes/Lobby.unity","8b113c6b5c216eb43bf773d33b61a049","Assets/TextMesh Pro/Fonts/LiberationSans.ttf","e3265ab4bf004d28a9537516768c1c75","Transitive","ClientPresentation",
"Assets/Scenes/Lobby.unity","8b113c6b5c216eb43bf773d33b61a049","Assets/TextMesh Pro/Resources/Fonts & Materials/LiberationSans SDF - Fallback.asset","2e498d1c8094910479dc3e1b768306a4","Transitive","Unclassified",
"Assets/Scenes/Lobby.unity","8b113c6b5c216eb43bf773d33b61a049","Assets/TextMesh Pro/Resources/Fonts & Materials/LiberationSans SDF.asset","8f586378b4e144a9851e7b34d9b748ee","Transitive","Unclassified",
"Assets/Scenes/Lobby.unity","8b113c6b5c216eb43bf773d33b61a049","Assets/TextMesh Pro/Shaders/TMP_SDF-Mobile.shader","fe393ace9b354375a9cb14cdbbc28be4","Transitive","ClientPresentation",
"Assets/Scenes/Lobby.unity","8b113c6b5c216eb43bf773d33b61a049","Packages/com.siccity.gltfutility/Materials/URP/Standard (Metallic).shadergraph","a08f3a1c845d57c4293a42c3202574a1","Transitive","ThirdParty",
"Assets/Scenes/Lobby.unity","8b113c6b5c216eb43bf773d33b61a049","Packages/com.siccity.gltfutility/Materials/URP/Standard (Specular).shadergraph","e6061ad897a8bd843b501d409aff8a22","Transitive","ThirdParty",
"Assets/Scenes/Lobby.unity","8b113c6b5c216eb43bf773d33b61a049","Packages/com.siccity.gltfutility/Materials/URP/Standard Transparent (Metallic).shadergraph","bb6606ffd3868dd46a773758ff6901fc","Transitive","ThirdParty",
"Assets/Scenes/Lobby.unity","8b113c6b5c216eb43bf773d33b61a049","Packages/com.siccity.gltfutility/Materials/URP/Standard Transparent (Specular).shadergraph","09512c1ba26fe804283ec6e09112e53c","Transitive","ThirdParty",
"Assets/Scenes/Lobby.unity","8b113c6b5c216eb43bf773d33b61a049","Packages/com.siccity.gltfutility/Scripts/Editor/GLBImporter.cs","768a5a18fd6eb914f980bf85dd7b34ec","Transitive","ThirdParty",
"Assets/Scenes/Lobby.unity","8b113c6b5c216eb43bf773d33b61a049","Packages/com.unity.inputsystem/InputSystem/Actions/InputActionAsset.cs","39fa3d8997a24136984ca6e2c99902bc","Transitive","ThirdParty",
"Assets/Scenes/Lobby.unity","8b113c6b5c216eb43bf773d33b61a049","Packages/com.unity.inputsystem/InputSystem/Actions/InputActionReference.cs","fc1515ab76e54f068e2f2207940fab32","Transitive","ThirdParty",
"Assets/Scenes/Lobby.unity","8b113c6b5c216eb43bf773d33b61a049","Packages/com.unity.inputsystem/InputSystem/Editor/AssetImporter/InputActionImporter.cs","8404be70184654265930450def6a9037","Transitive","ThirdParty",
"Assets/Scenes/Lobby.unity","8b113c6b5c216eb43bf773d33b61a049","Packages/com.unity.inputsystem/InputSystem/Editor/Icons/InputSystemUIInputModule@64.png","3028dc075ba8c584d9bc7d1e0255e038","Transitive","ThirdParty",
"Assets/Scenes/Lobby.unity","8b113c6b5c216eb43bf773d33b61a049","Packages/com.unity.inputsystem/InputSystem/Plugins/UI/InputSystemUIInputModule.cs","01614664b831546d2ae94a42149d80ac","Direct","ThirdParty",
"Assets/Scenes/Lobby.unity","8b113c6b5c216eb43bf773d33b61a049","Packages/com.unity.render-pipelines.universal/Editor/AssetVersion.cs","d0353a89b1f911e48b9e16bdc9f2e058","Transitive","ThirdParty",
"Assets/Scenes/Lobby.unity","8b113c6b5c216eb43bf773d33b61a049","Packages/com.unity.render-pipelines.universal/Editor/ShaderGraph/UniversalMetadata.cs","d2654ad3c17ab8a4ebb9fd0719795d21","Transitive","ThirdParty",
"Assets/Scenes/Lobby.unity","8b113c6b5c216eb43bf773d33b61a049","Packages/com.unity.render-pipelines.universal/Runtime/Materials/Lit.mat","31321ba15b8f8eb4c954353edc038b1d","Transitive","ThirdParty",
"Assets/Scenes/Lobby.unity","8b113c6b5c216eb43bf773d33b61a049","Packages/com.unity.render-pipelines.universal/Runtime/UniversalAdditionalCameraData.cs","a79441f348de89743a2939f4d699eac1","Direct","ThirdParty",
"Assets/Scenes/Lobby.unity","8b113c6b5c216eb43bf773d33b61a049","Packages/com.unity.render-pipelines.universal/Shaders/Lit.shader","933532a4fcc9baf4fa0491de14d08ed7","Transitive","ThirdParty",
"Assets/Scenes/Lobby.unity","8b113c6b5c216eb43bf773d33b61a049","Packages/com.unity.shadergraph/Editor/Importers/ShaderGraphImporter.cs","625f186215c104763be7675aa2d941aa","Transitive","ThirdParty",
"Assets/Scenes/Lobby.unity","8b113c6b5c216eb43bf773d33b61a049","Packages/com.unity.shadergraph/Editor/Importers/ShaderGraphMetadata.cs","b64ab828cd6c5b3479a4c575ca6617d5","Transitive","ThirdParty",
"Assets/Scenes/Lobby.unity","8b113c6b5c216eb43bf773d33b61a049","Packages/com.unity.textmeshpro/Editor Resources/Gizmos/TMP - Font Asset Icon.psd","ee148e281f3c41c5b4ff5f8a5afe5a6c","Transitive","ThirdParty",
"Assets/Scenes/Lobby.unity","8b113c6b5c216eb43bf773d33b61a049","Packages/com.unity.textmeshpro/Editor Resources/Gizmos/TMP - Text Component Icon.psd","2fd6421f253b4ef1a19526541f9ffc0c","Transitive","ThirdParty",
"Assets/Scenes/Lobby.unity","8b113c6b5c216eb43bf773d33b61a049","Packages/com.unity.textmeshpro/Scripts/Runtime/TMP_FontAsset.cs","71c1514a6bd24e1e882cebbe1904ce04","Transitive","ThirdParty",
"Assets/Scenes/Lobby.unity","8b113c6b5c216eb43bf773d33b61a049","Packages/com.unity.textmeshpro/Scripts/Runtime/TextMeshProUGUI.cs","f4688fdb7df04437aeb418b961361dc5","Transitive","ThirdParty",
"Assets/Scenes/Lobby.unity","8b113c6b5c216eb43bf773d33b61a049","Packages/com.unity.ugui/Runtime/EventSystem/EventSystem.cs","76c392e42b5098c458856cdf6ecaaaa1","Direct","ThirdParty",
"Assets/Scenes/Lobby.unity","8b113c6b5c216eb43bf773d33b61a049","Packages/com.unity.ugui/Runtime/UI/Core/Button.cs","4e29b1a8efbd4b44bb3f3716e73f07ff","Transitive","ThirdParty",
"Assets/Scenes/Lobby.unity","8b113c6b5c216eb43bf773d33b61a049","Packages/com.unity.ugui/Runtime/UI/Core/GraphicRaycaster.cs","dc42784cf147c0c48a680349fa168899","Direct","ThirdParty",
"Assets/Scenes/Lobby.unity","8b113c6b5c216eb43bf773d33b61a049","Packages/com.unity.ugui/Runtime/UI/Core/Image.cs","fe87c0e1cc204ed48ad3b37840f39efc","Transitive","ThirdParty",
"Assets/Scenes/Lobby.unity","8b113c6b5c216eb43bf773d33b61a049","Packages/com.unity.ugui/Runtime/UI/Core/Layout/CanvasScaler.cs","0cd44c1031e13a943bb63640046fad76","Direct","ThirdParty",
"Assets/Scenes/Lobby.unity","8b113c6b5c216eb43bf773d33b61a049","Packages/com.unity.ugui/Runtime/UI/Core/Layout/GridLayoutGroup.cs","8a8695521f0d02e499659fee002a26c2","Transitive","ThirdParty",
"Assets/Scenes/Lobby.unity","8b113c6b5c216eb43bf773d33b61a049","Packages/com.unity.ugui/Runtime/UI/Core/Mask.cs","31a19414c41e5ae4aae2af33fee712f6","Transitive","ThirdParty",
"Assets/Scenes/Lobby.unity","8b113c6b5c216eb43bf773d33b61a049","Packages/com.unity.ugui/Runtime/UI/Core/RawImage.cs","1344c3c82d62a2a41a3576d8abb8e3ea","Transitive","ThirdParty",
"Assets/Scenes/Lobby.unity","8b113c6b5c216eb43bf773d33b61a049","Packages/com.unity.ugui/Runtime/UI/Core/ScrollRect.cs","1aa08ab6e0800fa44ae55d278d1423e3","Transitive","ThirdParty",
"Assets/Scenes/Lobby.unity","8b113c6b5c216eb43bf773d33b61a049","Packages/com.unity.ugui/Runtime/UI/Core/Scrollbar.cs","2a4db7a114972834c8e4117be1d82ba3","Transitive","ThirdParty",
"Assets/Scenes/Lobby.unity","8b113c6b5c216eb43bf773d33b61a049","Packages/com.unity.ugui/Runtime/UI/Core/Slider.cs","67db9e8f0e2ae9c40bc1e2b64352a6b4","Transitive","ThirdParty",
"Assets/Scenes/ServerBootstrap.unity","3ae6171ad1252f84aaed3ff388fbd7fa","Assets/Art/Icon/Ability/Aatrox/AatroxQ1.png","e894b675c21081c48870a9a7933c7439","Transitive","ClientPresentation",
"Assets/Scenes/ServerBootstrap.unity","3ae6171ad1252f84aaed3ff388fbd7fa","Assets/Art/Icon/Ability/Aatrox/AatroxQ2.png","00e9e3466d875504dacc31d33410c22a","Transitive","ClientPresentation",
"Assets/Scenes/ServerBootstrap.unity","3ae6171ad1252f84aaed3ff388fbd7fa","Assets/Art/Icon/Ability/Aatrox/AatroxQ3.png","6b760e2beac14724da8a55d9ff3ecd64","Transitive","ClientPresentation",
"Assets/Scenes/ServerBootstrap.unity","3ae6171ad1252f84aaed3ff388fbd7fa","Assets/Art/Icon/Hero/Aatrox.png","05cc6a8fbb52ed246b0f3b4720325ef1","Transitive","ClientPresentation",
"Assets/Scenes/ServerBootstrap.unity","3ae6171ad1252f84aaed3ff388fbd7fa","Assets/Art/Icon/Hero/Varus.jpg","b54876e9c470b774fa7adc1a21c34d1e","Transitive","ClientPresentation",
"Assets/Scenes/ServerBootstrap.unity","3ae6171ad1252f84aaed3ff388fbd7fa","Assets/Art/Img/剑魔Q1特效.png","6639585702dbaa74f854854c9b44fec5","Transitive","ClientPresentation",
"Assets/Scenes/ServerBootstrap.unity","3ae6171ad1252f84aaed3ff388fbd7fa","Assets/Art/Img/剑魔Q2特效.png","1d8b1aceb7498f648a82afd1cc27343e","Transitive","ClientPresentation",
"Assets/Scenes/ServerBootstrap.unity","3ae6171ad1252f84aaed3ff388fbd7fa","Assets/Art/Img/剑魔Q3特效.png","27f4cf630739603478c09255ee54bbf7","Transitive","ClientPresentation",
"Assets/Scenes/ServerBootstrap.unity","3ae6171ad1252f84aaed3ff388fbd7fa","Assets/Art/Img/韦鲁斯E污染地面贴图.png","8fe40a9a092a27d47aab50fba5763bef","Transitive","ClientPresentation",
"Assets/Scenes/ServerBootstrap.unity","3ae6171ad1252f84aaed3ff388fbd7fa","Assets/Art/Model/惩戒之箭.glb","8f40f99fab8436a49b4e59ff72e4a06c","Transitive","ClientPresentation",
"Assets/Scenes/ServerBootstrap.unity","3ae6171ad1252f84aaed3ff388fbd7fa","Assets/Art/Model/暗裔剑魔.glb","685c437926c856740894fdf207975bb1","Transitive","ClientPresentation",
"Assets/Scenes/ServerBootstrap.unity","3ae6171ad1252f84aaed3ff388fbd7fa","Assets/Art/Model/红方近战小兵.glb","c890ea416b8790e408fe2b525edec67f","Transitive","ClientPresentation",
"Assets/Scenes/ServerBootstrap.unity","3ae6171ad1252f84aaed3ff388fbd7fa","Assets/Art/Model/红方远程小兵.glb","ddbb9a9fe8ffc8e43a83662e68f48609","Transitive","ClientPresentation",
"Assets/Scenes/ServerBootstrap.unity","3ae6171ad1252f84aaed3ff388fbd7fa","Assets/Art/Model/红方防御塔.glb","804b36482ac2a7445b4ba95e89e1699c","Transitive","ClientPresentation",
"Assets/Scenes/ServerBootstrap.unity","3ae6171ad1252f84aaed3ff388fbd7fa","Assets/Art/Model/蓝方近战小兵.glb","992d5acb9b350e749baa94ae4267cecb","Transitive","ClientPresentation",
"Assets/Scenes/ServerBootstrap.unity","3ae6171ad1252f84aaed3ff388fbd7fa","Assets/Art/Model/蓝方远程小兵.glb","065c37ae71d0926459365abaef2cd1a4","Transitive","ClientPresentation",
"Assets/Scenes/ServerBootstrap.unity","3ae6171ad1252f84aaed3ff388fbd7fa","Assets/Art/Model/蓝方防御塔.glb","5c2dda9b8c528924ca647ec45754439c","Transitive","ClientPresentation",
"Assets/Scenes/ServerBootstrap.unity","3ae6171ad1252f84aaed3ff388fbd7fa","Assets/Art/Model/韦鲁斯_Q投掷物.glb","e0b83d01f6e7a5d42b78738662005672","Transitive","ClientPresentation",
"Assets/Scenes/ServerBootstrap.unity","3ae6171ad1252f84aaed3ff388fbd7fa","Assets/Art/Model/韦鲁斯_R投掷物.glb","3776dc52365ba9c488f0be67dd419620","Transitive","ClientPresentation",
"Assets/Scenes/ServerBootstrap.unity","3ae6171ad1252f84aaed3ff388fbd7fa","Assets/Art/Model/韦鲁斯_攻击投掷物.glb","c045de92664f45c45bb57374a5965859","Transitive","ClientPresentation",
"Assets/Scenes/ServerBootstrap.unity","3ae6171ad1252f84aaed3ff388fbd7fa","Assets/Config/Formal/Abilities/Aatrox/AatroxAbilityLoadout.asset","8fbc76321103fb247bd648e41ad357f7","Transitive","SharedConfig",
"Assets/Scenes/ServerBootstrap.unity","3ae6171ad1252f84aaed3ff388fbd7fa","Assets/Config/Formal/Abilities/Aatrox/AatroxQ.asset","068666dd3d20a5f489558bcc4a192c7e","Transitive","SharedConfig",
"Assets/Scenes/ServerBootstrap.unity","3ae6171ad1252f84aaed3ff388fbd7fa","Assets/Config/Formal/Abilities/VarusAbilityLoadout.asset","71946883abc6c8a47bdcc5c3a61b356c","Transitive","SharedConfig",
"Assets/Scenes/ServerBootstrap.unity","3ae6171ad1252f84aaed3ff388fbd7fa","Assets/Config/Formal/Animation/AatroxAnimationProfile.asset","eaec47e1763f63a45809fd1c3d29ca8e","Transitive","SharedConfig",
"Assets/Scenes/ServerBootstrap.unity","3ae6171ad1252f84aaed3ff388fbd7fa","Assets/Config/Formal/Animation/CasterBlue.controller","793b6c33ccfc57a46be4ac1600b67f32","Transitive","ClientPresentation",
"Assets/Scenes/ServerBootstrap.unity","3ae6171ad1252f84aaed3ff388fbd7fa","Assets/Config/Formal/Animation/CasterRed.controller","9e720db7282df5a4c9f4a58d73fb6e96","Transitive","ClientPresentation",
"Assets/Scenes/ServerBootstrap.unity","3ae6171ad1252f84aaed3ff388fbd7fa","Assets/Config/Formal/Animation/MeleeBlue.controller","625352f2e73df0c4982f6a5367c1d5c6","Transitive","ClientPresentation",
"Assets/Scenes/ServerBootstrap.unity","3ae6171ad1252f84aaed3ff388fbd7fa","Assets/Config/Formal/Animation/MeleeRed.controller","1e22e6272edcbb94a8f92628a64f566a","Transitive","ClientPresentation",
"Assets/Scenes/ServerBootstrap.unity","3ae6171ad1252f84aaed3ff388fbd7fa","Assets/Config/Formal/Animation/TestUnitAnimationProfile.asset","3592d1e3449411743befb9d5763bcfe9","Transitive","SharedConfig",
"Assets/Scenes/ServerBootstrap.unity","3ae6171ad1252f84aaed3ff388fbd7fa","Assets/Config/Formal/Animation/Varus.controller","44660058be562344494669a80981d4b3","Transitive","ClientPresentation",
"Assets/Scenes/ServerBootstrap.unity","3ae6171ad1252f84aaed3ff388fbd7fa","Assets/Config/Formal/GlobalGameplayData.asset","8b0cdcd39dbb2964baebdd8475f1e60e","Direct","SharedConfig",
"Assets/Scenes/ServerBootstrap.unity","3ae6171ad1252f84aaed3ff388fbd7fa","Assets/Config/Formal/GlobalPrefabTable.asset","0afb3a04101933e4db188d9d13aa30ea","Transitive","SharedConfig",
"Assets/Scenes/ServerBootstrap.unity","3ae6171ad1252f84aaed3ff388fbd7fa","Assets/Config/Formal/HeroDisplayTable.asset","c5958d1073b594545aa68c722dd4feb1","Transitive","SharedConfig",
"Assets/Scenes/ServerBootstrap.unity","3ae6171ad1252f84aaed3ff388fbd7fa","Assets/Config/Formal/UnitOutlineRim.mat","864a3b4ca3d42f44484fae1ef521e889","Transitive","ClientPresentation",
"Assets/Scenes/ServerBootstrap.unity","3ae6171ad1252f84aaed3ff388fbd7fa","Assets/DefaultNetworkPrefabs.asset","59241956ef14ede4a9083c3b56bf4961","Direct","Unclassified",
"Assets/Scenes/ServerBootstrap.unity","3ae6171ad1252f84aaed3ff388fbd7fa","Assets/Resources/Animation/Aatrox/AatroxAnimator.controller","d090724705de58f42bfa939f13959d54","Transitive","ClientPresentation",
"Assets/Scenes/ServerBootstrap.unity","3ae6171ad1252f84aaed3ff388fbd7fa","Assets/Resources/Animation/Aatrox/AatroxAttack1.anim","12e8ff2fc426e7349bbe8b01bcd623fa","Transitive","ClientPresentation",
"Assets/Scenes/ServerBootstrap.unity","3ae6171ad1252f84aaed3ff388fbd7fa","Assets/Resources/Animation/Aatrox/AatroxAttack1_ULT.anim","50fe63f7d202f934091bf07b5585b558","Transitive","ClientPresentation",
"Assets/Scenes/ServerBootstrap.unity","3ae6171ad1252f84aaed3ff388fbd7fa","Assets/Resources/Animation/Aatrox/AatroxAttack2.anim","8f774a9762de4fc4688a4b4aa3a8dba0","Transitive","ClientPresentation",
"Assets/Scenes/ServerBootstrap.unity","3ae6171ad1252f84aaed3ff388fbd7fa","Assets/Resources/Animation/Aatrox/AatroxAttack2_ULT.anim","e1d18de90d26ce44f8088bedab4fcff2","Transitive","ClientPresentation",
"Assets/Scenes/ServerBootstrap.unity","3ae6171ad1252f84aaed3ff388fbd7fa","Assets/Resources/Animation/Aatrox/AatroxAttack_Passive.anim","2f849e9442d822f47a3870574c4a6f04","Transitive","ClientPresentation",
"Assets/Scenes/ServerBootstrap.unity","3ae6171ad1252f84aaed3ff388fbd7fa","Assets/Resources/Animation/Aatrox/AatroxAttack_Passive_ULT.anim","cb8af5fafd460494bb531c784d655771","Transitive","ClientPresentation",
"Assets/Scenes/ServerBootstrap.unity","3ae6171ad1252f84aaed3ff388fbd7fa","Assets/Resources/Animation/Aatrox/AatroxDash.anim","62c340cc1d351fd448767528cd7b18aa","Transitive","ClientPresentation",
"Assets/Scenes/ServerBootstrap.unity","3ae6171ad1252f84aaed3ff388fbd7fa","Assets/Resources/Animation/Aatrox/AatroxDash_Passive.anim","e77537776c85e054a9d8b5d82ba02afd","Transitive","ClientPresentation",
"Assets/Scenes/ServerBootstrap.unity","3ae6171ad1252f84aaed3ff388fbd7fa","Assets/Resources/Animation/Aatrox/AatroxDash_ULT.anim","00254f01ef82f4944b2f557e85a4bcd9","Transitive","ClientPresentation",
"Assets/Scenes/ServerBootstrap.unity","3ae6171ad1252f84aaed3ff388fbd7fa","Assets/Resources/Animation/Aatrox/AatroxDeath.anim","41acb76393344ac4a89b13a8fe2de2ae","Transitive","ClientPresentation",
"Assets/Scenes/ServerBootstrap.unity","3ae6171ad1252f84aaed3ff388fbd7fa","Assets/Resources/Animation/Aatrox/AatroxIdle.anim","f9323091a2488f34799ca56e363d19a1","Transitive","ClientPresentation",
"Assets/Scenes/ServerBootstrap.unity","3ae6171ad1252f84aaed3ff388fbd7fa","Assets/Resources/Animation/Aatrox/AatroxIdle_Passive.anim","c5885abca03bcb046939b45b012f6cc3","Transitive","ClientPresentation",
"Assets/Scenes/ServerBootstrap.unity","3ae6171ad1252f84aaed3ff388fbd7fa","Assets/Resources/Animation/Aatrox/AatroxIdle_ULT.anim","7f8156845366f334b9e11e5f019de16b","Transitive","ClientPresentation",
"Assets/Scenes/ServerBootstrap.unity","3ae6171ad1252f84aaed3ff388fbd7fa","Assets/Resources/Animation/Aatrox/AatroxQ1.anim","b158f602146c5c343b09ea6a99ad1a0b","Transitive","ClientPresentation",
"Assets/Scenes/ServerBootstrap.unity","3ae6171ad1252f84aaed3ff388fbd7fa","Assets/Resources/Animation/Aatrox/AatroxQ1_ULT.anim","9436315b9f0aab44eb88add8256eacea","Transitive","ClientPresentation",
"Assets/Scenes/ServerBootstrap.unity","3ae6171ad1252f84aaed3ff388fbd7fa","Assets/Resources/Animation/Aatrox/AatroxQ2.anim","9dd0d0d373c5998438bbf729f578ffeb","Transitive","ClientPresentation",
"Assets/Scenes/ServerBootstrap.unity","3ae6171ad1252f84aaed3ff388fbd7fa","Assets/Resources/Animation/Aatrox/AatroxQ2_ULT.anim","0f3454a5803ba43438dc565f38c1ae2b","Transitive","ClientPresentation",
"Assets/Scenes/ServerBootstrap.unity","3ae6171ad1252f84aaed3ff388fbd7fa","Assets/Resources/Animation/Aatrox/AatroxQ3.anim","e23aedc8a42711644b6152f30efd7145","Transitive","ClientPresentation",
"Assets/Scenes/ServerBootstrap.unity","3ae6171ad1252f84aaed3ff388fbd7fa","Assets/Resources/Animation/Aatrox/AatroxQ3_ULT.anim","0f4a407080caf764289170dca5b7e07e","Transitive","ClientPresentation",
"Assets/Scenes/ServerBootstrap.unity","3ae6171ad1252f84aaed3ff388fbd7fa","Assets/Resources/Animation/Aatrox/AatroxSpellR.anim","d854f4c196f0acd46b56d5e28d614568","Transitive","ClientPresentation",
"Assets/Scenes/ServerBootstrap.unity","3ae6171ad1252f84aaed3ff388fbd7fa","Assets/Resources/Animation/Aatrox/AatroxSpellW.anim","0cece2fc29ce15848b3f8179dff77dd2","Transitive","ClientPresentation",
"Assets/Scenes/ServerBootstrap.unity","3ae6171ad1252f84aaed3ff388fbd7fa","Assets/Resources/Animation/Aatrox/AatroxSpellW_ULT.anim","3255706c8bc0cbb49b66da53ce53b4be","Transitive","ClientPresentation",
"Assets/Scenes/ServerBootstrap.unity","3ae6171ad1252f84aaed3ff388fbd7fa","Assets/Resources/Animation/Aatrox/AatroxULTOut.anim","084921aef66c5414f9e631cdcc704f86","Transitive","ClientPresentation",
"Assets/Scenes/ServerBootstrap.unity","3ae6171ad1252f84aaed3ff388fbd7fa","Assets/Resources/Animation/Aatrox/AatroxWalk.anim","8f6f603150ba43f428a896ae1d76c40e","Transitive","ClientPresentation",
"Assets/Scenes/ServerBootstrap.unity","3ae6171ad1252f84aaed3ff388fbd7fa","Assets/Resources/Animation/Aatrox/AatroxWalk_Passive.anim","fb0fba21833fd2e428bd8287764bc5af","Transitive","ClientPresentation",
"Assets/Scenes/ServerBootstrap.unity","3ae6171ad1252f84aaed3ff388fbd7fa","Assets/Resources/Animation/Aatrox/AatroxWalk_ULT.anim","b56520861af749c48ac057f92a1c2b5e","Transitive","ClientPresentation",
"Assets/Scenes/ServerBootstrap.unity","3ae6171ad1252f84aaed3ff388fbd7fa","Assets/Resources/Animation/Minion/Blue/CasterMinion_Attack.anim","c3935cbe8b1fe8e4fbe3f6c4b1a6e0d4","Transitive","ClientPresentation",
"Assets/Scenes/ServerBootstrap.unity","3ae6171ad1252f84aaed3ff388fbd7fa","Assets/Resources/Animation/Minion/Blue/CasterMinion_Death.anim","2fb47ec91b9d29a4c884fc942847e266","Transitive","ClientPresentation",
"Assets/Scenes/ServerBootstrap.unity","3ae6171ad1252f84aaed3ff388fbd7fa","Assets/Resources/Animation/Minion/Blue/CasterMinion_Idle.anim","f2693f32fca6fed4494c5fe1d7c73140","Transitive","ClientPresentation",
"Assets/Scenes/ServerBootstrap.unity","3ae6171ad1252f84aaed3ff388fbd7fa","Assets/Resources/Animation/Minion/Blue/CasterMinion_Walk.anim","03af889a600a66947869e83181c5643f","Transitive","ClientPresentation",
"Assets/Scenes/ServerBootstrap.unity","3ae6171ad1252f84aaed3ff388fbd7fa","Assets/Resources/Animation/Minion/Blue/MeleeMinion_Attack.anim","220dd8ba7c6b7e646b4b1946c3d52ef8","Transitive","ClientPresentation",
"Assets/Scenes/ServerBootstrap.unity","3ae6171ad1252f84aaed3ff388fbd7fa","Assets/Resources/Animation/Minion/Blue/MeleeMinion_Death.anim","62db727fa22d87a429e57c1e313cc344","Transitive","ClientPresentation",
"Assets/Scenes/ServerBootstrap.unity","3ae6171ad1252f84aaed3ff388fbd7fa","Assets/Resources/Animation/Minion/Blue/MeleeMinion_Idle.anim","a3ad0c6a5ae3fd44ab340554970e0541","Transitive","ClientPresentation",
"Assets/Scenes/ServerBootstrap.unity","3ae6171ad1252f84aaed3ff388fbd7fa","Assets/Resources/Animation/Minion/Blue/MeleeMinion_Walk.anim","a3b04fd15585d31409197d63cca03ebd","Transitive","ClientPresentation",
"Assets/Scenes/ServerBootstrap.unity","3ae6171ad1252f84aaed3ff388fbd7fa","Assets/Resources/Animation/Minion/Red/CasterMinion_Attack.anim","70ca89583698d3d44901555f595528d1","Transitive","ClientPresentation",
"Assets/Scenes/ServerBootstrap.unity","3ae6171ad1252f84aaed3ff388fbd7fa","Assets/Resources/Animation/Minion/Red/CasterMinion_Death.anim","2b85ea4cf35a5834f9a36a4596e813df","Transitive","ClientPresentation",
"Assets/Scenes/ServerBootstrap.unity","3ae6171ad1252f84aaed3ff388fbd7fa","Assets/Resources/Animation/Minion/Red/CasterMinion_Idle.anim","51d8c0867d1ea8b4aaf146310afd9f02","Transitive","ClientPresentation",
"Assets/Scenes/ServerBootstrap.unity","3ae6171ad1252f84aaed3ff388fbd7fa","Assets/Resources/Animation/Minion/Red/CasterMinion_Walk.anim","be899e3fb2a2dd341849032392f2957b","Transitive","ClientPresentation",
"Assets/Scenes/ServerBootstrap.unity","3ae6171ad1252f84aaed3ff388fbd7fa","Assets/Resources/Animation/Minion/Red/MeleeMinion_Attack.anim","eb76ad0103f3efe4a8c7f104b18ba3b7","Transitive","ClientPresentation",
"Assets/Scenes/ServerBootstrap.unity","3ae6171ad1252f84aaed3ff388fbd7fa","Assets/Resources/Animation/Minion/Red/MeleeMinion_Death.anim","667dcc2faad23a74a9a5f72f53e0ac1d","Transitive","ClientPresentation",
"Assets/Scenes/ServerBootstrap.unity","3ae6171ad1252f84aaed3ff388fbd7fa","Assets/Resources/Animation/Minion/Red/MeleeMinion_Idle.anim","abc3ff4c728c48549a0cfb041d28afe1","Transitive","ClientPresentation",
"Assets/Scenes/ServerBootstrap.unity","3ae6171ad1252f84aaed3ff388fbd7fa","Assets/Resources/Animation/Minion/Red/MeleeMinion_Walk.anim","a305521f5a779cb4ea289e5582eb2e2a","Transitive","ClientPresentation",
"Assets/Scenes/ServerBootstrap.unity","3ae6171ad1252f84aaed3ff388fbd7fa","Assets/Resources/Animation/Turret/TurretBlue.controller","4c8eb35614430c040b29c9b33a5e1d5c","Transitive","ClientPresentation",
"Assets/Scenes/ServerBootstrap.unity","3ae6171ad1252f84aaed3ff388fbd7fa","Assets/Resources/Animation/Turret/TurretBlueAnimationProfile.asset","0704006b28978b24d89ddc8d722b798e","Transitive","ClientPresentation",
"Assets/Scenes/ServerBootstrap.unity","3ae6171ad1252f84aaed3ff388fbd7fa","Assets/Resources/Animation/Turret/TurretDestory_Blue.anim","107a79369ffc0914095510fb87ba6781","Transitive","ClientPresentation",
"Assets/Scenes/ServerBootstrap.unity","3ae6171ad1252f84aaed3ff388fbd7fa","Assets/Resources/Animation/Turret/TurretDestory_Red.anim","5ebdcaeb4f0327541afe5e4a5ffe3438","Transitive","ClientPresentation",
"Assets/Scenes/ServerBootstrap.unity","3ae6171ad1252f84aaed3ff388fbd7fa","Assets/Resources/Animation/Turret/TurretIdel_Red.anim","aa2b48c3faf9e5748a0a4be7c03c2197","Transitive","ClientPresentation",
"Assets/Scenes/ServerBootstrap.unity","3ae6171ad1252f84aaed3ff388fbd7fa","Assets/Resources/Animation/Turret/TurretIdle_Blue.anim","88f8fb5f070c65f47acfe5dbe2f93031","Transitive","ClientPresentation",
"Assets/Scenes/ServerBootstrap.unity","3ae6171ad1252f84aaed3ff388fbd7fa","Assets/Resources/Animation/Turret/TurretRed.controller","5593f884ef5e12a4baf9dfd3ccb04977","Transitive","ClientPresentation",
"Assets/Scenes/ServerBootstrap.unity","3ae6171ad1252f84aaed3ff388fbd7fa","Assets/Resources/Animation/Turret/TurretRedAnimationProfile.asset","3168336f57ba06b4d8d9641835c44ef6","Transitive","ClientPresentation",
"Assets/Scenes/ServerBootstrap.unity","3ae6171ad1252f84aaed3ff388fbd7fa","Assets/Resources/Animation/Varus/VarusAttack1.anim","0cf85d26f59eb7746bdb4a51a69a0f50","Transitive","ClientPresentation",
"Assets/Scenes/ServerBootstrap.unity","3ae6171ad1252f84aaed3ff388fbd7fa","Assets/Resources/Animation/Varus/VarusAttack2.anim","23935cc971facab4480e1da8e5edbd92","Transitive","ClientPresentation",
"Assets/Scenes/ServerBootstrap.unity","3ae6171ad1252f84aaed3ff388fbd7fa","Assets/Resources/Animation/Varus/VarusDeath.anim","91911fca58c97c249bc80badbe09f4a5","Transitive","ClientPresentation",
"Assets/Scenes/ServerBootstrap.unity","3ae6171ad1252f84aaed3ff388fbd7fa","Assets/Resources/Animation/Varus/VarusIdle.anim","276c23e01035d5e4ea228102f7966744","Transitive","ClientPresentation",
"Assets/Scenes/ServerBootstrap.unity","3ae6171ad1252f84aaed3ff388fbd7fa","Assets/Resources/Animation/Varus/VarusSpellE.anim","04a1600959a5a814d9dc7ffcf689abd9","Transitive","ClientPresentation",
"Assets/Scenes/ServerBootstrap.unity","3ae6171ad1252f84aaed3ff388fbd7fa","Assets/Resources/Animation/Varus/VarusSpellQChanneling_Walk.anim","5f316e4f42754a54c91a85a08f1c2109","Transitive","ClientPresentation",
"Assets/Scenes/ServerBootstrap.unity","3ae6171ad1252f84aaed3ff388fbd7fa","Assets/Resources/Animation/Varus/VarusSpellQ_ChannelingIdle.anim","0be8f0f20ceb7154683d8e7153807b32","Transitive","ClientPresentation",
"Assets/Scenes/ServerBootstrap.unity","3ae6171ad1252f84aaed3ff388fbd7fa","Assets/Resources/Animation/Varus/VarusSpellQ_Fire.anim","59c9f8e0dcb3b8f4da24bd657198556e","Transitive","ClientPresentation",
"Assets/Scenes/ServerBootstrap.unity","3ae6171ad1252f84aaed3ff388fbd7fa","Assets/Resources/Animation/Varus/VarusSpellR.anim","67ff9cd0d01dd0b47a0255bc14ee0ca1","Transitive","ClientPresentation",
"Assets/Scenes/ServerBootstrap.unity","3ae6171ad1252f84aaed3ff388fbd7fa","Assets/Resources/Animation/Varus/VarusWalk.anim","53277acafa583bd42903fd3e03109128","Transitive","ClientPresentation",
"Assets/Scenes/ServerBootstrap.unity","3ae6171ad1252f84aaed3ff388fbd7fa","Assets/Resources/Material/亚托克斯通用材质.mat","3d347c0be0047484681175b0a46733ce","Transitive","ClientPresentation",
"Assets/Scenes/ServerBootstrap.unity","3ae6171ad1252f84aaed3ff388fbd7fa","Assets/Resources/Material/红方远程小兵攻击投掷物.mat","66bd48b9f6739194a9e60f4aaac60ff9","Transitive","ClientPresentation",
"Assets/Scenes/ServerBootstrap.unity","3ae6171ad1252f84aaed3ff388fbd7fa","Assets/Resources/Material/蓝方远程小兵攻击投掷物.mat","6881a8644760fcb47a6e5dbc6ddd218d","Transitive","ClientPresentation",
"Assets/Scenes/ServerBootstrap.unity","3ae6171ad1252f84aaed3ff388fbd7fa","Assets/Resources/Prefab/Missle/AatroxSpellWMissle.prefab","45b294545c967314f9decb88c44d5920","Transitive","Unclassified",
"Assets/Scenes/ServerBootstrap.unity","3ae6171ad1252f84aaed3ff388fbd7fa","Assets/Resources/Prefab/Missle/BlueTeamGeneralAttackMissle.prefab","b3eb1d4dc78a3914883c5db568ff2514","Transitive","Unclassified",
"Assets/Scenes/ServerBootstrap.unity","3ae6171ad1252f84aaed3ff388fbd7fa","Assets/Resources/Prefab/Missle/InfernalChainsArea.prefab","3561a9ede028f4741a955188d8b48b97","Transitive","Unclassified",
"Assets/Scenes/ServerBootstrap.unity","3ae6171ad1252f84aaed3ff388fbd7fa","Assets/Resources/Prefab/Missle/RedTeamGeneralAttackMissle.prefab","d0e27105677f5f4439bc6bf3e582435c","Transitive","Unclassified",
"Assets/Scenes/ServerBootstrap.unity","3ae6171ad1252f84aaed3ff388fbd7fa","Assets/Resources/Prefab/Missle/VarusAttackMissle.prefab","6f4a50dde2a01f745bed4b9d9324f5fa","Transitive","Unclassified",
"Assets/Scenes/ServerBootstrap.unity","3ae6171ad1252f84aaed3ff388fbd7fa","Assets/Resources/Prefab/Missle/VarusEMissle_DesecratedGround.prefab","c024096fa5aceb144b1c7ffedbc285fc","Transitive","Unclassified",
"Assets/Scenes/ServerBootstrap.unity","3ae6171ad1252f84aaed3ff388fbd7fa","Assets/Resources/Prefab/Missle/VarusSpellQMissle.prefab","3b9c7c4bd406ebf449736a4a6c7432c8","Transitive","Unclassified",
"Assets/Scenes/ServerBootstrap.unity","3ae6171ad1252f84aaed3ff388fbd7fa","Assets/Resources/Prefab/Missle/VarusSpellRMissle.prefab","9c9cad292a5e9134c8f337b579ef599a","Transitive","Unclassified",
"Assets/Scenes/ServerBootstrap.unity","3ae6171ad1252f84aaed3ff388fbd7fa","Assets/Resources/Prefab/PlayerNetworkHandle.prefab","dda0ed93bbf826147a72d0f88b99e12c","Transitive","Unclassified",
"Assets/Scenes/ServerBootstrap.unity","3ae6171ad1252f84aaed3ff388fbd7fa","Assets/Resources/Prefab/Unit/AatroxHeroRuntime.prefab","e7b912ff51273d94aa44a93069b84017","Transitive","LegacyMixed",
"Assets/Scenes/ServerBootstrap.unity","3ae6171ad1252f84aaed3ff388fbd7fa","Assets/Resources/Prefab/Unit/TestCasterMinionBlueRuntime.prefab","b1683136fbeb0ec43bb2651cb3c096cf","Transitive","LegacyMixed",
"Assets/Scenes/ServerBootstrap.unity","3ae6171ad1252f84aaed3ff388fbd7fa","Assets/Resources/Prefab/Unit/TestCasterMinionRedRuntime.prefab","2c0dd4221aa4d3445ad5e29b609bc03b","Transitive","LegacyMixed",
"Assets/Scenes/ServerBootstrap.unity","3ae6171ad1252f84aaed3ff388fbd7fa","Assets/Resources/Prefab/Unit/TestMeleeMinionBlueRuntime.prefab","3ccd4e1aedf4eec4e858f61a124b015d","Transitive","LegacyMixed",
"Assets/Scenes/ServerBootstrap.unity","3ae6171ad1252f84aaed3ff388fbd7fa","Assets/Resources/Prefab/Unit/TestMeleeMinionRedRuntime.prefab","b400545b29699e841a9e7eca456ad6ac","Transitive","LegacyMixed",
"Assets/Scenes/ServerBootstrap.unity","3ae6171ad1252f84aaed3ff388fbd7fa","Assets/Resources/Prefab/Unit/TestTowerBlueRuntime.prefab","86effef21215481438a7d1f6fb7ee429","Transitive","LegacyMixed",
"Assets/Scenes/ServerBootstrap.unity","3ae6171ad1252f84aaed3ff388fbd7fa","Assets/Resources/Prefab/Unit/TestTowerRedRuntime.prefab","8117cac3f6c07ae418a92479ffd9b25c","Transitive","LegacyMixed",
"Assets/Scenes/ServerBootstrap.unity","3ae6171ad1252f84aaed3ff388fbd7fa","Assets/Resources/Prefab/Unit/VarusRuntime.prefab","8386d2da6f6754946a202d33532daffd","Transitive","LegacyMixed",
"Assets/Scenes/ServerBootstrap.unity","3ae6171ad1252f84aaed3ff388fbd7fa","Assets/Resources/Prefab/VFX/AatroxQ1VFX.prefab","c104df327fc900e459d8d8d88080e74c","Transitive","ClientPresentation",
"Assets/Scenes/ServerBootstrap.unity","3ae6171ad1252f84aaed3ff388fbd7fa","Assets/Resources/Prefab/VFX/AatroxQ2VFX.prefab","e548ee90e7b95e74fa2b03d68ec88b7a","Transitive","ClientPresentation",
"Assets/Scenes/ServerBootstrap.unity","3ae6171ad1252f84aaed3ff388fbd7fa","Assets/Resources/Prefab/VFX/AatroxQ3VFX.prefab","4c4378ba777eca9439d5d0e74413316d","Transitive","ClientPresentation",
"Assets/Scenes/ServerBootstrap.unity","3ae6171ad1252f84aaed3ff388fbd7fa","Assets/Scripts/Bootstrap/ClientUnitOutline.cs","e27fb308c093d80429c4af615daf7055","Transitive","EditorOrCode",
"Assets/Scenes/ServerBootstrap.unity","3ae6171ad1252f84aaed3ff388fbd7fa","Assets/Scripts/Bootstrap/FrameSyncNetworkBridge.cs","ebb3297d9afb2254da1f95a80d8d873c","Direct","EditorOrCode",
"Assets/Scenes/ServerBootstrap.unity","3ae6171ad1252f84aaed3ff388fbd7fa","Assets/Scripts/Bootstrap/LobbyNetworkBridge.cs","8ef0d488b380db84da74c5995ca952a3","Direct","EditorOrCode",
"Assets/Scenes/ServerBootstrap.unity","3ae6171ad1252f84aaed3ff388fbd7fa","Assets/Scripts/Bootstrap/ServerBootstrap.cs","9d1a3393568863341b7ce2306f5ac645","Direct","EditorOrCode",
"Assets/Scenes/ServerBootstrap.unity","3ae6171ad1252f84aaed3ff388fbd7fa","Assets/Scripts/FrameSync/BuffDrivenBoneVisibility.cs","324c940c39f36834eaab67a7a73936d5","Transitive","EditorOrCode",
"Assets/Scenes/ServerBootstrap.unity","3ae6171ad1252f84aaed3ff388fbd7fa","Assets/Scripts/FrameSync/PresentationSocketSet.cs","a7c8b8e0d56dd714c96ff5e67047c8f0","Transitive","EditorOrCode",
"Assets/Scenes/ServerBootstrap.unity","3ae6171ad1252f84aaed3ff388fbd7fa","Assets/Scripts/FrameSync/ProjectileAreaRadiusVisualizer.cs","86856d9775574c2499fb3eb5c2f133b1","Transitive","EditorOrCode",
"Assets/Scenes/ServerBootstrap.unity","3ae6171ad1252f84aaed3ff388fbd7fa","Assets/Scripts/FrameSync/TowerTargetLinePresenter.cs","44765ad328b802541a8af70d5df2a94c","Transitive","EditorOrCode",
"Assets/Scenes/ServerBootstrap.unity","3ae6171ad1252f84aaed3ff388fbd7fa","Assets/Scripts/FrameSync/UnitAnimationDriver.cs","377bfec80d767444382fe67b6c4c5b38","Transitive","EditorOrCode",
"Assets/Scenes/ServerBootstrap.unity","3ae6171ad1252f84aaed3ff388fbd7fa","Assets/Scripts/FrameSync/UnitPresentationHost.cs","94939c62f8549054d9238b3896698fe4","Transitive","EditorOrCode",
"Assets/Scenes/ServerBootstrap.unity","3ae6171ad1252f84aaed3ff388fbd7fa","Assets/Scripts/Gameplay/Ability/AatroxAbilityZoneAuthoringGizmo.cs","6da65dcc93f367e499b7695a3ab97ffb","Transitive","EditorOrCode",
"Assets/Scenes/ServerBootstrap.unity","3ae6171ad1252f84aaed3ff388fbd7fa","Assets/Scripts/Gameplay/Ability/AbilityAsset.cs","c1ffb938a26d10b46b88354c8e8aeb8a","Transitive","EditorOrCode",
"Assets/Scenes/ServerBootstrap.unity","3ae6171ad1252f84aaed3ff388fbd7fa","Assets/Scripts/Gameplay/Ability/AbilityHandler.cs","4f79abb261c1b3b4bb423e8924a50d88","Transitive","EditorOrCode",
"Assets/Scenes/ServerBootstrap.unity","3ae6171ad1252f84aaed3ff388fbd7fa","Assets/Scripts/Gameplay/Ability/AbilityLoadoutAsset.cs","d777bfd7214aa684283d480f804d60ed","Transitive","EditorOrCode",
"Assets/Scenes/ServerBootstrap.unity","3ae6171ad1252f84aaed3ff388fbd7fa","Assets/Scripts/Gameplay/Attack/AttackHandler.cs","11536609f17ade44196b69b7297fbadf","Transitive","EditorOrCode",
"Assets/Scenes/ServerBootstrap.unity","3ae6171ad1252f84aaed3ff388fbd7fa","Assets/Scripts/Gameplay/Attack/TowerAttackHandler.cs","d7749b323d4bedd41905d72bfd3b55bc","Transitive","EditorOrCode",
"Assets/Scenes/ServerBootstrap.unity","3ae6171ad1252f84aaed3ff388fbd7fa","Assets/Scripts/Gameplay/Buff/BuffHandler.cs","75af4f65fc14b0e47a13cf0f26e0fb62","Transitive","EditorOrCode",
"Assets/Scenes/ServerBootstrap.unity","3ae6171ad1252f84aaed3ff388fbd7fa","Assets/Scripts/Gameplay/CrowdControl/CrowdControlHandler.cs","3fbd12ccb1f37e24c8448b6322cda983","Transitive","EditorOrCode",
"Assets/Scenes/ServerBootstrap.unity","3ae6171ad1252f84aaed3ff388fbd7fa","Assets/Scripts/Gameplay/Equipment/EquipmentHandler.cs","1d296fac7364e2f4b8449516654b37a4","Transitive","EditorOrCode",
"Assets/Scenes/ServerBootstrap.unity","3ae6171ad1252f84aaed3ff388fbd7fa","Assets/Scripts/Gameplay/Movement/MovementHandler.cs","0493a04bad49cf540a1384de14b9aa2f","Transitive","EditorOrCode",
"Assets/Scenes/ServerBootstrap.unity","3ae6171ad1252f84aaed3ff388fbd7fa","Assets/Scripts/Gameplay/Presentation/UnitAnimationProfile.cs","7112a06ac3587ca46ba2dbfa5b35902b","Transitive","EditorOrCode",
"Assets/Scenes/ServerBootstrap.unity","3ae6171ad1252f84aaed3ff388fbd7fa","Assets/Scripts/Gameplay/Projectile/ProjectileContainmentZoneAuthoring.cs","213be447bab72bf44b67f992a84f55ce","Transitive","EditorOrCode",
"Assets/Scenes/ServerBootstrap.unity","3ae6171ad1252f84aaed3ff388fbd7fa","Assets/Scripts/Gameplay/Stats/StatHandler.cs","d83cb680cdcf541438b70b0b87eb51fa","Transitive","EditorOrCode",
"Assets/Scenes/ServerBootstrap.unity","3ae6171ad1252f84aaed3ff388fbd7fa","Assets/Scripts/Gameplay/Unit/Core/Unit.cs","d8b92a46f17a0c1408cebd31e093972b","Transitive","EditorOrCode",
"Assets/Scenes/ServerBootstrap.unity","3ae6171ad1252f84aaed3ff388fbd7fa","Assets/Scripts/Physics/Core/PhysicsEntity2D.cs","cf2e4b89224828f48befee4b715885df","Transitive","EditorOrCode",
"Assets/Scenes/ServerBootstrap.unity","3ae6171ad1252f84aaed3ff388fbd7fa","Assets/Scripts/Physics/Core/PhysicsEntity2DShapeAuthoring.cs","ed0a9cc1ab86cbe4484aa191eda97ca8","Transitive","EditorOrCode",
"Assets/Scenes/ServerBootstrap.unity","3ae6171ad1252f84aaed3ff388fbd7fa","Assets/Scripts/RuntimeConfig/GlobalGameplayData.cs","a55ff372add67d84c9a2664628d62911","Transitive","EditorOrCode",
"Assets/Scenes/ServerBootstrap.unity","3ae6171ad1252f84aaed3ff388fbd7fa","Assets/Scripts/RuntimeConfig/GlobalPrefabTable.cs","492af7122f0961340b9648f93f8af7f8","Transitive","EditorOrCode",
"Assets/Scenes/ServerBootstrap.unity","3ae6171ad1252f84aaed3ff388fbd7fa","Assets/Scripts/RuntimeConfig/HeroDisplayTable.cs","899e7bc53a633ee4dabd640727cd2076","Transitive","EditorOrCode",
"Assets/Scenes/ServerBootstrap.unity","3ae6171ad1252f84aaed3ff388fbd7fa","Assets/Shader/UnitOutlineRim.shader","66aa05f6f4814464ebf165d1aba43d7e","Transitive","ClientPresentation",
"Assets/Scenes/ServerBootstrap.unity","3ae6171ad1252f84aaed3ff388fbd7fa","Packages/com.siccity.gltfutility/Materials/URP/Standard (Metallic).shadergraph","a08f3a1c845d57c4293a42c3202574a1","Transitive","ThirdParty",
"Assets/Scenes/ServerBootstrap.unity","3ae6171ad1252f84aaed3ff388fbd7fa","Packages/com.siccity.gltfutility/Materials/URP/Standard (Specular).shadergraph","e6061ad897a8bd843b501d409aff8a22","Transitive","ThirdParty",
"Assets/Scenes/ServerBootstrap.unity","3ae6171ad1252f84aaed3ff388fbd7fa","Packages/com.siccity.gltfutility/Materials/URP/Standard Transparent (Metallic).shadergraph","bb6606ffd3868dd46a773758ff6901fc","Transitive","ThirdParty",
"Assets/Scenes/ServerBootstrap.unity","3ae6171ad1252f84aaed3ff388fbd7fa","Packages/com.siccity.gltfutility/Materials/URP/Standard Transparent (Specular).shadergraph","09512c1ba26fe804283ec6e09112e53c","Transitive","ThirdParty",
"Assets/Scenes/ServerBootstrap.unity","3ae6171ad1252f84aaed3ff388fbd7fa","Packages/com.siccity.gltfutility/Scripts/Editor/GLBImporter.cs","768a5a18fd6eb914f980bf85dd7b34ec","Transitive","ThirdParty",
"Assets/Scenes/ServerBootstrap.unity","3ae6171ad1252f84aaed3ff388fbd7fa","Packages/com.unity.netcode.gameobjects/Runtime/Configuration/NetworkPrefabsList.cs","e651dbb3fbac04af2b8f5abf007ddc23","Transitive","ThirdParty",
"Assets/Scenes/ServerBootstrap.unity","3ae6171ad1252f84aaed3ff388fbd7fa","Packages/com.unity.netcode.gameobjects/Runtime/Core/NetworkManager.cs","593a2fe42fa9d37498c96f9a383b6521","Direct","ThirdParty",
"Assets/Scenes/ServerBootstrap.unity","3ae6171ad1252f84aaed3ff388fbd7fa","Packages/com.unity.netcode.gameobjects/Runtime/Core/NetworkObject.cs","d5a57f767e5e46a458fc5d3c628d0cbb","Transitive","ThirdParty",
"Assets/Scenes/ServerBootstrap.unity","3ae6171ad1252f84aaed3ff388fbd7fa","Packages/com.unity.netcode.gameobjects/Runtime/Transports/UTP/UnityTransport.cs","6960e84d07fb87f47956e7a81d71c4e6","Direct","ThirdParty",
"Assets/Scenes/ServerBootstrap.unity","3ae6171ad1252f84aaed3ff388fbd7fa","Packages/com.unity.render-pipelines.universal/Editor/AssetVersion.cs","d0353a89b1f911e48b9e16bdc9f2e058","Transitive","ThirdParty",
"Assets/Scenes/ServerBootstrap.unity","3ae6171ad1252f84aaed3ff388fbd7fa","Packages/com.unity.render-pipelines.universal/Editor/ShaderGraph/UniversalMetadata.cs","d2654ad3c17ab8a4ebb9fd0719795d21","Transitive","ThirdParty",
"Assets/Scenes/ServerBootstrap.unity","3ae6171ad1252f84aaed3ff388fbd7fa","Packages/com.unity.render-pipelines.universal/Runtime/Materials/Lit.mat","31321ba15b8f8eb4c954353edc038b1d","Transitive","ThirdParty",
"Assets/Scenes/ServerBootstrap.unity","3ae6171ad1252f84aaed3ff388fbd7fa","Packages/com.unity.render-pipelines.universal/Shaders/Lit.shader","933532a4fcc9baf4fa0491de14d08ed7","Transitive","ThirdParty",
"Assets/Scenes/ServerBootstrap.unity","3ae6171ad1252f84aaed3ff388fbd7fa","Packages/com.unity.shadergraph/Editor/Importers/ShaderGraphImporter.cs","625f186215c104763be7675aa2d941aa","Transitive","ThirdParty",
"Assets/Scenes/ServerBootstrap.unity","3ae6171ad1252f84aaed3ff388fbd7fa","Packages/com.unity.shadergraph/Editor/Importers/ShaderGraphMetadata.cs","b64ab828cd6c5b3479a4c575ca6617d5","Transitive","ThirdParty",
"Assets/Scenes/Tests/CameraDebugScene.unity","7c6132b2605a4e04a9f5773e1c1a1e69","Assets/Config/Formal/Presentation/MobaCameraPresentationConfig.asset","d7036c0641fe3444d9b5f2dcd9f21c19","Direct","SharedConfig",
"Assets/Scenes/Tests/CameraDebugScene.unity","7c6132b2605a4e04a9f5773e1c1a1e69","Assets/Config/Formal/UnitOutlineRim.mat","864a3b4ca3d42f44484fae1ef521e889","Direct","ClientPresentation",
"Assets/Scenes/Tests/CameraDebugScene.unity","7c6132b2605a4e04a9f5773e1c1a1e69","Assets/Scripts/Bootstrap/CameraBoundsVisualizer.cs","8bfc53239e254f94c8a493e549c76269","Direct","EditorOrCode",
"Assets/Scenes/Tests/CameraDebugScene.unity","7c6132b2605a4e04a9f5773e1c1a1e69","Assets/Scripts/Bootstrap/CameraController.cs","9afc3712177501f4bb6664a9e355f1d5","Direct","EditorOrCode",
"Assets/Scenes/Tests/CameraDebugScene.unity","7c6132b2605a4e04a9f5773e1c1a1e69","Assets/Scripts/Bootstrap/CameraDebugPilot.cs","f30e8cd8d4c20de4c8214e683e6fce6e","Direct","EditorOrCode",
"Assets/Scenes/Tests/CameraDebugScene.unity","7c6132b2605a4e04a9f5773e1c1a1e69","Assets/Scripts/Bootstrap/CameraDebugPointerProbe.cs","4954d02a211ff9c4d972d7148fe9bb98","Direct","EditorOrCode",
"Assets/Scenes/Tests/CameraDebugScene.unity","7c6132b2605a4e04a9f5773e1c1a1e69","Assets/Scripts/Bootstrap/CameraDebugSelectableProxy.cs","011790765de0ca343b33c157c1447c89","Direct","EditorOrCode",
"Assets/Scenes/Tests/CameraDebugScene.unity","7c6132b2605a4e04a9f5773e1c1a1e69","Assets/Scripts/Bootstrap/CameraDebugWorkbench.cs","c0adf6888b937dd459973ccf455cded2","Direct","EditorOrCode",
"Assets/Scenes/Tests/CameraDebugScene.unity","7c6132b2605a4e04a9f5773e1c1a1e69","Assets/Scripts/Bootstrap/CameraEdgePanVisualizer.cs","95a1f2290013f624bb71ff98041e8350","Direct","EditorOrCode",
"Assets/Scenes/Tests/CameraDebugScene.unity","7c6132b2605a4e04a9f5773e1c1a1e69","Assets/Scripts/Bootstrap/ClientUnitOutline.cs","e27fb308c093d80429c4af615daf7055","Direct","EditorOrCode",
"Assets/Scenes/Tests/CameraDebugScene.unity","7c6132b2605a4e04a9f5773e1c1a1e69","Assets/Scripts/Bootstrap/MobaCameraPresentationConfig.cs","e7199e030b9ecf64aae8af48cb1239cb","Transitive","EditorOrCode",
"Assets/Scenes/Tests/CameraDebugScene.unity","7c6132b2605a4e04a9f5773e1c1a1e69","Assets/Shader/UnitOutlineRim.shader","66aa05f6f4814464ebf165d1aba43d7e","Transitive","ClientPresentation",
"Assets/Scenes/Tests/CameraDebugScene.unity","7c6132b2605a4e04a9f5773e1c1a1e69","Packages/com.unity.render-pipelines.universal/Editor/AssetVersion.cs","d0353a89b1f911e48b9e16bdc9f2e058","Transitive","ThirdParty",
"Assets/Scenes/Tests/CameraDebugScene.unity","7c6132b2605a4e04a9f5773e1c1a1e69","Packages/com.unity.render-pipelines.universal/Runtime/Materials/Lit.mat","31321ba15b8f8eb4c954353edc038b1d","Direct","ThirdParty",
"Assets/Scenes/Tests/CameraDebugScene.unity","7c6132b2605a4e04a9f5773e1c1a1e69","Packages/com.unity.render-pipelines.universal/Runtime/UniversalAdditionalCameraData.cs","a79441f348de89743a2939f4d699eac1","Direct","ThirdParty",
"Assets/Scenes/Tests/CameraDebugScene.unity","7c6132b2605a4e04a9f5773e1c1a1e69","Packages/com.unity.render-pipelines.universal/Runtime/UniversalAdditionalLightData.cs","474bcb49853aa07438625e644c072ee6","Direct","ThirdParty",
"Assets/Scenes/Tests/CameraDebugScene.unity","7c6132b2605a4e04a9f5773e1c1a1e69","Packages/com.unity.render-pipelines.universal/Shaders/Lit.shader","933532a4fcc9baf4fa0491de14d08ed7","Direct","ThirdParty",
"Assets/Scenes/Tests/ClientFrameworkSmoke.unity","b60c2fa98e50f974eb453f3112f1a0c4","Assets/Art/Background/加载页面背景图.jpg","4311bbeaf94e7b84b9261f2a78aca129","Transitive","ClientPresentation",
"Assets/Scenes/Tests/ClientFrameworkSmoke.unity","b60c2fa98e50f974eb453f3112f1a0c4","Assets/Art/Background/选英雄界面背景图.jpg","6412ab6e53ff465479bc71e42b92f8db","Transitive","ClientPresentation",
"Assets/Scenes/Tests/ClientFrameworkSmoke.unity","b60c2fa98e50f974eb453f3112f1a0c4","Assets/Art/Icon/Ability/Aatrox/AatroxE.png","237800e8fddf3e54bb1bf43e3e96ff5b","Transitive","ClientPresentation",
"Assets/Scenes/Tests/ClientFrameworkSmoke.unity","b60c2fa98e50f974eb453f3112f1a0c4","Assets/Art/Icon/Ability/Aatrox/AatroxQ1.png","e894b675c21081c48870a9a7933c7439","Transitive","ClientPresentation",
"Assets/Scenes/Tests/ClientFrameworkSmoke.unity","b60c2fa98e50f974eb453f3112f1a0c4","Assets/Art/Icon/Ability/Aatrox/AatroxQ2.png","00e9e3466d875504dacc31d33410c22a","Transitive","ClientPresentation",
"Assets/Scenes/Tests/ClientFrameworkSmoke.unity","b60c2fa98e50f974eb453f3112f1a0c4","Assets/Art/Icon/Ability/Aatrox/AatroxQ3.png","6b760e2beac14724da8a55d9ff3ecd64","Transitive","ClientPresentation",
"Assets/Scenes/Tests/ClientFrameworkSmoke.unity","b60c2fa98e50f974eb453f3112f1a0c4","Assets/Art/Icon/Ability/Aatrox/AatroxR.png","530bdb7b178dc224e98d3a27461805f2","Transitive","ClientPresentation",
"Assets/Scenes/Tests/ClientFrameworkSmoke.unity","b60c2fa98e50f974eb453f3112f1a0c4","Assets/Art/Icon/Ability/Aatrox/AatroxW.png","804f3e1b015d3c445af822036f4058ba","Transitive","ClientPresentation",
"Assets/Scenes/Tests/ClientFrameworkSmoke.unity","b60c2fa98e50f974eb453f3112f1a0c4","Assets/Art/Icon/Ability/Aatrox/Aatrox_Passive.png","35a40a65df8df004eb47015ccda2a0c2","Transitive","ClientPresentation",
"Assets/Scenes/Tests/ClientFrameworkSmoke.unity","b60c2fa98e50f974eb453f3112f1a0c4","Assets/Art/Icon/Ability/Varus/韦鲁斯E.png","0d1ee503e046e064790a584b400c97e2","Transitive","ClientPresentation",
"Assets/Scenes/Tests/ClientFrameworkSmoke.unity","b60c2fa98e50f974eb453f3112f1a0c4","Assets/Art/Icon/Ability/Varus/韦鲁斯Q_未蓄力.png","6118bc6bfec0b614594d040f5541d5bd","Transitive","ClientPresentation",
"Assets/Scenes/Tests/ClientFrameworkSmoke.unity","b60c2fa98e50f974eb453f3112f1a0c4","Assets/Art/Icon/Ability/Varus/韦鲁斯Q_蓄力中.png","4fadc3515107f0e4e979a26aeaa8e7b7","Transitive","ClientPresentation",
"Assets/Scenes/Tests/ClientFrameworkSmoke.unity","b60c2fa98e50f974eb453f3112f1a0c4","Assets/Art/Icon/Ability/Varus/韦鲁斯R.png","780063d3e4c43d144951a3e1a5cd50f8","Transitive","ClientPresentation",
"Assets/Scenes/Tests/ClientFrameworkSmoke.unity","b60c2fa98e50f974eb453f3112f1a0c4","Assets/Art/Icon/Ability/Varus/韦鲁斯W_未激活.png","dbf61c3eedeecfa41adf5571348e67a1","Transitive","ClientPresentation",
"Assets/Scenes/Tests/ClientFrameworkSmoke.unity","b60c2fa98e50f974eb453f3112f1a0c4","Assets/Art/Icon/Ability/Varus/韦鲁斯W_激活中.png","b7596755b9731874abd6b653cbfdec07","Transitive","ClientPresentation",
"Assets/Scenes/Tests/ClientFrameworkSmoke.unity","b60c2fa98e50f974eb453f3112f1a0c4","Assets/Art/Icon/Ability/Varus/韦鲁斯被动.png","f6b922f5d10cb3741a50fbfd1dc7bddf","Transitive","ClientPresentation",
"Assets/Scenes/Tests/ClientFrameworkSmoke.unity","b60c2fa98e50f974eb453f3112f1a0c4","Assets/Art/Icon/Buff/Line.png","949653ffb178cfc47922f9ad258f4817","Transitive","ClientPresentation",
"Assets/Scenes/Tests/ClientFrameworkSmoke.unity","b60c2fa98e50f974eb453f3112f1a0c4","Assets/Art/Icon/Hero/Aatrox.png","05cc6a8fbb52ed246b0f3b4720325ef1","Transitive","ClientPresentation",
"Assets/Scenes/Tests/ClientFrameworkSmoke.unity","b60c2fa98e50f974eb453f3112f1a0c4","Assets/Art/Icon/Hero/Varus.jpg","b54876e9c470b774fa7adc1a21c34d1e","Transitive","ClientPresentation",
"Assets/Scenes/Tests/ClientFrameworkSmoke.unity","b60c2fa98e50f974eb453f3112f1a0c4","Assets/Art/Icon/UI/全能吸血.png","6a9efdc0adf23c0498fc8c2ee1138b0d","Transitive","ClientPresentation",
"Assets/Scenes/Tests/ClientFrameworkSmoke.unity","b60c2fa98e50f974eb453f3112f1a0c4","Assets/Art/Icon/UI/固定法术穿透和百分比法术穿透.png","14e7c326c9c01de4c82a6a1f7f6bd5ad","Transitive","ClientPresentation",
"Assets/Scenes/Tests/ClientFrameworkSmoke.unity","b60c2fa98e50f974eb453f3112f1a0c4","Assets/Art/Icon/UI/固定物理穿透和百分比物理穿透.png","46e35f47ae934ea4587ba6502f55c460","Transitive","ClientPresentation",
"Assets/Scenes/Tests/ClientFrameworkSmoke.unity","b60c2fa98e50f974eb453f3112f1a0c4","Assets/Art/Icon/UI/失败图标.png","2ef5e00e9782d084d8810c3aa00cf025","Transitive","ClientPresentation",
"Assets/Scenes/Tests/ClientFrameworkSmoke.unity","b60c2fa98e50f974eb453f3112f1a0c4","Assets/Art/Icon/UI/技能升级图标.jpg","5865398bb8a097446b6206f760b9dc07","Transitive","ClientPresentation",
"Assets/Scenes/Tests/ClientFrameworkSmoke.unity","b60c2fa98e50f974eb453f3112f1a0c4","Assets/Art/Icon/UI/技能急速图标.jpg","c6d3034b17922d24abdf23161caf3e24","Transitive","ClientPresentation",
"Assets/Scenes/Tests/ClientFrameworkSmoke.unity","b60c2fa98e50f974eb453f3112f1a0c4","Assets/Art/Icon/UI/攻击力图标.jpg","527f2c84fd456354e9210993b2c12bf6","Transitive","ClientPresentation",
"Assets/Scenes/Tests/ClientFrameworkSmoke.unity","b60c2fa98e50f974eb453f3112f1a0c4","Assets/Art/Icon/UI/攻击距离.png","057fbaa7e8bfa64488f761f83357d368","Transitive","ClientPresentation",
"Assets/Scenes/Tests/ClientFrameworkSmoke.unity","b60c2fa98e50f974eb453f3112f1a0c4","Assets/Art/Icon/UI/攻速图标.jpg","b0be904057004404186a885b687398c8","Transitive","ClientPresentation",
"Assets/Scenes/Tests/ClientFrameworkSmoke.unity","b60c2fa98e50f974eb453f3112f1a0c4","Assets/Art/Icon/UI/暴击率图标.jpg","56e01705cbfa9fe449b4130a2b4f25d2","Transitive","ClientPresentation",
"Assets/Scenes/Tests/ClientFrameworkSmoke.unity","b60c2fa98e50f974eb453f3112f1a0c4","Assets/Art/Icon/UI/治疗与护盾强度.png","b8b5218ffb7747346b01f009fa4477ad","Transitive","ClientPresentation",
"Assets/Scenes/Tests/ClientFrameworkSmoke.unity","b60c2fa98e50f974eb453f3112f1a0c4","Assets/Art/Icon/UI/法强图标.jpg","d097ae3c74b6fd846881459eb176a5b6","Transitive","ClientPresentation",
"Assets/Scenes/Tests/ClientFrameworkSmoke.unity","b60c2fa98e50f974eb453f3112f1a0c4","Assets/Art/Icon/UI/法防图标.jpg","795fd4fb656f1014ea9f255d7b243822","Transitive","ClientPresentation",
"Assets/Scenes/Tests/ClientFrameworkSmoke.unity","b60c2fa98e50f974eb453f3112f1a0c4","Assets/Art/Icon/UI/物防图标.jpg","d7f27d808d003e343ad59a08fdd5cef1","Transitive","ClientPresentation",
"Assets/Scenes/Tests/ClientFrameworkSmoke.unity","b60c2fa98e50f974eb453f3112f1a0c4","Assets/Art/Icon/UI/生命值和施法资源的自然回复.png","e0c16ec4de9fdd94b98414b9cada3451","Transitive","ClientPresentation",
"Assets/Scenes/Tests/ClientFrameworkSmoke.unity","b60c2fa98e50f974eb453f3112f1a0c4","Assets/Art/Icon/UI/生命窃取.png","089152850703a344a8957a5c818f907e","Transitive","ClientPresentation",
"Assets/Scenes/Tests/ClientFrameworkSmoke.unity","b60c2fa98e50f974eb453f3112f1a0c4","Assets/Art/Icon/UI/移速图标.jpg","07e1bdd060eb3f34eac9010901a5c991","Transitive","ClientPresentation",
"Assets/Scenes/Tests/ClientFrameworkSmoke.unity","b60c2fa98e50f974eb453f3112f1a0c4","Assets/Art/Icon/UI/空槽位.png","0bf253963fd01f64785838cc35423a5c","Transitive","ClientPresentation",
"Assets/Scenes/Tests/ClientFrameworkSmoke.unity","b60c2fa98e50f974eb453f3112f1a0c4","Assets/Art/Icon/UI/胜利图标.png","b6403d0fd42a7a94483b2f09042b10cb","Transitive","ClientPresentation",
"Assets/Scenes/Tests/ClientFrameworkSmoke.unity","b60c2fa98e50f974eb453f3112f1a0c4","Assets/Art/Icon/UI/补刀数图标.png","3dab0bc5f1aa9ea4084233a5ebd8d334","Transitive","ClientPresentation",
"Assets/Scenes/Tests/ClientFrameworkSmoke.unity","b60c2fa98e50f974eb453f3112f1a0c4","Assets/Art/Icon/UI/韧性.png","607c079e98ee7b74e82740bdaab04a6e","Transitive","ClientPresentation",
"Assets/Scenes/Tests/ClientFrameworkSmoke.unity","b60c2fa98e50f974eb453f3112f1a0c4","Assets/Art/Img/剑魔Q1特效.png","6639585702dbaa74f854854c9b44fec5","Transitive","ClientPresentation",
"Assets/Scenes/Tests/ClientFrameworkSmoke.unity","b60c2fa98e50f974eb453f3112f1a0c4","Assets/Art/Img/剑魔Q2特效.png","1d8b1aceb7498f648a82afd1cc27343e","Transitive","ClientPresentation",
"Assets/Scenes/Tests/ClientFrameworkSmoke.unity","b60c2fa98e50f974eb453f3112f1a0c4","Assets/Art/Img/剑魔Q3特效.png","27f4cf630739603478c09255ee54bbf7","Transitive","ClientPresentation",
"Assets/Scenes/Tests/ClientFrameworkSmoke.unity","b60c2fa98e50f974eb453f3112f1a0c4","Assets/Art/Img/韦鲁斯E污染地面贴图.png","8fe40a9a092a27d47aab50fba5763bef","Transitive","ClientPresentation",
"Assets/Scenes/Tests/ClientFrameworkSmoke.unity","b60c2fa98e50f974eb453f3112f1a0c4","Assets/Art/Model/惩戒之箭.glb","8f40f99fab8436a49b4e59ff72e4a06c","Transitive","ClientPresentation",
"Assets/Scenes/Tests/ClientFrameworkSmoke.unity","b60c2fa98e50f974eb453f3112f1a0c4","Assets/Art/Model/暗裔剑魔.glb","685c437926c856740894fdf207975bb1","Transitive","ClientPresentation",
"Assets/Scenes/Tests/ClientFrameworkSmoke.unity","b60c2fa98e50f974eb453f3112f1a0c4","Assets/Art/Model/红方近战小兵.glb","c890ea416b8790e408fe2b525edec67f","Transitive","ClientPresentation",
"Assets/Scenes/Tests/ClientFrameworkSmoke.unity","b60c2fa98e50f974eb453f3112f1a0c4","Assets/Art/Model/红方远程小兵.glb","ddbb9a9fe8ffc8e43a83662e68f48609","Transitive","ClientPresentation",
"Assets/Scenes/Tests/ClientFrameworkSmoke.unity","b60c2fa98e50f974eb453f3112f1a0c4","Assets/Art/Model/红方防御塔.glb","804b36482ac2a7445b4ba95e89e1699c","Transitive","ClientPresentation",
"Assets/Scenes/Tests/ClientFrameworkSmoke.unity","b60c2fa98e50f974eb453f3112f1a0c4","Assets/Art/Model/蓝方近战小兵.glb","992d5acb9b350e749baa94ae4267cecb","Transitive","ClientPresentation",
"Assets/Scenes/Tests/ClientFrameworkSmoke.unity","b60c2fa98e50f974eb453f3112f1a0c4","Assets/Art/Model/蓝方远程小兵.glb","065c37ae71d0926459365abaef2cd1a4","Transitive","ClientPresentation",
"Assets/Scenes/Tests/ClientFrameworkSmoke.unity","b60c2fa98e50f974eb453f3112f1a0c4","Assets/Art/Model/蓝方防御塔.glb","5c2dda9b8c528924ca647ec45754439c","Transitive","ClientPresentation",
"Assets/Scenes/Tests/ClientFrameworkSmoke.unity","b60c2fa98e50f974eb453f3112f1a0c4","Assets/Art/Model/韦鲁斯_Q投掷物.glb","e0b83d01f6e7a5d42b78738662005672","Transitive","ClientPresentation",
"Assets/Scenes/Tests/ClientFrameworkSmoke.unity","b60c2fa98e50f974eb453f3112f1a0c4","Assets/Art/Model/韦鲁斯_R投掷物.glb","3776dc52365ba9c488f0be67dd419620","Transitive","ClientPresentation",
"Assets/Scenes/Tests/ClientFrameworkSmoke.unity","b60c2fa98e50f974eb453f3112f1a0c4","Assets/Art/Model/韦鲁斯_攻击投掷物.glb","c045de92664f45c45bb57374a5965859","Transitive","ClientPresentation",
"Assets/Scenes/Tests/ClientFrameworkSmoke.unity","b60c2fa98e50f974eb453f3112f1a0c4","Assets/Art/Texture/Texturelabs_Soil_143L.jpg","0452dc9ca521f63459497b9d0fa959fc","Transitive","ClientPresentation",
"Assets/Scenes/Tests/ClientFrameworkSmoke.unity","b60c2fa98e50f974eb453f3112f1a0c4","Assets/Art/Texture/Texturelabs_Stone_166M.jpg","e99a2146f01934841a60045e137ebb71","Transitive","ClientPresentation",
"Assets/Scenes/Tests/ClientFrameworkSmoke.unity","b60c2fa98e50f974eb453f3112f1a0c4","Assets/Config/Formal/Abilities/Aatrox/AatroxAbilityLoadout.asset","8fbc76321103fb247bd648e41ad357f7","Transitive","SharedConfig",
"Assets/Scenes/Tests/ClientFrameworkSmoke.unity","b60c2fa98e50f974eb453f3112f1a0c4","Assets/Config/Formal/Abilities/Aatrox/AatroxQ.asset","068666dd3d20a5f489558bcc4a192c7e","Transitive","SharedConfig",
"Assets/Scenes/Tests/ClientFrameworkSmoke.unity","b60c2fa98e50f974eb453f3112f1a0c4","Assets/Config/Formal/Abilities/VarusAbilityLoadout.asset","71946883abc6c8a47bdcc5c3a61b356c","Transitive","SharedConfig",
"Assets/Scenes/Tests/ClientFrameworkSmoke.unity","b60c2fa98e50f974eb453f3112f1a0c4","Assets/Config/Formal/Abilities/VarusAbilityRuntimeCatalog.asset","e09025f013ae7a8449335c6356fee5fb","Direct","SharedConfig",
"Assets/Scenes/Tests/ClientFrameworkSmoke.unity","b60c2fa98e50f974eb453f3112f1a0c4","Assets/Config/Formal/Abilities/VarusE.asset","83ba0131923d35144bae77d6654b9c35","Transitive","SharedConfig",
"Assets/Scenes/Tests/ClientFrameworkSmoke.unity","b60c2fa98e50f974eb453f3112f1a0c4","Assets/Config/Formal/Abilities/VarusFixedPassive.asset","91eaffc7874ccd141add968c10da300a","Transitive","SharedConfig",
"Assets/Scenes/Tests/ClientFrameworkSmoke.unity","b60c2fa98e50f974eb453f3112f1a0c4","Assets/Config/Formal/Abilities/VarusQ.asset","1d39b6fcb4a6c3a4d93f531a7d71e0df","Transitive","SharedConfig",
"Assets/Scenes/Tests/ClientFrameworkSmoke.unity","b60c2fa98e50f974eb453f3112f1a0c4","Assets/Config/Formal/Abilities/VarusR.asset","b4215bedc8e28eb418a072e305076585","Transitive","SharedConfig",
"Assets/Scenes/Tests/ClientFrameworkSmoke.unity","b60c2fa98e50f974eb453f3112f1a0c4","Assets/Config/Formal/Abilities/VarusW.asset","cebff4eed8f123e489b437871eeb891a","Transitive","SharedConfig",
"Assets/Scenes/Tests/ClientFrameworkSmoke.unity","b60c2fa98e50f974eb453f3112f1a0c4","Assets/Config/Formal/Animation/AatroxAnimationProfile.asset","eaec47e1763f63a45809fd1c3d29ca8e","Transitive","SharedConfig",
"Assets/Scenes/Tests/ClientFrameworkSmoke.unity","b60c2fa98e50f974eb453f3112f1a0c4","Assets/Config/Formal/Animation/CasterBlue.controller","793b6c33ccfc57a46be4ac1600b67f32","Transitive","ClientPresentation",
"Assets/Scenes/Tests/ClientFrameworkSmoke.unity","b60c2fa98e50f974eb453f3112f1a0c4","Assets/Config/Formal/Animation/CasterRed.controller","9e720db7282df5a4c9f4a58d73fb6e96","Transitive","ClientPresentation",
"Assets/Scenes/Tests/ClientFrameworkSmoke.unity","b60c2fa98e50f974eb453f3112f1a0c4","Assets/Config/Formal/Animation/MeleeBlue.controller","625352f2e73df0c4982f6a5367c1d5c6","Transitive","ClientPresentation",
"Assets/Scenes/Tests/ClientFrameworkSmoke.unity","b60c2fa98e50f974eb453f3112f1a0c4","Assets/Config/Formal/Animation/MeleeRed.controller","1e22e6272edcbb94a8f92628a64f566a","Transitive","ClientPresentation",
"Assets/Scenes/Tests/ClientFrameworkSmoke.unity","b60c2fa98e50f974eb453f3112f1a0c4","Assets/Config/Formal/Animation/TestUnitAnimationProfile.asset","3592d1e3449411743befb9d5763bcfe9","Transitive","SharedConfig",
"Assets/Scenes/Tests/ClientFrameworkSmoke.unity","b60c2fa98e50f974eb453f3112f1a0c4","Assets/Config/Formal/Animation/Varus.controller","44660058be562344494669a80981d4b3","Transitive","ClientPresentation",
"Assets/Scenes/Tests/ClientFrameworkSmoke.unity","b60c2fa98e50f974eb453f3112f1a0c4","Assets/Config/Formal/FullMatchDeterministicMapConfig.asset","f1c4e69f4a5028647b5c47fb0408da9f","Direct","SharedConfig",
"Assets/Scenes/Tests/ClientFrameworkSmoke.unity","b60c2fa98e50f974eb453f3112f1a0c4","Assets/Config/Formal/FullMatchProjectileRuntimeCatalog.asset","e548718fd0a6b7d4b87db7539574720f","Direct","SharedConfig",
"Assets/Scenes/Tests/ClientFrameworkSmoke.unity","b60c2fa98e50f974eb453f3112f1a0c4","Assets/Config/Formal/FullMatchUnitDisposePolicyTable.asset","a94aa9b65aa66d9438c9752a791476bd","Transitive","SharedConfig",
"Assets/Scenes/Tests/ClientFrameworkSmoke.unity","b60c2fa98e50f974eb453f3112f1a0c4","Assets/Config/Formal/FullMatchUnitRuntimeCatalog.asset","cf6a213803fa81b4cb7ac2699f40045b","Direct","SharedConfig",
"Assets/Scenes/Tests/ClientFrameworkSmoke.unity","b60c2fa98e50f974eb453f3112f1a0c4","Assets/Config/Formal/GlobalGameplayData.asset","8b0cdcd39dbb2964baebdd8475f1e60e","Direct","SharedConfig",
"Assets/Scenes/Tests/ClientFrameworkSmoke.unity","b60c2fa98e50f974eb453f3112f1a0c4","Assets/Config/Formal/GlobalPrefabTable.asset","0afb3a04101933e4db188d9d13aa30ea","Transitive","SharedConfig",
"Assets/Scenes/Tests/ClientFrameworkSmoke.unity","b60c2fa98e50f974eb453f3112f1a0c4","Assets/Config/Formal/HeroDisplayTable.asset","c5958d1073b594545aa68c722dd4feb1","Transitive","SharedConfig",
"Assets/Scenes/Tests/ClientFrameworkSmoke.unity","b60c2fa98e50f974eb453f3112f1a0c4","Assets/Config/Formal/UnitOutlineRim.mat","864a3b4ca3d42f44484fae1ef521e889","Transitive","ClientPresentation",
"Assets/Scenes/Tests/ClientFrameworkSmoke.unity","b60c2fa98e50f974eb453f3112f1a0c4","Assets/Input/PlayerInputActions.inputactions","d6e31e9846ced6441a31f8048ed616b1","Direct","Unclassified",
"Assets/Scenes/Tests/ClientFrameworkSmoke.unity","b60c2fa98e50f974eb453f3112f1a0c4","Assets/Resources/Animation/Aatrox/AatroxAnimator.controller","d090724705de58f42bfa939f13959d54","Transitive","ClientPresentation",
"Assets/Scenes/Tests/ClientFrameworkSmoke.unity","b60c2fa98e50f974eb453f3112f1a0c4","Assets/Resources/Animation/Aatrox/AatroxAttack1.anim","12e8ff2fc426e7349bbe8b01bcd623fa","Transitive","ClientPresentation",
"Assets/Scenes/Tests/ClientFrameworkSmoke.unity","b60c2fa98e50f974eb453f3112f1a0c4","Assets/Resources/Animation/Aatrox/AatroxAttack1_ULT.anim","50fe63f7d202f934091bf07b5585b558","Transitive","ClientPresentation",
"Assets/Scenes/Tests/ClientFrameworkSmoke.unity","b60c2fa98e50f974eb453f3112f1a0c4","Assets/Resources/Animation/Aatrox/AatroxAttack2.anim","8f774a9762de4fc4688a4b4aa3a8dba0","Transitive","ClientPresentation",
"Assets/Scenes/Tests/ClientFrameworkSmoke.unity","b60c2fa98e50f974eb453f3112f1a0c4","Assets/Resources/Animation/Aatrox/AatroxAttack2_ULT.anim","e1d18de90d26ce44f8088bedab4fcff2","Transitive","ClientPresentation",
"Assets/Scenes/Tests/ClientFrameworkSmoke.unity","b60c2fa98e50f974eb453f3112f1a0c4","Assets/Resources/Animation/Aatrox/AatroxAttack_Passive.anim","2f849e9442d822f47a3870574c4a6f04","Transitive","ClientPresentation",
"Assets/Scenes/Tests/ClientFrameworkSmoke.unity","b60c2fa98e50f974eb453f3112f1a0c4","Assets/Resources/Animation/Aatrox/AatroxAttack_Passive_ULT.anim","cb8af5fafd460494bb531c784d655771","Transitive","ClientPresentation",
"Assets/Scenes/Tests/ClientFrameworkSmoke.unity","b60c2fa98e50f974eb453f3112f1a0c4","Assets/Resources/Animation/Aatrox/AatroxDash.anim","62c340cc1d351fd448767528cd7b18aa","Transitive","ClientPresentation",
"Assets/Scenes/Tests/ClientFrameworkSmoke.unity","b60c2fa98e50f974eb453f3112f1a0c4","Assets/Resources/Animation/Aatrox/AatroxDash_Passive.anim","e77537776c85e054a9d8b5d82ba02afd","Transitive","ClientPresentation",
"Assets/Scenes/Tests/ClientFrameworkSmoke.unity","b60c2fa98e50f974eb453f3112f1a0c4","Assets/Resources/Animation/Aatrox/AatroxDash_ULT.anim","00254f01ef82f4944b2f557e85a4bcd9","Transitive","ClientPresentation",
"Assets/Scenes/Tests/ClientFrameworkSmoke.unity","b60c2fa98e50f974eb453f3112f1a0c4","Assets/Resources/Animation/Aatrox/AatroxDeath.anim","41acb76393344ac4a89b13a8fe2de2ae","Transitive","ClientPresentation",
"Assets/Scenes/Tests/ClientFrameworkSmoke.unity","b60c2fa98e50f974eb453f3112f1a0c4","Assets/Resources/Animation/Aatrox/AatroxIdle.anim","f9323091a2488f34799ca56e363d19a1","Transitive","ClientPresentation",
"Assets/Scenes/Tests/ClientFrameworkSmoke.unity","b60c2fa98e50f974eb453f3112f1a0c4","Assets/Resources/Animation/Aatrox/AatroxIdle_Passive.anim","c5885abca03bcb046939b45b012f6cc3","Transitive","ClientPresentation",
"Assets/Scenes/Tests/ClientFrameworkSmoke.unity","b60c2fa98e50f974eb453f3112f1a0c4","Assets/Resources/Animation/Aatrox/AatroxIdle_ULT.anim","7f8156845366f334b9e11e5f019de16b","Transitive","ClientPresentation",
"Assets/Scenes/Tests/ClientFrameworkSmoke.unity","b60c2fa98e50f974eb453f3112f1a0c4","Assets/Resources/Animation/Aatrox/AatroxQ1.anim","b158f602146c5c343b09ea6a99ad1a0b","Transitive","ClientPresentation",
"Assets/Scenes/Tests/ClientFrameworkSmoke.unity","b60c2fa98e50f974eb453f3112f1a0c4","Assets/Resources/Animation/Aatrox/AatroxQ1_ULT.anim","9436315b9f0aab44eb88add8256eacea","Transitive","ClientPresentation",
"Assets/Scenes/Tests/ClientFrameworkSmoke.unity","b60c2fa98e50f974eb453f3112f1a0c4","Assets/Resources/Animation/Aatrox/AatroxQ2.anim","9dd0d0d373c5998438bbf729f578ffeb","Transitive","ClientPresentation",
"Assets/Scenes/Tests/ClientFrameworkSmoke.unity","b60c2fa98e50f974eb453f3112f1a0c4","Assets/Resources/Animation/Aatrox/AatroxQ2_ULT.anim","0f3454a5803ba43438dc565f38c1ae2b","Transitive","ClientPresentation",
"Assets/Scenes/Tests/ClientFrameworkSmoke.unity","b60c2fa98e50f974eb453f3112f1a0c4","Assets/Resources/Animation/Aatrox/AatroxQ3.anim","e23aedc8a42711644b6152f30efd7145","Transitive","ClientPresentation",
"Assets/Scenes/Tests/ClientFrameworkSmoke.unity","b60c2fa98e50f974eb453f3112f1a0c4","Assets/Resources/Animation/Aatrox/AatroxQ3_ULT.anim","0f4a407080caf764289170dca5b7e07e","Transitive","ClientPresentation",
"Assets/Scenes/Tests/ClientFrameworkSmoke.unity","b60c2fa98e50f974eb453f3112f1a0c4","Assets/Resources/Animation/Aatrox/AatroxSpellR.anim","d854f4c196f0acd46b56d5e28d614568","Transitive","ClientPresentation",
"Assets/Scenes/Tests/ClientFrameworkSmoke.unity","b60c2fa98e50f974eb453f3112f1a0c4","Assets/Resources/Animation/Aatrox/AatroxSpellW.anim","0cece2fc29ce15848b3f8179dff77dd2","Transitive","ClientPresentation",
"Assets/Scenes/Tests/ClientFrameworkSmoke.unity","b60c2fa98e50f974eb453f3112f1a0c4","Assets/Resources/Animation/Aatrox/AatroxSpellW_ULT.anim","3255706c8bc0cbb49b66da53ce53b4be","Transitive","ClientPresentation",
"Assets/Scenes/Tests/ClientFrameworkSmoke.unity","b60c2fa98e50f974eb453f3112f1a0c4","Assets/Resources/Animation/Aatrox/AatroxULTOut.anim","084921aef66c5414f9e631cdcc704f86","Transitive","ClientPresentation",
"Assets/Scenes/Tests/ClientFrameworkSmoke.unity","b60c2fa98e50f974eb453f3112f1a0c4","Assets/Resources/Animation/Aatrox/AatroxWalk.anim","8f6f603150ba43f428a896ae1d76c40e","Transitive","ClientPresentation",
"Assets/Scenes/Tests/ClientFrameworkSmoke.unity","b60c2fa98e50f974eb453f3112f1a0c4","Assets/Resources/Animation/Aatrox/AatroxWalk_Passive.anim","fb0fba21833fd2e428bd8287764bc5af","Transitive","ClientPresentation",
"Assets/Scenes/Tests/ClientFrameworkSmoke.unity","b60c2fa98e50f974eb453f3112f1a0c4","Assets/Resources/Animation/Aatrox/AatroxWalk_ULT.anim","b56520861af749c48ac057f92a1c2b5e","Transitive","ClientPresentation",
"Assets/Scenes/Tests/ClientFrameworkSmoke.unity","b60c2fa98e50f974eb453f3112f1a0c4","Assets/Resources/Animation/Minion/Blue/CasterMinion_Attack.anim","c3935cbe8b1fe8e4fbe3f6c4b1a6e0d4","Transitive","ClientPresentation",
"Assets/Scenes/Tests/ClientFrameworkSmoke.unity","b60c2fa98e50f974eb453f3112f1a0c4","Assets/Resources/Animation/Minion/Blue/CasterMinion_Death.anim","2fb47ec91b9d29a4c884fc942847e266","Transitive","ClientPresentation",
"Assets/Scenes/Tests/ClientFrameworkSmoke.unity","b60c2fa98e50f974eb453f3112f1a0c4","Assets/Resources/Animation/Minion/Blue/CasterMinion_Idle.anim","f2693f32fca6fed4494c5fe1d7c73140","Transitive","ClientPresentation",
"Assets/Scenes/Tests/ClientFrameworkSmoke.unity","b60c2fa98e50f974eb453f3112f1a0c4","Assets/Resources/Animation/Minion/Blue/CasterMinion_Walk.anim","03af889a600a66947869e83181c5643f","Transitive","ClientPresentation",
"Assets/Scenes/Tests/ClientFrameworkSmoke.unity","b60c2fa98e50f974eb453f3112f1a0c4","Assets/Resources/Animation/Minion/Blue/MeleeMinion_Attack.anim","220dd8ba7c6b7e646b4b1946c3d52ef8","Transitive","ClientPresentation",
"Assets/Scenes/Tests/ClientFrameworkSmoke.unity","b60c2fa98e50f974eb453f3112f1a0c4","Assets/Resources/Animation/Minion/Blue/MeleeMinion_Death.anim","62db727fa22d87a429e57c1e313cc344","Transitive","ClientPresentation",
"Assets/Scenes/Tests/ClientFrameworkSmoke.unity","b60c2fa98e50f974eb453f3112f1a0c4","Assets/Resources/Animation/Minion/Blue/MeleeMinion_Idle.anim","a3ad0c6a5ae3fd44ab340554970e0541","Transitive","ClientPresentation",
"Assets/Scenes/Tests/ClientFrameworkSmoke.unity","b60c2fa98e50f974eb453f3112f1a0c4","Assets/Resources/Animation/Minion/Blue/MeleeMinion_Walk.anim","a3b04fd15585d31409197d63cca03ebd","Transitive","ClientPresentation",
"Assets/Scenes/Tests/ClientFrameworkSmoke.unity","b60c2fa98e50f974eb453f3112f1a0c4","Assets/Resources/Animation/Minion/Red/CasterMinion_Attack.anim","70ca89583698d3d44901555f595528d1","Transitive","ClientPresentation",
"Assets/Scenes/Tests/ClientFrameworkSmoke.unity","b60c2fa98e50f974eb453f3112f1a0c4","Assets/Resources/Animation/Minion/Red/CasterMinion_Death.anim","2b85ea4cf35a5834f9a36a4596e813df","Transitive","ClientPresentation",
"Assets/Scenes/Tests/ClientFrameworkSmoke.unity","b60c2fa98e50f974eb453f3112f1a0c4","Assets/Resources/Animation/Minion/Red/CasterMinion_Idle.anim","51d8c0867d1ea8b4aaf146310afd9f02","Transitive","ClientPresentation",
"Assets/Scenes/Tests/ClientFrameworkSmoke.unity","b60c2fa98e50f974eb453f3112f1a0c4","Assets/Resources/Animation/Minion/Red/CasterMinion_Walk.anim","be899e3fb2a2dd341849032392f2957b","Transitive","ClientPresentation",
"Assets/Scenes/Tests/ClientFrameworkSmoke.unity","b60c2fa98e50f974eb453f3112f1a0c4","Assets/Resources/Animation/Minion/Red/MeleeMinion_Attack.anim","eb76ad0103f3efe4a8c7f104b18ba3b7","Transitive","ClientPresentation",
"Assets/Scenes/Tests/ClientFrameworkSmoke.unity","b60c2fa98e50f974eb453f3112f1a0c4","Assets/Resources/Animation/Minion/Red/MeleeMinion_Death.anim","667dcc2faad23a74a9a5f72f53e0ac1d","Transitive","ClientPresentation",
"Assets/Scenes/Tests/ClientFrameworkSmoke.unity","b60c2fa98e50f974eb453f3112f1a0c4","Assets/Resources/Animation/Minion/Red/MeleeMinion_Idle.anim","abc3ff4c728c48549a0cfb041d28afe1","Transitive","ClientPresentation",
"Assets/Scenes/Tests/ClientFrameworkSmoke.unity","b60c2fa98e50f974eb453f3112f1a0c4","Assets/Resources/Animation/Minion/Red/MeleeMinion_Walk.anim","a305521f5a779cb4ea289e5582eb2e2a","Transitive","ClientPresentation",
"Assets/Scenes/Tests/ClientFrameworkSmoke.unity","b60c2fa98e50f974eb453f3112f1a0c4","Assets/Resources/Animation/Turret/TurretBlue.controller","4c8eb35614430c040b29c9b33a5e1d5c","Transitive","ClientPresentation",
"Assets/Scenes/Tests/ClientFrameworkSmoke.unity","b60c2fa98e50f974eb453f3112f1a0c4","Assets/Resources/Animation/Turret/TurretBlueAnimationProfile.asset","0704006b28978b24d89ddc8d722b798e","Transitive","ClientPresentation",
"Assets/Scenes/Tests/ClientFrameworkSmoke.unity","b60c2fa98e50f974eb453f3112f1a0c4","Assets/Resources/Animation/Turret/TurretDestory_Blue.anim","107a79369ffc0914095510fb87ba6781","Transitive","ClientPresentation",
"Assets/Scenes/Tests/ClientFrameworkSmoke.unity","b60c2fa98e50f974eb453f3112f1a0c4","Assets/Resources/Animation/Turret/TurretDestory_Red.anim","5ebdcaeb4f0327541afe5e4a5ffe3438","Transitive","ClientPresentation",
"Assets/Scenes/Tests/ClientFrameworkSmoke.unity","b60c2fa98e50f974eb453f3112f1a0c4","Assets/Resources/Animation/Turret/TurretIdel_Red.anim","aa2b48c3faf9e5748a0a4be7c03c2197","Transitive","ClientPresentation",
"Assets/Scenes/Tests/ClientFrameworkSmoke.unity","b60c2fa98e50f974eb453f3112f1a0c4","Assets/Resources/Animation/Turret/TurretIdle_Blue.anim","88f8fb5f070c65f47acfe5dbe2f93031","Transitive","ClientPresentation",
"Assets/Scenes/Tests/ClientFrameworkSmoke.unity","b60c2fa98e50f974eb453f3112f1a0c4","Assets/Resources/Animation/Turret/TurretRed.controller","5593f884ef5e12a4baf9dfd3ccb04977","Transitive","ClientPresentation",
"Assets/Scenes/Tests/ClientFrameworkSmoke.unity","b60c2fa98e50f974eb453f3112f1a0c4","Assets/Resources/Animation/Turret/TurretRedAnimationProfile.asset","3168336f57ba06b4d8d9641835c44ef6","Transitive","ClientPresentation",
"Assets/Scenes/Tests/ClientFrameworkSmoke.unity","b60c2fa98e50f974eb453f3112f1a0c4","Assets/Resources/Animation/Varus/VarusAttack1.anim","0cf85d26f59eb7746bdb4a51a69a0f50","Transitive","ClientPresentation",
"Assets/Scenes/Tests/ClientFrameworkSmoke.unity","b60c2fa98e50f974eb453f3112f1a0c4","Assets/Resources/Animation/Varus/VarusAttack2.anim","23935cc971facab4480e1da8e5edbd92","Transitive","ClientPresentation",
"Assets/Scenes/Tests/ClientFrameworkSmoke.unity","b60c2fa98e50f974eb453f3112f1a0c4","Assets/Resources/Animation/Varus/VarusDeath.anim","91911fca58c97c249bc80badbe09f4a5","Transitive","ClientPresentation",
"Assets/Scenes/Tests/ClientFrameworkSmoke.unity","b60c2fa98e50f974eb453f3112f1a0c4","Assets/Resources/Animation/Varus/VarusIdle.anim","276c23e01035d5e4ea228102f7966744","Transitive","ClientPresentation",
"Assets/Scenes/Tests/ClientFrameworkSmoke.unity","b60c2fa98e50f974eb453f3112f1a0c4","Assets/Resources/Animation/Varus/VarusSpellE.anim","04a1600959a5a814d9dc7ffcf689abd9","Transitive","ClientPresentation",
"Assets/Scenes/Tests/ClientFrameworkSmoke.unity","b60c2fa98e50f974eb453f3112f1a0c4","Assets/Resources/Animation/Varus/VarusSpellQChanneling_Walk.anim","5f316e4f42754a54c91a85a08f1c2109","Transitive","ClientPresentation",
"Assets/Scenes/Tests/ClientFrameworkSmoke.unity","b60c2fa98e50f974eb453f3112f1a0c4","Assets/Resources/Animation/Varus/VarusSpellQ_ChannelingIdle.anim","0be8f0f20ceb7154683d8e7153807b32","Transitive","ClientPresentation",
"Assets/Scenes/Tests/ClientFrameworkSmoke.unity","b60c2fa98e50f974eb453f3112f1a0c4","Assets/Resources/Animation/Varus/VarusSpellQ_Fire.anim","59c9f8e0dcb3b8f4da24bd657198556e","Transitive","ClientPresentation",
"Assets/Scenes/Tests/ClientFrameworkSmoke.unity","b60c2fa98e50f974eb453f3112f1a0c4","Assets/Resources/Animation/Varus/VarusSpellR.anim","67ff9cd0d01dd0b47a0255bc14ee0ca1","Transitive","ClientPresentation",
"Assets/Scenes/Tests/ClientFrameworkSmoke.unity","b60c2fa98e50f974eb453f3112f1a0c4","Assets/Resources/Animation/Varus/VarusWalk.anim","53277acafa583bd42903fd3e03109128","Transitive","ClientPresentation",
"Assets/Scenes/Tests/ClientFrameworkSmoke.unity","b60c2fa98e50f974eb453f3112f1a0c4","Assets/Resources/Data/NetworkPrefabsList.asset","bf1aab27ed3866a41b0faf52a6725c38","Direct","Unclassified",
"Assets/Scenes/Tests/ClientFrameworkSmoke.unity","b60c2fa98e50f974eb453f3112f1a0c4","Assets/Resources/Material/亚托克斯通用材质.mat","3d347c0be0047484681175b0a46733ce","Transitive","ClientPresentation",
"Assets/Scenes/Tests/ClientFrameworkSmoke.unity","b60c2fa98e50f974eb453f3112f1a0c4","Assets/Resources/Material/地图基底材质.mat","ddf9d72465e9b634ca27a3e82688ed28","Direct","ClientPresentation",
"Assets/Scenes/Tests/ClientFrameworkSmoke.unity","b60c2fa98e50f974eb453f3112f1a0c4","Assets/Resources/Material/地图障碍物材质.mat","2f188c1eb9ddcac4e86f383e0e18edb4","Direct","ClientPresentation",
"Assets/Scenes/Tests/ClientFrameworkSmoke.unity","b60c2fa98e50f974eb453f3112f1a0c4","Assets/Resources/Material/红方远程小兵攻击投掷物.mat","66bd48b9f6739194a9e60f4aaac60ff9","Transitive","ClientPresentation",
"Assets/Scenes/Tests/ClientFrameworkSmoke.unity","b60c2fa98e50f974eb453f3112f1a0c4","Assets/Resources/Material/蓝方远程小兵攻击投掷物.mat","6881a8644760fcb47a6e5dbc6ddd218d","Transitive","ClientPresentation",
"Assets/Scenes/Tests/ClientFrameworkSmoke.unity","b60c2fa98e50f974eb453f3112f1a0c4","Assets/Resources/MiniMap.renderTexture","5c8eb660ca333594ba8244241934c731","Transitive","ClientPresentation",
"Assets/Scenes/Tests/ClientFrameworkSmoke.unity","b60c2fa98e50f974eb453f3112f1a0c4","Assets/Resources/Prefab/Missle/AatroxSpellWMissle.prefab","45b294545c967314f9decb88c44d5920","Transitive","Unclassified",
"Assets/Scenes/Tests/ClientFrameworkSmoke.unity","b60c2fa98e50f974eb453f3112f1a0c4","Assets/Resources/Prefab/Missle/BlueTeamGeneralAttackMissle.prefab","b3eb1d4dc78a3914883c5db568ff2514","Transitive","Unclassified",
"Assets/Scenes/Tests/ClientFrameworkSmoke.unity","b60c2fa98e50f974eb453f3112f1a0c4","Assets/Resources/Prefab/Missle/InfernalChainsArea.prefab","3561a9ede028f4741a955188d8b48b97","Transitive","Unclassified",
"Assets/Scenes/Tests/ClientFrameworkSmoke.unity","b60c2fa98e50f974eb453f3112f1a0c4","Assets/Resources/Prefab/Missle/RedTeamGeneralAttackMissle.prefab","d0e27105677f5f4439bc6bf3e582435c","Transitive","Unclassified",
"Assets/Scenes/Tests/ClientFrameworkSmoke.unity","b60c2fa98e50f974eb453f3112f1a0c4","Assets/Resources/Prefab/Missle/VarusAttackMissle.prefab","6f4a50dde2a01f745bed4b9d9324f5fa","Transitive","Unclassified",
"Assets/Scenes/Tests/ClientFrameworkSmoke.unity","b60c2fa98e50f974eb453f3112f1a0c4","Assets/Resources/Prefab/Missle/VarusEMissle_DesecratedGround.prefab","c024096fa5aceb144b1c7ffedbc285fc","Transitive","Unclassified",
"Assets/Scenes/Tests/ClientFrameworkSmoke.unity","b60c2fa98e50f974eb453f3112f1a0c4","Assets/Resources/Prefab/Missle/VarusSpellQMissle.prefab","3b9c7c4bd406ebf449736a4a6c7432c8","Transitive","Unclassified",
"Assets/Scenes/Tests/ClientFrameworkSmoke.unity","b60c2fa98e50f974eb453f3112f1a0c4","Assets/Resources/Prefab/Missle/VarusSpellRMissle.prefab","9c9cad292a5e9134c8f337b579ef599a","Transitive","Unclassified",
"Assets/Scenes/Tests/ClientFrameworkSmoke.unity","b60c2fa98e50f974eb453f3112f1a0c4","Assets/Resources/Prefab/PlayerNetworkHandle.prefab","dda0ed93bbf826147a72d0f88b99e12c","Direct","Unclassified",
"Assets/Scenes/Tests/ClientFrameworkSmoke.unity","b60c2fa98e50f974eb453f3112f1a0c4","Assets/Resources/Prefab/UI/BuffCell.prefab","1595ba941c4166642ad4be01079c4b34","Transitive","ClientPresentation",
"Assets/Scenes/Tests/ClientFrameworkSmoke.unity","b60c2fa98e50f974eb453f3112f1a0c4","Assets/Resources/Prefab/UI/EquipmentShopCell.prefab","9e7d0449ef5c0f44b88f3bce81e96577","Transitive","ClientPresentation",
"Assets/Scenes/Tests/ClientFrameworkSmoke.unity","b60c2fa98e50f974eb453f3112f1a0c4","Assets/Resources/Prefab/UI/GameplayHUD.prefab","b637d479f68badc489446b271d694dfa","Transitive","ClientPresentation",
"Assets/Scenes/Tests/ClientFrameworkSmoke.unity","b60c2fa98e50f974eb453f3112f1a0c4","Assets/Resources/Prefab/UI/HeroSelectCell.prefab","3d6683edf94b12341b13f96fd06042e9","Transitive","ClientPresentation",
"Assets/Scenes/Tests/ClientFrameworkSmoke.unity","b60c2fa98e50f974eb453f3112f1a0c4","Assets/Resources/Prefab/UI/LoadingPanel.prefab","1287340434f773848bf6401e52eec82a","Transitive","ClientPresentation",
"Assets/Scenes/Tests/ClientFrameworkSmoke.unity","b60c2fa98e50f974eb453f3112f1a0c4","Assets/Resources/Prefab/UI/MainPanel.prefab","1319619673170934ab3268ef9a7a05f0","Transitive","ClientPresentation",
"Assets/Scenes/Tests/ClientFrameworkSmoke.unity","b60c2fa98e50f974eb453f3112f1a0c4","Assets/Resources/Prefab/UI/MatchPanel.prefab","bb54c64933efdf945bfe559b3d3cc274","Transitive","ClientPresentation",
"Assets/Scenes/Tests/ClientFrameworkSmoke.unity","b60c2fa98e50f974eb453f3112f1a0c4","Assets/Resources/Prefab/UI/ResultPanel.prefab","6000fd8d8ec9a4b4ea1604e4a30254ec","Transitive","ClientPresentation",
"Assets/Scenes/Tests/ClientFrameworkSmoke.unity","b60c2fa98e50f974eb453f3112f1a0c4","Assets/Resources/Prefab/UI/SelectPanel.prefab","f136c6eca688bbb47b2352f8cd9aa46c","Transitive","ClientPresentation",
"Assets/Scenes/Tests/ClientFrameworkSmoke.unity","b60c2fa98e50f974eb453f3112f1a0c4","Assets/Resources/Prefab/UI/SelectStatusCell.prefab","d3561f2c75ccd67419c236454e7285ba","Transitive","ClientPresentation",
"Assets/Scenes/Tests/ClientFrameworkSmoke.unity","b60c2fa98e50f974eb453f3112f1a0c4","Assets/Resources/Prefab/UI/ShopPanel.prefab","f6326b3c5517d044482898ab237f94e4","Transitive","ClientPresentation",
"Assets/Scenes/Tests/ClientFrameworkSmoke.unity","b60c2fa98e50f974eb453f3112f1a0c4","Assets/Resources/Prefab/UI/UIManager.prefab","8a91ee0be144b914592a46e74cfcb3b7","Direct","ClientPresentation",
"Assets/Scenes/Tests/ClientFrameworkSmoke.unity","b60c2fa98e50f974eb453f3112f1a0c4","Assets/Resources/Prefab/Unit/AatroxHeroRuntime.prefab","e7b912ff51273d94aa44a93069b84017","Transitive","LegacyMixed",
"Assets/Scenes/Tests/ClientFrameworkSmoke.unity","b60c2fa98e50f974eb453f3112f1a0c4","Assets/Resources/Prefab/Unit/TestCasterMinionBlueRuntime.prefab","b1683136fbeb0ec43bb2651cb3c096cf","Transitive","LegacyMixed",
"Assets/Scenes/Tests/ClientFrameworkSmoke.unity","b60c2fa98e50f974eb453f3112f1a0c4","Assets/Resources/Prefab/Unit/TestCasterMinionRedRuntime.prefab","2c0dd4221aa4d3445ad5e29b609bc03b","Transitive","LegacyMixed",
"Assets/Scenes/Tests/ClientFrameworkSmoke.unity","b60c2fa98e50f974eb453f3112f1a0c4","Assets/Resources/Prefab/Unit/TestMeleeMinionBlueRuntime.prefab","3ccd4e1aedf4eec4e858f61a124b015d","Transitive","LegacyMixed",
"Assets/Scenes/Tests/ClientFrameworkSmoke.unity","b60c2fa98e50f974eb453f3112f1a0c4","Assets/Resources/Prefab/Unit/TestMeleeMinionRedRuntime.prefab","b400545b29699e841a9e7eca456ad6ac","Transitive","LegacyMixed",
"Assets/Scenes/Tests/ClientFrameworkSmoke.unity","b60c2fa98e50f974eb453f3112f1a0c4","Assets/Resources/Prefab/Unit/TestTowerBlueRuntime.prefab","86effef21215481438a7d1f6fb7ee429","Transitive","LegacyMixed",
"Assets/Scenes/Tests/ClientFrameworkSmoke.unity","b60c2fa98e50f974eb453f3112f1a0c4","Assets/Resources/Prefab/Unit/TestTowerRedRuntime.prefab","8117cac3f6c07ae418a92479ffd9b25c","Transitive","LegacyMixed",
"Assets/Scenes/Tests/ClientFrameworkSmoke.unity","b60c2fa98e50f974eb453f3112f1a0c4","Assets/Resources/Prefab/Unit/VarusRuntime.prefab","8386d2da6f6754946a202d33532daffd","Transitive","LegacyMixed",
"Assets/Scenes/Tests/ClientFrameworkSmoke.unity","b60c2fa98e50f974eb453f3112f1a0c4","Assets/Resources/Prefab/VFX/AatroxQ1VFX.prefab","c104df327fc900e459d8d8d88080e74c","Transitive","ClientPresentation",
"Assets/Scenes/Tests/ClientFrameworkSmoke.unity","b60c2fa98e50f974eb453f3112f1a0c4","Assets/Resources/Prefab/VFX/AatroxQ2VFX.prefab","e548ee90e7b95e74fa2b03d68ec88b7a","Transitive","ClientPresentation",
"Assets/Scenes/Tests/ClientFrameworkSmoke.unity","b60c2fa98e50f974eb453f3112f1a0c4","Assets/Resources/Prefab/VFX/AatroxQ3VFX.prefab","4c4378ba777eca9439d5d0e74413316d","Transitive","ClientPresentation",
"Assets/Scenes/Tests/ClientFrameworkSmoke.unity","b60c2fa98e50f974eb453f3112f1a0c4","Assets/Scripts/Bootstrap/ClientUnitOutline.cs","e27fb308c093d80429c4af615daf7055","Transitive","EditorOrCode",
"Assets/Scenes/Tests/ClientFrameworkSmoke.unity","b60c2fa98e50f974eb453f3112f1a0c4","Assets/Scripts/Bootstrap/DeterministicMapSceneAuthoring.cs","f6a7c61646a9e6c44ba180d7be3fea79","Direct","EditorOrCode",
"Assets/Scenes/Tests/ClientFrameworkSmoke.unity","b60c2fa98e50f974eb453f3112f1a0c4","Assets/Scripts/Bootstrap/GameBootstrap.cs","36f3934a9416b444e9263afe45218556","Direct","EditorOrCode",
"Assets/Scenes/Tests/ClientFrameworkSmoke.unity","b60c2fa98e50f974eb453f3112f1a0c4","Assets/Scripts/Bootstrap/MinimapController.cs","6338715031770634cbf228a8578557ea","Transitive","EditorOrCode",
"Assets/Scenes/Tests/ClientFrameworkSmoke.unity","b60c2fa98e50f974eb453f3112f1a0c4","Assets/Scripts/Bootstrap/PresentationEventDispatcher.cs","d4c3d8fca0ec2c34c9b5765c5a8e7d77","Direct","EditorOrCode",
"Assets/Scenes/Tests/ClientFrameworkSmoke.unity","b60c2fa98e50f974eb453f3112f1a0c4","Assets/Scripts/Bootstrap/UI/UIManager.cs","f548a9380ab1f784badfec9356044ded","Direct","EditorOrCode",
"Assets/Scenes/Tests/ClientFrameworkSmoke.unity","b60c2fa98e50f974eb453f3112f1a0c4","Assets/Scripts/Bootstrap/UI/UIPage.cs","0d6e0199e1a9f6a46a8a916152cc9991","Transitive","EditorOrCode",
"Assets/Scenes/Tests/ClientFrameworkSmoke.unity","b60c2fa98e50f974eb453f3112f1a0c4","Assets/Scripts/Bootstrap/UI/UIPageOpenButton.cs","51c3d7ff7eeef2d4a8cd15566db4e5f5","Transitive","EditorOrCode",
"Assets/Scenes/Tests/ClientFrameworkSmoke.unity","b60c2fa98e50f974eb453f3112f1a0c4","Assets/Scripts/Bootstrap/UI/UIPanel.cs","c05ecf9860c11904d965ae18fb2ced36","Transitive","EditorOrCode",
"Assets/Scenes/Tests/ClientFrameworkSmoke.unity","b60c2fa98e50f974eb453f3112f1a0c4","Assets/Scripts/FrameSync/BuffDrivenBoneVisibility.cs","324c940c39f36834eaab67a7a73936d5","Transitive","EditorOrCode",
"Assets/Scenes/Tests/ClientFrameworkSmoke.unity","b60c2fa98e50f974eb453f3112f1a0c4","Assets/Scripts/FrameSync/PresentationSocketSet.cs","a7c8b8e0d56dd714c96ff5e67047c8f0","Transitive","EditorOrCode",
"Assets/Scenes/Tests/ClientFrameworkSmoke.unity","b60c2fa98e50f974eb453f3112f1a0c4","Assets/Scripts/FrameSync/ProjectileAreaRadiusVisualizer.cs","86856d9775574c2499fb3eb5c2f133b1","Transitive","EditorOrCode",
"Assets/Scenes/Tests/ClientFrameworkSmoke.unity","b60c2fa98e50f974eb453f3112f1a0c4","Assets/Scripts/FrameSync/TowerTargetLinePresenter.cs","44765ad328b802541a8af70d5df2a94c","Transitive","EditorOrCode",
"Assets/Scenes/Tests/ClientFrameworkSmoke.unity","b60c2fa98e50f974eb453f3112f1a0c4","Assets/Scripts/FrameSync/UnitAnimationDriver.cs","377bfec80d767444382fe67b6c4c5b38","Transitive","EditorOrCode",
"Assets/Scenes/Tests/ClientFrameworkSmoke.unity","b60c2fa98e50f974eb453f3112f1a0c4","Assets/Scripts/FrameSync/UnitPresentationHost.cs","94939c62f8549054d9238b3896698fe4","Transitive","EditorOrCode",
"Assets/Scenes/Tests/ClientFrameworkSmoke.unity","b60c2fa98e50f974eb453f3112f1a0c4","Assets/Scripts/Gameplay/Ability/AatroxAbilityZoneAuthoringGizmo.cs","6da65dcc93f367e499b7695a3ab97ffb","Transitive","EditorOrCode",
"Assets/Scenes/Tests/ClientFrameworkSmoke.unity","b60c2fa98e50f974eb453f3112f1a0c4","Assets/Scripts/Gameplay/Ability/AbilityAsset.cs","c1ffb938a26d10b46b88354c8e8aeb8a","Transitive","EditorOrCode",
"Assets/Scenes/Tests/ClientFrameworkSmoke.unity","b60c2fa98e50f974eb453f3112f1a0c4","Assets/Scripts/Gameplay/Ability/AbilityHandler.cs","4f79abb261c1b3b4bb423e8924a50d88","Transitive","EditorOrCode",
"Assets/Scenes/Tests/ClientFrameworkSmoke.unity","b60c2fa98e50f974eb453f3112f1a0c4","Assets/Scripts/Gameplay/Ability/AbilityLoadoutAsset.cs","d777bfd7214aa684283d480f804d60ed","Transitive","EditorOrCode",
"Assets/Scenes/Tests/ClientFrameworkSmoke.unity","b60c2fa98e50f974eb453f3112f1a0c4","Assets/Scripts/Gameplay/Ability/AbilityRuntimeCatalogAsset.cs","5dd9fe71164fdd74d8c227b087003d1a","Transitive","EditorOrCode",
"Assets/Scenes/Tests/ClientFrameworkSmoke.unity","b60c2fa98e50f974eb453f3112f1a0c4","Assets/Scripts/Gameplay/Ability/FixedPassiveDefinitionAsset.cs","60509f831563fe34eb5e0fa5db121c3c","Transitive","EditorOrCode",
"Assets/Scenes/Tests/ClientFrameworkSmoke.unity","b60c2fa98e50f974eb453f3112f1a0c4","Assets/Scripts/Gameplay/Attack/AttackHandler.cs","11536609f17ade44196b69b7297fbadf","Transitive","EditorOrCode",
"Assets/Scenes/Tests/ClientFrameworkSmoke.unity","b60c2fa98e50f974eb453f3112f1a0c4","Assets/Scripts/Gameplay/Attack/TowerAttackHandler.cs","d7749b323d4bedd41905d72bfd3b55bc","Transitive","EditorOrCode",
"Assets/Scenes/Tests/ClientFrameworkSmoke.unity","b60c2fa98e50f974eb453f3112f1a0c4","Assets/Scripts/Gameplay/Buff/BuffHandler.cs","75af4f65fc14b0e47a13cf0f26e0fb62","Transitive","EditorOrCode",
"Assets/Scenes/Tests/ClientFrameworkSmoke.unity","b60c2fa98e50f974eb453f3112f1a0c4","Assets/Scripts/Gameplay/CrowdControl/CrowdControlHandler.cs","3fbd12ccb1f37e24c8448b6322cda983","Transitive","EditorOrCode",
"Assets/Scenes/Tests/ClientFrameworkSmoke.unity","b60c2fa98e50f974eb453f3112f1a0c4","Assets/Scripts/Gameplay/Equipment/EquipmentHandler.cs","1d296fac7364e2f4b8449516654b37a4","Transitive","EditorOrCode",
"Assets/Scenes/Tests/ClientFrameworkSmoke.unity","b60c2fa98e50f974eb453f3112f1a0c4","Assets/Scripts/Gameplay/Movement/MovementHandler.cs","0493a04bad49cf540a1384de14b9aa2f","Transitive","EditorOrCode",
"Assets/Scenes/Tests/ClientFrameworkSmoke.unity","b60c2fa98e50f974eb453f3112f1a0c4","Assets/Scripts/Gameplay/Pathfinding/DeterministicMapConfig.cs","d27708bbd537c3d4fa44ec30e908300d","Transitive","EditorOrCode",
"Assets/Scenes/Tests/ClientFrameworkSmoke.unity","b60c2fa98e50f974eb453f3112f1a0c4","Assets/Scripts/Gameplay/Presentation/UnitAnimationProfile.cs","7112a06ac3587ca46ba2dbfa5b35902b","Transitive","EditorOrCode",
"Assets/Scenes/Tests/ClientFrameworkSmoke.unity","b60c2fa98e50f974eb453f3112f1a0c4","Assets/Scripts/Gameplay/Projectile/ProjectileContainmentZoneAuthoring.cs","213be447bab72bf44b67f992a84f55ce","Transitive","EditorOrCode",
"Assets/Scenes/Tests/ClientFrameworkSmoke.unity","b60c2fa98e50f974eb453f3112f1a0c4","Assets/Scripts/Gameplay/Projectile/ProjectileRuntimeCatalogAsset.cs","20e0327561ceb194aa8df1b2f4874e1f","Transitive","EditorOrCode",
"Assets/Scenes/Tests/ClientFrameworkSmoke.unity","b60c2fa98e50f974eb453f3112f1a0c4","Assets/Scripts/Gameplay/Stats/StatHandler.cs","d83cb680cdcf541438b70b0b87eb51fa","Transitive","EditorOrCode",
"Assets/Scenes/Tests/ClientFrameworkSmoke.unity","b60c2fa98e50f974eb453f3112f1a0c4","Assets/Scripts/Gameplay/Unit/Authoring/UnitRuntimeCatalogAsset.cs","b86cf68e04206d5488acf26a5bdc1e11","Transitive","EditorOrCode",
"Assets/Scenes/Tests/ClientFrameworkSmoke.unity","b60c2fa98e50f974eb453f3112f1a0c4","Assets/Scripts/Gameplay/Unit/Core/Unit.cs","d8b92a46f17a0c1408cebd31e093972b","Transitive","EditorOrCode",
"Assets/Scenes/Tests/ClientFrameworkSmoke.unity","b60c2fa98e50f974eb453f3112f1a0c4","Assets/Scripts/Gameplay/Unit/Prototype/UnitDisposePolicyTable.cs","c25d6a58ba7ef1145afbc46887bedc11","Transitive","EditorOrCode",
"Assets/Scenes/Tests/ClientFrameworkSmoke.unity","b60c2fa98e50f974eb453f3112f1a0c4","Assets/Scripts/LuaBridge/LuaBridge.cs","f4884600216dc7b449daa0a0bebe0cf6","Transitive","EditorOrCode",
"Assets/Scenes/Tests/ClientFrameworkSmoke.unity","b60c2fa98e50f974eb453f3112f1a0c4","Assets/Scripts/LuaBridge/UI/UICell.cs","4e227981d5ada464abba4d883c719dee","Transitive","EditorOrCode",
"Assets/Scenes/Tests/ClientFrameworkSmoke.unity","b60c2fa98e50f974eb453f3112f1a0c4","Assets/Scripts/LuaBridge/UI/UIList.cs","9cecfe79fa8cc9549a59fbc7b55338a5","Transitive","EditorOrCode",
"Assets/Scenes/Tests/ClientFrameworkSmoke.unity","b60c2fa98e50f974eb453f3112f1a0c4","Assets/Scripts/Physics/Core/PhysicsEntity2D.cs","cf2e4b89224828f48befee4b715885df","Transitive","EditorOrCode",
"Assets/Scenes/Tests/ClientFrameworkSmoke.unity","b60c2fa98e50f974eb453f3112f1a0c4","Assets/Scripts/Physics/Core/PhysicsEntity2DShapeAuthoring.cs","ed0a9cc1ab86cbe4484aa191eda97ca8","Transitive","EditorOrCode",
"Assets/Scenes/Tests/ClientFrameworkSmoke.unity","b60c2fa98e50f974eb453f3112f1a0c4","Assets/Scripts/PlayerInput/PlayerInputController.cs","3879c5fa40958574e96d5dfffacff08e","Direct","EditorOrCode",
"Assets/Scenes/Tests/ClientFrameworkSmoke.unity","b60c2fa98e50f974eb453f3112f1a0c4","Assets/Scripts/RuntimeConfig/GlobalGameplayData.cs","a55ff372add67d84c9a2664628d62911","Transitive","EditorOrCode",
"Assets/Scenes/Tests/ClientFrameworkSmoke.unity","b60c2fa98e50f974eb453f3112f1a0c4","Assets/Scripts/RuntimeConfig/GlobalPrefabTable.cs","492af7122f0961340b9648f93f8af7f8","Transitive","EditorOrCode",
"Assets/Scenes/Tests/ClientFrameworkSmoke.unity","b60c2fa98e50f974eb453f3112f1a0c4","Assets/Scripts/RuntimeConfig/HeroDisplayTable.cs","899e7bc53a633ee4dabd640727cd2076","Transitive","EditorOrCode",
"Assets/Scenes/Tests/ClientFrameworkSmoke.unity","b60c2fa98e50f974eb453f3112f1a0c4","Assets/Shader/UnitOutlineRim.shader","66aa05f6f4814464ebf165d1aba43d7e","Transitive","ClientPresentation",
"Assets/Scenes/Tests/ClientFrameworkSmoke.unity","b60c2fa98e50f974eb453f3112f1a0c4","Assets/TextMesh Pro/Fonts/LiberationSans.ttf","e3265ab4bf004d28a9537516768c1c75","Transitive","ClientPresentation",
"Assets/Scenes/Tests/ClientFrameworkSmoke.unity","b60c2fa98e50f974eb453f3112f1a0c4","Assets/TextMesh Pro/Resources/Fonts & Materials/LiberationSans SDF - Fallback.asset","2e498d1c8094910479dc3e1b768306a4","Transitive","Unclassified",
"Assets/Scenes/Tests/ClientFrameworkSmoke.unity","b60c2fa98e50f974eb453f3112f1a0c4","Assets/TextMesh Pro/Resources/Fonts & Materials/LiberationSans SDF.asset","8f586378b4e144a9851e7b34d9b748ee","Transitive","Unclassified",
"Assets/Scenes/Tests/ClientFrameworkSmoke.unity","b60c2fa98e50f974eb453f3112f1a0c4","Assets/TextMesh Pro/Shaders/TMP_SDF-Mobile.shader","fe393ace9b354375a9cb14cdbbc28be4","Transitive","ClientPresentation",
"Assets/Scenes/Tests/ClientFrameworkSmoke.unity","b60c2fa98e50f974eb453f3112f1a0c4","Packages/com.siccity.gltfutility/Materials/URP/Standard (Metallic).shadergraph","a08f3a1c845d57c4293a42c3202574a1","Transitive","ThirdParty",
"Assets/Scenes/Tests/ClientFrameworkSmoke.unity","b60c2fa98e50f974eb453f3112f1a0c4","Packages/com.siccity.gltfutility/Materials/URP/Standard (Specular).shadergraph","e6061ad897a8bd843b501d409aff8a22","Transitive","ThirdParty",
"Assets/Scenes/Tests/ClientFrameworkSmoke.unity","b60c2fa98e50f974eb453f3112f1a0c4","Packages/com.siccity.gltfutility/Materials/URP/Standard Transparent (Metallic).shadergraph","bb6606ffd3868dd46a773758ff6901fc","Transitive","ThirdParty",
"Assets/Scenes/Tests/ClientFrameworkSmoke.unity","b60c2fa98e50f974eb453f3112f1a0c4","Packages/com.siccity.gltfutility/Materials/URP/Standard Transparent (Specular).shadergraph","09512c1ba26fe804283ec6e09112e53c","Transitive","ThirdParty",
"Assets/Scenes/Tests/ClientFrameworkSmoke.unity","b60c2fa98e50f974eb453f3112f1a0c4","Packages/com.siccity.gltfutility/Scripts/Editor/GLBImporter.cs","768a5a18fd6eb914f980bf85dd7b34ec","Transitive","ThirdParty",
"Assets/Scenes/Tests/ClientFrameworkSmoke.unity","b60c2fa98e50f974eb453f3112f1a0c4","Packages/com.unity.2d.sprite/Editor/ObjectMenuCreation/DefaultAssets/Textures/v2/Circle.png","a86470a33a6bf42c4b3595704624658b","Direct","ThirdParty",
"Assets/Scenes/Tests/ClientFrameworkSmoke.unity","b60c2fa98e50f974eb453f3112f1a0c4","Packages/com.unity.2d.sprite/Editor/ObjectMenuCreation/DefaultAssets/Textures/v2/Square.png","311925a002f4447b3a28927169b83ea6","Direct","ThirdParty",
"Assets/Scenes/Tests/ClientFrameworkSmoke.unity","b60c2fa98e50f974eb453f3112f1a0c4","Packages/com.unity.inputsystem/InputSystem/Actions/InputActionAsset.cs","39fa3d8997a24136984ca6e2c99902bc","Transitive","ThirdParty",
"Assets/Scenes/Tests/ClientFrameworkSmoke.unity","b60c2fa98e50f974eb453f3112f1a0c4","Packages/com.unity.inputsystem/InputSystem/Actions/InputActionReference.cs","fc1515ab76e54f068e2f2207940fab32","Transitive","ThirdParty",
"Assets/Scenes/Tests/ClientFrameworkSmoke.unity","b60c2fa98e50f974eb453f3112f1a0c4","Packages/com.unity.inputsystem/InputSystem/Editor/AssetImporter/InputActionImporter.cs","8404be70184654265930450def6a9037","Transitive","ThirdParty",
"Assets/Scenes/Tests/ClientFrameworkSmoke.unity","b60c2fa98e50f974eb453f3112f1a0c4","Packages/com.unity.inputsystem/InputSystem/Editor/Icons/InputSystemUIInputModule@64.png","3028dc075ba8c584d9bc7d1e0255e038","Transitive","ThirdParty",
"Assets/Scenes/Tests/ClientFrameworkSmoke.unity","b60c2fa98e50f974eb453f3112f1a0c4","Packages/com.unity.inputsystem/InputSystem/Plugins/UI/InputSystemUIInputModule.cs","01614664b831546d2ae94a42149d80ac","Transitive","ThirdParty",
"Assets/Scenes/Tests/ClientFrameworkSmoke.unity","b60c2fa98e50f974eb453f3112f1a0c4","Packages/com.unity.netcode.gameobjects/Runtime/Configuration/NetworkPrefabsList.cs","e651dbb3fbac04af2b8f5abf007ddc23","Transitive","ThirdParty",
"Assets/Scenes/Tests/ClientFrameworkSmoke.unity","b60c2fa98e50f974eb453f3112f1a0c4","Packages/com.unity.netcode.gameobjects/Runtime/Core/NetworkManager.cs","593a2fe42fa9d37498c96f9a383b6521","Direct","ThirdParty",
"Assets/Scenes/Tests/ClientFrameworkSmoke.unity","b60c2fa98e50f974eb453f3112f1a0c4","Packages/com.unity.netcode.gameobjects/Runtime/Core/NetworkObject.cs","d5a57f767e5e46a458fc5d3c628d0cbb","Transitive","ThirdParty",
"Assets/Scenes/Tests/ClientFrameworkSmoke.unity","b60c2fa98e50f974eb453f3112f1a0c4","Packages/com.unity.netcode.gameobjects/Runtime/Transports/UTP/UnityTransport.cs","6960e84d07fb87f47956e7a81d71c4e6","Direct","ThirdParty",
"Assets/Scenes/Tests/ClientFrameworkSmoke.unity","b60c2fa98e50f974eb453f3112f1a0c4","Packages/com.unity.render-pipelines.universal/Editor/AssetVersion.cs","d0353a89b1f911e48b9e16bdc9f2e058","Transitive","ThirdParty",
"Assets/Scenes/Tests/ClientFrameworkSmoke.unity","b60c2fa98e50f974eb453f3112f1a0c4","Packages/com.unity.render-pipelines.universal/Editor/ShaderGraph/UniversalMetadata.cs","d2654ad3c17ab8a4ebb9fd0719795d21","Transitive","ThirdParty",
"Assets/Scenes/Tests/ClientFrameworkSmoke.unity","b60c2fa98e50f974eb453f3112f1a0c4","Packages/com.unity.render-pipelines.universal/Runtime/Materials/Lit.mat","31321ba15b8f8eb4c954353edc038b1d","Direct","ThirdParty",
"Assets/Scenes/Tests/ClientFrameworkSmoke.unity","b60c2fa98e50f974eb453f3112f1a0c4","Packages/com.unity.render-pipelines.universal/Runtime/UniversalAdditionalCameraData.cs","a79441f348de89743a2939f4d699eac1","Direct","ThirdParty",
"Assets/Scenes/Tests/ClientFrameworkSmoke.unity","b60c2fa98e50f974eb453f3112f1a0c4","Packages/com.unity.render-pipelines.universal/Runtime/UniversalAdditionalLightData.cs","474bcb49853aa07438625e644c072ee6","Direct","ThirdParty",
"Assets/Scenes/Tests/ClientFrameworkSmoke.unity","b60c2fa98e50f974eb453f3112f1a0c4","Packages/com.unity.render-pipelines.universal/Shaders/Lit.shader","933532a4fcc9baf4fa0491de14d08ed7","Transitive","ThirdParty",
"Assets/Scenes/Tests/ClientFrameworkSmoke.unity","b60c2fa98e50f974eb453f3112f1a0c4","Packages/com.unity.shadergraph/Editor/Importers/ShaderGraphImporter.cs","625f186215c104763be7675aa2d941aa","Transitive","ThirdParty",
"Assets/Scenes/Tests/ClientFrameworkSmoke.unity","b60c2fa98e50f974eb453f3112f1a0c4","Packages/com.unity.shadergraph/Editor/Importers/ShaderGraphMetadata.cs","b64ab828cd6c5b3479a4c575ca6617d5","Transitive","ThirdParty",
"Assets/Scenes/Tests/ClientFrameworkSmoke.unity","b60c2fa98e50f974eb453f3112f1a0c4","Packages/com.unity.textmeshpro/Editor Resources/Gizmos/TMP - Font Asset Icon.psd","ee148e281f3c41c5b4ff5f8a5afe5a6c","Transitive","ThirdParty",
"Assets/Scenes/Tests/ClientFrameworkSmoke.unity","b60c2fa98e50f974eb453f3112f1a0c4","Packages/com.unity.textmeshpro/Editor Resources/Gizmos/TMP - Text Component Icon.psd","2fd6421f253b4ef1a19526541f9ffc0c","Transitive","ThirdParty",
"Assets/Scenes/Tests/ClientFrameworkSmoke.unity","b60c2fa98e50f974eb453f3112f1a0c4","Packages/com.unity.textmeshpro/Scripts/Runtime/TMP_FontAsset.cs","71c1514a6bd24e1e882cebbe1904ce04","Transitive","ThirdParty",
"Assets/Scenes/Tests/ClientFrameworkSmoke.unity","b60c2fa98e50f974eb453f3112f1a0c4","Packages/com.unity.textmeshpro/Scripts/Runtime/TextMeshProUGUI.cs","f4688fdb7df04437aeb418b961361dc5","Transitive","ThirdParty",
"Assets/Scenes/Tests/ClientFrameworkSmoke.unity","b60c2fa98e50f974eb453f3112f1a0c4","Packages/com.unity.ugui/Runtime/EventSystem/EventSystem.cs","76c392e42b5098c458856cdf6ecaaaa1","Transitive","ThirdParty",
"Assets/Scenes/Tests/ClientFrameworkSmoke.unity","b60c2fa98e50f974eb453f3112f1a0c4","Packages/com.unity.ugui/Runtime/UI/Core/Button.cs","4e29b1a8efbd4b44bb3f3716e73f07ff","Transitive","ThirdParty",
"Assets/Scenes/Tests/ClientFrameworkSmoke.unity","b60c2fa98e50f974eb453f3112f1a0c4","Packages/com.unity.ugui/Runtime/UI/Core/GraphicRaycaster.cs","dc42784cf147c0c48a680349fa168899","Transitive","ThirdParty",
"Assets/Scenes/Tests/ClientFrameworkSmoke.unity","b60c2fa98e50f974eb453f3112f1a0c4","Packages/com.unity.ugui/Runtime/UI/Core/Image.cs","fe87c0e1cc204ed48ad3b37840f39efc","Transitive","ThirdParty",
"Assets/Scenes/Tests/ClientFrameworkSmoke.unity","b60c2fa98e50f974eb453f3112f1a0c4","Packages/com.unity.ugui/Runtime/UI/Core/Layout/CanvasScaler.cs","0cd44c1031e13a943bb63640046fad76","Transitive","ThirdParty",
"Assets/Scenes/Tests/ClientFrameworkSmoke.unity","b60c2fa98e50f974eb453f3112f1a0c4","Packages/com.unity.ugui/Runtime/UI/Core/Layout/GridLayoutGroup.cs","8a8695521f0d02e499659fee002a26c2","Transitive","ThirdParty",
"Assets/Scenes/Tests/ClientFrameworkSmoke.unity","b60c2fa98e50f974eb453f3112f1a0c4","Packages/com.unity.ugui/Runtime/UI/Core/Mask.cs","31a19414c41e5ae4aae2af33fee712f6","Transitive","ThirdParty",
"Assets/Scenes/Tests/ClientFrameworkSmoke.unity","b60c2fa98e50f974eb453f3112f1a0c4","Packages/com.unity.ugui/Runtime/UI/Core/RawImage.cs","1344c3c82d62a2a41a3576d8abb8e3ea","Transitive","ThirdParty",
"Assets/Scenes/Tests/ClientFrameworkSmoke.unity","b60c2fa98e50f974eb453f3112f1a0c4","Packages/com.unity.ugui/Runtime/UI/Core/ScrollRect.cs","1aa08ab6e0800fa44ae55d278d1423e3","Transitive","ThirdParty",
"Assets/Scenes/Tests/ClientFrameworkSmoke.unity","b60c2fa98e50f974eb453f3112f1a0c4","Packages/com.unity.ugui/Runtime/UI/Core/Scrollbar.cs","2a4db7a114972834c8e4117be1d82ba3","Transitive","ThirdParty",
"Assets/Scenes/Tests/ClientFrameworkSmoke.unity","b60c2fa98e50f974eb453f3112f1a0c4","Packages/com.unity.ugui/Runtime/UI/Core/Slider.cs","67db9e8f0e2ae9c40bc1e2b64352a6b4","Transitive","ThirdParty",
"Assets/Scenes/Tests/FrameworkSmoke.unity","c14a72a30a0796249b7fb08142f1da0d","Assets/Art/Icon/Ability/Aatrox/AatroxQ1.png","e894b675c21081c48870a9a7933c7439","Transitive","ClientPresentation",
"Assets/Scenes/Tests/FrameworkSmoke.unity","c14a72a30a0796249b7fb08142f1da0d","Assets/Art/Icon/Ability/Aatrox/AatroxQ2.png","00e9e3466d875504dacc31d33410c22a","Transitive","ClientPresentation",
"Assets/Scenes/Tests/FrameworkSmoke.unity","c14a72a30a0796249b7fb08142f1da0d","Assets/Art/Icon/Ability/Aatrox/AatroxQ3.png","6b760e2beac14724da8a55d9ff3ecd64","Transitive","ClientPresentation",
"Assets/Scenes/Tests/FrameworkSmoke.unity","c14a72a30a0796249b7fb08142f1da0d","Assets/Art/Icon/Ability/Varus/韦鲁斯E.png","0d1ee503e046e064790a584b400c97e2","Transitive","ClientPresentation",
"Assets/Scenes/Tests/FrameworkSmoke.unity","c14a72a30a0796249b7fb08142f1da0d","Assets/Art/Icon/Ability/Varus/韦鲁斯Q_未蓄力.png","6118bc6bfec0b614594d040f5541d5bd","Transitive","ClientPresentation",
"Assets/Scenes/Tests/FrameworkSmoke.unity","c14a72a30a0796249b7fb08142f1da0d","Assets/Art/Icon/Ability/Varus/韦鲁斯Q_蓄力中.png","4fadc3515107f0e4e979a26aeaa8e7b7","Transitive","ClientPresentation",
"Assets/Scenes/Tests/FrameworkSmoke.unity","c14a72a30a0796249b7fb08142f1da0d","Assets/Art/Icon/Ability/Varus/韦鲁斯R.png","780063d3e4c43d144951a3e1a5cd50f8","Transitive","ClientPresentation",
"Assets/Scenes/Tests/FrameworkSmoke.unity","c14a72a30a0796249b7fb08142f1da0d","Assets/Art/Icon/Ability/Varus/韦鲁斯W_未激活.png","dbf61c3eedeecfa41adf5571348e67a1","Transitive","ClientPresentation",
"Assets/Scenes/Tests/FrameworkSmoke.unity","c14a72a30a0796249b7fb08142f1da0d","Assets/Art/Icon/Ability/Varus/韦鲁斯W_激活中.png","b7596755b9731874abd6b653cbfdec07","Transitive","ClientPresentation",
"Assets/Scenes/Tests/FrameworkSmoke.unity","c14a72a30a0796249b7fb08142f1da0d","Assets/Art/Icon/Ability/Varus/韦鲁斯被动.png","f6b922f5d10cb3741a50fbfd1dc7bddf","Transitive","ClientPresentation",
"Assets/Scenes/Tests/FrameworkSmoke.unity","c14a72a30a0796249b7fb08142f1da0d","Assets/Art/Icon/Hero/Aatrox.png","05cc6a8fbb52ed246b0f3b4720325ef1","Transitive","ClientPresentation",
"Assets/Scenes/Tests/FrameworkSmoke.unity","c14a72a30a0796249b7fb08142f1da0d","Assets/Art/Icon/Hero/Varus.jpg","b54876e9c470b774fa7adc1a21c34d1e","Transitive","ClientPresentation",
"Assets/Scenes/Tests/FrameworkSmoke.unity","c14a72a30a0796249b7fb08142f1da0d","Assets/Art/Img/剑魔Q1特效.png","6639585702dbaa74f854854c9b44fec5","Transitive","ClientPresentation",
"Assets/Scenes/Tests/FrameworkSmoke.unity","c14a72a30a0796249b7fb08142f1da0d","Assets/Art/Img/剑魔Q2特效.png","1d8b1aceb7498f648a82afd1cc27343e","Transitive","ClientPresentation",
"Assets/Scenes/Tests/FrameworkSmoke.unity","c14a72a30a0796249b7fb08142f1da0d","Assets/Art/Img/剑魔Q3特效.png","27f4cf630739603478c09255ee54bbf7","Transitive","ClientPresentation",
"Assets/Scenes/Tests/FrameworkSmoke.unity","c14a72a30a0796249b7fb08142f1da0d","Assets/Art/Img/韦鲁斯E污染地面贴图.png","8fe40a9a092a27d47aab50fba5763bef","Transitive","ClientPresentation",
"Assets/Scenes/Tests/FrameworkSmoke.unity","c14a72a30a0796249b7fb08142f1da0d","Assets/Art/Model/惩戒之箭.glb","8f40f99fab8436a49b4e59ff72e4a06c","Transitive","ClientPresentation",
"Assets/Scenes/Tests/FrameworkSmoke.unity","c14a72a30a0796249b7fb08142f1da0d","Assets/Art/Model/暗裔剑魔.glb","685c437926c856740894fdf207975bb1","Transitive","ClientPresentation",
"Assets/Scenes/Tests/FrameworkSmoke.unity","c14a72a30a0796249b7fb08142f1da0d","Assets/Art/Model/红方近战小兵.glb","c890ea416b8790e408fe2b525edec67f","Transitive","ClientPresentation",
"Assets/Scenes/Tests/FrameworkSmoke.unity","c14a72a30a0796249b7fb08142f1da0d","Assets/Art/Model/红方远程小兵.glb","ddbb9a9fe8ffc8e43a83662e68f48609","Transitive","ClientPresentation",
"Assets/Scenes/Tests/FrameworkSmoke.unity","c14a72a30a0796249b7fb08142f1da0d","Assets/Art/Model/红方防御塔.glb","804b36482ac2a7445b4ba95e89e1699c","Transitive","ClientPresentation",
"Assets/Scenes/Tests/FrameworkSmoke.unity","c14a72a30a0796249b7fb08142f1da0d","Assets/Art/Model/蓝方近战小兵.glb","992d5acb9b350e749baa94ae4267cecb","Transitive","ClientPresentation",
"Assets/Scenes/Tests/FrameworkSmoke.unity","c14a72a30a0796249b7fb08142f1da0d","Assets/Art/Model/蓝方远程小兵.glb","065c37ae71d0926459365abaef2cd1a4","Transitive","ClientPresentation",
"Assets/Scenes/Tests/FrameworkSmoke.unity","c14a72a30a0796249b7fb08142f1da0d","Assets/Art/Model/蓝方防御塔.glb","5c2dda9b8c528924ca647ec45754439c","Transitive","ClientPresentation",
"Assets/Scenes/Tests/FrameworkSmoke.unity","c14a72a30a0796249b7fb08142f1da0d","Assets/Art/Model/韦鲁斯_Q投掷物.glb","e0b83d01f6e7a5d42b78738662005672","Transitive","ClientPresentation",
"Assets/Scenes/Tests/FrameworkSmoke.unity","c14a72a30a0796249b7fb08142f1da0d","Assets/Art/Model/韦鲁斯_R投掷物.glb","3776dc52365ba9c488f0be67dd419620","Transitive","ClientPresentation",
"Assets/Scenes/Tests/FrameworkSmoke.unity","c14a72a30a0796249b7fb08142f1da0d","Assets/Art/Model/韦鲁斯_攻击投掷物.glb","c045de92664f45c45bb57374a5965859","Transitive","ClientPresentation",
"Assets/Scenes/Tests/FrameworkSmoke.unity","c14a72a30a0796249b7fb08142f1da0d","Assets/Config/Formal/Abilities/Aatrox/AatroxAbilityLoadout.asset","8fbc76321103fb247bd648e41ad357f7","Transitive","SharedConfig",
"Assets/Scenes/Tests/FrameworkSmoke.unity","c14a72a30a0796249b7fb08142f1da0d","Assets/Config/Formal/Abilities/Aatrox/AatroxQ.asset","068666dd3d20a5f489558bcc4a192c7e","Transitive","SharedConfig",
"Assets/Scenes/Tests/FrameworkSmoke.unity","c14a72a30a0796249b7fb08142f1da0d","Assets/Config/Formal/Abilities/VarusAbilityLoadout.asset","71946883abc6c8a47bdcc5c3a61b356c","Transitive","SharedConfig",
"Assets/Scenes/Tests/FrameworkSmoke.unity","c14a72a30a0796249b7fb08142f1da0d","Assets/Config/Formal/Abilities/VarusAbilityRuntimeCatalog.asset","e09025f013ae7a8449335c6356fee5fb","Direct","SharedConfig",
"Assets/Scenes/Tests/FrameworkSmoke.unity","c14a72a30a0796249b7fb08142f1da0d","Assets/Config/Formal/Abilities/VarusE.asset","83ba0131923d35144bae77d6654b9c35","Transitive","SharedConfig",
"Assets/Scenes/Tests/FrameworkSmoke.unity","c14a72a30a0796249b7fb08142f1da0d","Assets/Config/Formal/Abilities/VarusFixedPassive.asset","91eaffc7874ccd141add968c10da300a","Transitive","SharedConfig",
"Assets/Scenes/Tests/FrameworkSmoke.unity","c14a72a30a0796249b7fb08142f1da0d","Assets/Config/Formal/Abilities/VarusQ.asset","1d39b6fcb4a6c3a4d93f531a7d71e0df","Transitive","SharedConfig",
"Assets/Scenes/Tests/FrameworkSmoke.unity","c14a72a30a0796249b7fb08142f1da0d","Assets/Config/Formal/Abilities/VarusR.asset","b4215bedc8e28eb418a072e305076585","Transitive","SharedConfig",
"Assets/Scenes/Tests/FrameworkSmoke.unity","c14a72a30a0796249b7fb08142f1da0d","Assets/Config/Formal/Abilities/VarusW.asset","cebff4eed8f123e489b437871eeb891a","Transitive","SharedConfig",
"Assets/Scenes/Tests/FrameworkSmoke.unity","c14a72a30a0796249b7fb08142f1da0d","Assets/Config/Formal/Animation/AatroxAnimationProfile.asset","eaec47e1763f63a45809fd1c3d29ca8e","Transitive","SharedConfig",
"Assets/Scenes/Tests/FrameworkSmoke.unity","c14a72a30a0796249b7fb08142f1da0d","Assets/Config/Formal/Animation/CasterBlue.controller","793b6c33ccfc57a46be4ac1600b67f32","Transitive","ClientPresentation",
"Assets/Scenes/Tests/FrameworkSmoke.unity","c14a72a30a0796249b7fb08142f1da0d","Assets/Config/Formal/Animation/CasterRed.controller","9e720db7282df5a4c9f4a58d73fb6e96","Transitive","ClientPresentation",
"Assets/Scenes/Tests/FrameworkSmoke.unity","c14a72a30a0796249b7fb08142f1da0d","Assets/Config/Formal/Animation/MeleeBlue.controller","625352f2e73df0c4982f6a5367c1d5c6","Transitive","ClientPresentation",
"Assets/Scenes/Tests/FrameworkSmoke.unity","c14a72a30a0796249b7fb08142f1da0d","Assets/Config/Formal/Animation/MeleeRed.controller","1e22e6272edcbb94a8f92628a64f566a","Transitive","ClientPresentation",
"Assets/Scenes/Tests/FrameworkSmoke.unity","c14a72a30a0796249b7fb08142f1da0d","Assets/Config/Formal/Animation/TestUnitAnimationProfile.asset","3592d1e3449411743befb9d5763bcfe9","Transitive","SharedConfig",
"Assets/Scenes/Tests/FrameworkSmoke.unity","c14a72a30a0796249b7fb08142f1da0d","Assets/Config/Formal/Animation/Varus.controller","44660058be562344494669a80981d4b3","Transitive","ClientPresentation",
"Assets/Scenes/Tests/FrameworkSmoke.unity","c14a72a30a0796249b7fb08142f1da0d","Assets/Config/Formal/FullMatchDeterministicMapConfig.asset","f1c4e69f4a5028647b5c47fb0408da9f","Direct","SharedConfig",
"Assets/Scenes/Tests/FrameworkSmoke.unity","c14a72a30a0796249b7fb08142f1da0d","Assets/Config/Formal/FullMatchUnitDisposePolicyTable.asset","a94aa9b65aa66d9438c9752a791476bd","Transitive","SharedConfig",
"Assets/Scenes/Tests/FrameworkSmoke.unity","c14a72a30a0796249b7fb08142f1da0d","Assets/Config/Formal/FullMatchUnitRuntimeCatalog.asset","cf6a213803fa81b4cb7ac2699f40045b","Direct","SharedConfig",
"Assets/Scenes/Tests/FrameworkSmoke.unity","c14a72a30a0796249b7fb08142f1da0d","Assets/Config/Formal/GlobalGameplayData.asset","8b0cdcd39dbb2964baebdd8475f1e60e","Direct","SharedConfig",
"Assets/Scenes/Tests/FrameworkSmoke.unity","c14a72a30a0796249b7fb08142f1da0d","Assets/Config/Formal/GlobalPrefabTable.asset","0afb3a04101933e4db188d9d13aa30ea","Transitive","SharedConfig",
"Assets/Scenes/Tests/FrameworkSmoke.unity","c14a72a30a0796249b7fb08142f1da0d","Assets/Config/Formal/HeroDisplayTable.asset","c5958d1073b594545aa68c722dd4feb1","Transitive","SharedConfig",
"Assets/Scenes/Tests/FrameworkSmoke.unity","c14a72a30a0796249b7fb08142f1da0d","Assets/Config/Formal/UnitOutlineRim.mat","864a3b4ca3d42f44484fae1ef521e889","Transitive","ClientPresentation",
"Assets/Scenes/Tests/FrameworkSmoke.unity","c14a72a30a0796249b7fb08142f1da0d","Assets/Resources/Animation/Aatrox/AatroxAnimator.controller","d090724705de58f42bfa939f13959d54","Transitive","ClientPresentation",
"Assets/Scenes/Tests/FrameworkSmoke.unity","c14a72a30a0796249b7fb08142f1da0d","Assets/Resources/Animation/Aatrox/AatroxAttack1.anim","12e8ff2fc426e7349bbe8b01bcd623fa","Transitive","ClientPresentation",
"Assets/Scenes/Tests/FrameworkSmoke.unity","c14a72a30a0796249b7fb08142f1da0d","Assets/Resources/Animation/Aatrox/AatroxAttack1_ULT.anim","50fe63f7d202f934091bf07b5585b558","Transitive","ClientPresentation",
"Assets/Scenes/Tests/FrameworkSmoke.unity","c14a72a30a0796249b7fb08142f1da0d","Assets/Resources/Animation/Aatrox/AatroxAttack2.anim","8f774a9762de4fc4688a4b4aa3a8dba0","Transitive","ClientPresentation",
"Assets/Scenes/Tests/FrameworkSmoke.unity","c14a72a30a0796249b7fb08142f1da0d","Assets/Resources/Animation/Aatrox/AatroxAttack2_ULT.anim","e1d18de90d26ce44f8088bedab4fcff2","Transitive","ClientPresentation",
"Assets/Scenes/Tests/FrameworkSmoke.unity","c14a72a30a0796249b7fb08142f1da0d","Assets/Resources/Animation/Aatrox/AatroxAttack_Passive.anim","2f849e9442d822f47a3870574c4a6f04","Transitive","ClientPresentation",
"Assets/Scenes/Tests/FrameworkSmoke.unity","c14a72a30a0796249b7fb08142f1da0d","Assets/Resources/Animation/Aatrox/AatroxAttack_Passive_ULT.anim","cb8af5fafd460494bb531c784d655771","Transitive","ClientPresentation",
"Assets/Scenes/Tests/FrameworkSmoke.unity","c14a72a30a0796249b7fb08142f1da0d","Assets/Resources/Animation/Aatrox/AatroxDash.anim","62c340cc1d351fd448767528cd7b18aa","Transitive","ClientPresentation",
"Assets/Scenes/Tests/FrameworkSmoke.unity","c14a72a30a0796249b7fb08142f1da0d","Assets/Resources/Animation/Aatrox/AatroxDash_Passive.anim","e77537776c85e054a9d8b5d82ba02afd","Transitive","ClientPresentation",
"Assets/Scenes/Tests/FrameworkSmoke.unity","c14a72a30a0796249b7fb08142f1da0d","Assets/Resources/Animation/Aatrox/AatroxDash_ULT.anim","00254f01ef82f4944b2f557e85a4bcd9","Transitive","ClientPresentation",
"Assets/Scenes/Tests/FrameworkSmoke.unity","c14a72a30a0796249b7fb08142f1da0d","Assets/Resources/Animation/Aatrox/AatroxDeath.anim","41acb76393344ac4a89b13a8fe2de2ae","Transitive","ClientPresentation",
"Assets/Scenes/Tests/FrameworkSmoke.unity","c14a72a30a0796249b7fb08142f1da0d","Assets/Resources/Animation/Aatrox/AatroxIdle.anim","f9323091a2488f34799ca56e363d19a1","Transitive","ClientPresentation",
"Assets/Scenes/Tests/FrameworkSmoke.unity","c14a72a30a0796249b7fb08142f1da0d","Assets/Resources/Animation/Aatrox/AatroxIdle_Passive.anim","c5885abca03bcb046939b45b012f6cc3","Transitive","ClientPresentation",
"Assets/Scenes/Tests/FrameworkSmoke.unity","c14a72a30a0796249b7fb08142f1da0d","Assets/Resources/Animation/Aatrox/AatroxIdle_ULT.anim","7f8156845366f334b9e11e5f019de16b","Transitive","ClientPresentation",
"Assets/Scenes/Tests/FrameworkSmoke.unity","c14a72a30a0796249b7fb08142f1da0d","Assets/Resources/Animation/Aatrox/AatroxQ1.anim","b158f602146c5c343b09ea6a99ad1a0b","Transitive","ClientPresentation",
"Assets/Scenes/Tests/FrameworkSmoke.unity","c14a72a30a0796249b7fb08142f1da0d","Assets/Resources/Animation/Aatrox/AatroxQ1_ULT.anim","9436315b9f0aab44eb88add8256eacea","Transitive","ClientPresentation",
"Assets/Scenes/Tests/FrameworkSmoke.unity","c14a72a30a0796249b7fb08142f1da0d","Assets/Resources/Animation/Aatrox/AatroxQ2.anim","9dd0d0d373c5998438bbf729f578ffeb","Transitive","ClientPresentation",
"Assets/Scenes/Tests/FrameworkSmoke.unity","c14a72a30a0796249b7fb08142f1da0d","Assets/Resources/Animation/Aatrox/AatroxQ2_ULT.anim","0f3454a5803ba43438dc565f38c1ae2b","Transitive","ClientPresentation",
"Assets/Scenes/Tests/FrameworkSmoke.unity","c14a72a30a0796249b7fb08142f1da0d","Assets/Resources/Animation/Aatrox/AatroxQ3.anim","e23aedc8a42711644b6152f30efd7145","Transitive","ClientPresentation",
"Assets/Scenes/Tests/FrameworkSmoke.unity","c14a72a30a0796249b7fb08142f1da0d","Assets/Resources/Animation/Aatrox/AatroxQ3_ULT.anim","0f4a407080caf764289170dca5b7e07e","Transitive","ClientPresentation",
"Assets/Scenes/Tests/FrameworkSmoke.unity","c14a72a30a0796249b7fb08142f1da0d","Assets/Resources/Animation/Aatrox/AatroxSpellR.anim","d854f4c196f0acd46b56d5e28d614568","Transitive","ClientPresentation",
"Assets/Scenes/Tests/FrameworkSmoke.unity","c14a72a30a0796249b7fb08142f1da0d","Assets/Resources/Animation/Aatrox/AatroxSpellW.anim","0cece2fc29ce15848b3f8179dff77dd2","Transitive","ClientPresentation",
"Assets/Scenes/Tests/FrameworkSmoke.unity","c14a72a30a0796249b7fb08142f1da0d","Assets/Resources/Animation/Aatrox/AatroxSpellW_ULT.anim","3255706c8bc0cbb49b66da53ce53b4be","Transitive","ClientPresentation",
"Assets/Scenes/Tests/FrameworkSmoke.unity","c14a72a30a0796249b7fb08142f1da0d","Assets/Resources/Animation/Aatrox/AatroxULTOut.anim","084921aef66c5414f9e631cdcc704f86","Transitive","ClientPresentation",
"Assets/Scenes/Tests/FrameworkSmoke.unity","c14a72a30a0796249b7fb08142f1da0d","Assets/Resources/Animation/Aatrox/AatroxWalk.anim","8f6f603150ba43f428a896ae1d76c40e","Transitive","ClientPresentation",
"Assets/Scenes/Tests/FrameworkSmoke.unity","c14a72a30a0796249b7fb08142f1da0d","Assets/Resources/Animation/Aatrox/AatroxWalk_Passive.anim","fb0fba21833fd2e428bd8287764bc5af","Transitive","ClientPresentation",
"Assets/Scenes/Tests/FrameworkSmoke.unity","c14a72a30a0796249b7fb08142f1da0d","Assets/Resources/Animation/Aatrox/AatroxWalk_ULT.anim","b56520861af749c48ac057f92a1c2b5e","Transitive","ClientPresentation",
"Assets/Scenes/Tests/FrameworkSmoke.unity","c14a72a30a0796249b7fb08142f1da0d","Assets/Resources/Animation/Minion/Blue/CasterMinion_Attack.anim","c3935cbe8b1fe8e4fbe3f6c4b1a6e0d4","Transitive","ClientPresentation",
"Assets/Scenes/Tests/FrameworkSmoke.unity","c14a72a30a0796249b7fb08142f1da0d","Assets/Resources/Animation/Minion/Blue/CasterMinion_Death.anim","2fb47ec91b9d29a4c884fc942847e266","Transitive","ClientPresentation",
"Assets/Scenes/Tests/FrameworkSmoke.unity","c14a72a30a0796249b7fb08142f1da0d","Assets/Resources/Animation/Minion/Blue/CasterMinion_Idle.anim","f2693f32fca6fed4494c5fe1d7c73140","Transitive","ClientPresentation",
"Assets/Scenes/Tests/FrameworkSmoke.unity","c14a72a30a0796249b7fb08142f1da0d","Assets/Resources/Animation/Minion/Blue/CasterMinion_Walk.anim","03af889a600a66947869e83181c5643f","Transitive","ClientPresentation",
"Assets/Scenes/Tests/FrameworkSmoke.unity","c14a72a30a0796249b7fb08142f1da0d","Assets/Resources/Animation/Minion/Blue/MeleeMinion_Attack.anim","220dd8ba7c6b7e646b4b1946c3d52ef8","Transitive","ClientPresentation",
"Assets/Scenes/Tests/FrameworkSmoke.unity","c14a72a30a0796249b7fb08142f1da0d","Assets/Resources/Animation/Minion/Blue/MeleeMinion_Death.anim","62db727fa22d87a429e57c1e313cc344","Transitive","ClientPresentation",
"Assets/Scenes/Tests/FrameworkSmoke.unity","c14a72a30a0796249b7fb08142f1da0d","Assets/Resources/Animation/Minion/Blue/MeleeMinion_Idle.anim","a3ad0c6a5ae3fd44ab340554970e0541","Transitive","ClientPresentation",
"Assets/Scenes/Tests/FrameworkSmoke.unity","c14a72a30a0796249b7fb08142f1da0d","Assets/Resources/Animation/Minion/Blue/MeleeMinion_Walk.anim","a3b04fd15585d31409197d63cca03ebd","Transitive","ClientPresentation",
"Assets/Scenes/Tests/FrameworkSmoke.unity","c14a72a30a0796249b7fb08142f1da0d","Assets/Resources/Animation/Minion/Red/CasterMinion_Attack.anim","70ca89583698d3d44901555f595528d1","Transitive","ClientPresentation",
"Assets/Scenes/Tests/FrameworkSmoke.unity","c14a72a30a0796249b7fb08142f1da0d","Assets/Resources/Animation/Minion/Red/CasterMinion_Death.anim","2b85ea4cf35a5834f9a36a4596e813df","Transitive","ClientPresentation",
"Assets/Scenes/Tests/FrameworkSmoke.unity","c14a72a30a0796249b7fb08142f1da0d","Assets/Resources/Animation/Minion/Red/CasterMinion_Idle.anim","51d8c0867d1ea8b4aaf146310afd9f02","Transitive","ClientPresentation",
"Assets/Scenes/Tests/FrameworkSmoke.unity","c14a72a30a0796249b7fb08142f1da0d","Assets/Resources/Animation/Minion/Red/CasterMinion_Walk.anim","be899e3fb2a2dd341849032392f2957b","Transitive","ClientPresentation",
"Assets/Scenes/Tests/FrameworkSmoke.unity","c14a72a30a0796249b7fb08142f1da0d","Assets/Resources/Animation/Minion/Red/MeleeMinion_Attack.anim","eb76ad0103f3efe4a8c7f104b18ba3b7","Transitive","ClientPresentation",
"Assets/Scenes/Tests/FrameworkSmoke.unity","c14a72a30a0796249b7fb08142f1da0d","Assets/Resources/Animation/Minion/Red/MeleeMinion_Death.anim","667dcc2faad23a74a9a5f72f53e0ac1d","Transitive","ClientPresentation",
"Assets/Scenes/Tests/FrameworkSmoke.unity","c14a72a30a0796249b7fb08142f1da0d","Assets/Resources/Animation/Minion/Red/MeleeMinion_Idle.anim","abc3ff4c728c48549a0cfb041d28afe1","Transitive","ClientPresentation",
"Assets/Scenes/Tests/FrameworkSmoke.unity","c14a72a30a0796249b7fb08142f1da0d","Assets/Resources/Animation/Minion/Red/MeleeMinion_Walk.anim","a305521f5a779cb4ea289e5582eb2e2a","Transitive","ClientPresentation",
"Assets/Scenes/Tests/FrameworkSmoke.unity","c14a72a30a0796249b7fb08142f1da0d","Assets/Resources/Animation/Turret/TurretBlue.controller","4c8eb35614430c040b29c9b33a5e1d5c","Transitive","ClientPresentation",
"Assets/Scenes/Tests/FrameworkSmoke.unity","c14a72a30a0796249b7fb08142f1da0d","Assets/Resources/Animation/Turret/TurretBlueAnimationProfile.asset","0704006b28978b24d89ddc8d722b798e","Transitive","ClientPresentation",
"Assets/Scenes/Tests/FrameworkSmoke.unity","c14a72a30a0796249b7fb08142f1da0d","Assets/Resources/Animation/Turret/TurretDestory_Blue.anim","107a79369ffc0914095510fb87ba6781","Transitive","ClientPresentation",
"Assets/Scenes/Tests/FrameworkSmoke.unity","c14a72a30a0796249b7fb08142f1da0d","Assets/Resources/Animation/Turret/TurretDestory_Red.anim","5ebdcaeb4f0327541afe5e4a5ffe3438","Transitive","ClientPresentation",
"Assets/Scenes/Tests/FrameworkSmoke.unity","c14a72a30a0796249b7fb08142f1da0d","Assets/Resources/Animation/Turret/TurretIdel_Red.anim","aa2b48c3faf9e5748a0a4be7c03c2197","Transitive","ClientPresentation",
"Assets/Scenes/Tests/FrameworkSmoke.unity","c14a72a30a0796249b7fb08142f1da0d","Assets/Resources/Animation/Turret/TurretIdle_Blue.anim","88f8fb5f070c65f47acfe5dbe2f93031","Transitive","ClientPresentation",
"Assets/Scenes/Tests/FrameworkSmoke.unity","c14a72a30a0796249b7fb08142f1da0d","Assets/Resources/Animation/Turret/TurretRed.controller","5593f884ef5e12a4baf9dfd3ccb04977","Transitive","ClientPresentation",
"Assets/Scenes/Tests/FrameworkSmoke.unity","c14a72a30a0796249b7fb08142f1da0d","Assets/Resources/Animation/Turret/TurretRedAnimationProfile.asset","3168336f57ba06b4d8d9641835c44ef6","Transitive","ClientPresentation",
"Assets/Scenes/Tests/FrameworkSmoke.unity","c14a72a30a0796249b7fb08142f1da0d","Assets/Resources/Animation/Varus/VarusAttack1.anim","0cf85d26f59eb7746bdb4a51a69a0f50","Transitive","ClientPresentation",
"Assets/Scenes/Tests/FrameworkSmoke.unity","c14a72a30a0796249b7fb08142f1da0d","Assets/Resources/Animation/Varus/VarusAttack2.anim","23935cc971facab4480e1da8e5edbd92","Transitive","ClientPresentation",
"Assets/Scenes/Tests/FrameworkSmoke.unity","c14a72a30a0796249b7fb08142f1da0d","Assets/Resources/Animation/Varus/VarusDeath.anim","91911fca58c97c249bc80badbe09f4a5","Transitive","ClientPresentation",
"Assets/Scenes/Tests/FrameworkSmoke.unity","c14a72a30a0796249b7fb08142f1da0d","Assets/Resources/Animation/Varus/VarusIdle.anim","276c23e01035d5e4ea228102f7966744","Transitive","ClientPresentation",
"Assets/Scenes/Tests/FrameworkSmoke.unity","c14a72a30a0796249b7fb08142f1da0d","Assets/Resources/Animation/Varus/VarusSpellE.anim","04a1600959a5a814d9dc7ffcf689abd9","Transitive","ClientPresentation",
"Assets/Scenes/Tests/FrameworkSmoke.unity","c14a72a30a0796249b7fb08142f1da0d","Assets/Resources/Animation/Varus/VarusSpellQChanneling_Walk.anim","5f316e4f42754a54c91a85a08f1c2109","Transitive","ClientPresentation",
"Assets/Scenes/Tests/FrameworkSmoke.unity","c14a72a30a0796249b7fb08142f1da0d","Assets/Resources/Animation/Varus/VarusSpellQ_ChannelingIdle.anim","0be8f0f20ceb7154683d8e7153807b32","Transitive","ClientPresentation",
"Assets/Scenes/Tests/FrameworkSmoke.unity","c14a72a30a0796249b7fb08142f1da0d","Assets/Resources/Animation/Varus/VarusSpellQ_Fire.anim","59c9f8e0dcb3b8f4da24bd657198556e","Transitive","ClientPresentation",
"Assets/Scenes/Tests/FrameworkSmoke.unity","c14a72a30a0796249b7fb08142f1da0d","Assets/Resources/Animation/Varus/VarusSpellR.anim","67ff9cd0d01dd0b47a0255bc14ee0ca1","Transitive","ClientPresentation",
"Assets/Scenes/Tests/FrameworkSmoke.unity","c14a72a30a0796249b7fb08142f1da0d","Assets/Resources/Animation/Varus/VarusWalk.anim","53277acafa583bd42903fd3e03109128","Transitive","ClientPresentation",
"Assets/Scenes/Tests/FrameworkSmoke.unity","c14a72a30a0796249b7fb08142f1da0d","Assets/Resources/Material/亚托克斯通用材质.mat","3d347c0be0047484681175b0a46733ce","Transitive","ClientPresentation",
"Assets/Scenes/Tests/FrameworkSmoke.unity","c14a72a30a0796249b7fb08142f1da0d","Assets/Resources/Material/红方远程小兵攻击投掷物.mat","66bd48b9f6739194a9e60f4aaac60ff9","Transitive","ClientPresentation",
"Assets/Scenes/Tests/FrameworkSmoke.unity","c14a72a30a0796249b7fb08142f1da0d","Assets/Resources/Material/蓝方远程小兵攻击投掷物.mat","6881a8644760fcb47a6e5dbc6ddd218d","Transitive","ClientPresentation",
"Assets/Scenes/Tests/FrameworkSmoke.unity","c14a72a30a0796249b7fb08142f1da0d","Assets/Resources/Prefab/Missle/AatroxSpellWMissle.prefab","45b294545c967314f9decb88c44d5920","Transitive","Unclassified",
"Assets/Scenes/Tests/FrameworkSmoke.unity","c14a72a30a0796249b7fb08142f1da0d","Assets/Resources/Prefab/Missle/BlueTeamGeneralAttackMissle.prefab","b3eb1d4dc78a3914883c5db568ff2514","Transitive","Unclassified",
"Assets/Scenes/Tests/FrameworkSmoke.unity","c14a72a30a0796249b7fb08142f1da0d","Assets/Resources/Prefab/Missle/InfernalChainsArea.prefab","3561a9ede028f4741a955188d8b48b97","Transitive","Unclassified",
"Assets/Scenes/Tests/FrameworkSmoke.unity","c14a72a30a0796249b7fb08142f1da0d","Assets/Resources/Prefab/Missle/RedTeamGeneralAttackMissle.prefab","d0e27105677f5f4439bc6bf3e582435c","Transitive","Unclassified",
"Assets/Scenes/Tests/FrameworkSmoke.unity","c14a72a30a0796249b7fb08142f1da0d","Assets/Resources/Prefab/Missle/VarusAttackMissle.prefab","6f4a50dde2a01f745bed4b9d9324f5fa","Transitive","Unclassified",
"Assets/Scenes/Tests/FrameworkSmoke.unity","c14a72a30a0796249b7fb08142f1da0d","Assets/Resources/Prefab/Missle/VarusEMissle_DesecratedGround.prefab","c024096fa5aceb144b1c7ffedbc285fc","Transitive","Unclassified",
"Assets/Scenes/Tests/FrameworkSmoke.unity","c14a72a30a0796249b7fb08142f1da0d","Assets/Resources/Prefab/Missle/VarusSpellQMissle.prefab","3b9c7c4bd406ebf449736a4a6c7432c8","Transitive","Unclassified",
"Assets/Scenes/Tests/FrameworkSmoke.unity","c14a72a30a0796249b7fb08142f1da0d","Assets/Resources/Prefab/Missle/VarusSpellRMissle.prefab","9c9cad292a5e9134c8f337b579ef599a","Transitive","Unclassified",
"Assets/Scenes/Tests/FrameworkSmoke.unity","c14a72a30a0796249b7fb08142f1da0d","Assets/Resources/Prefab/Unit/AatroxHeroRuntime.prefab","e7b912ff51273d94aa44a93069b84017","Transitive","LegacyMixed",
"Assets/Scenes/Tests/FrameworkSmoke.unity","c14a72a30a0796249b7fb08142f1da0d","Assets/Resources/Prefab/Unit/TestCasterMinionBlueRuntime.prefab","b1683136fbeb0ec43bb2651cb3c096cf","Transitive","LegacyMixed",
"Assets/Scenes/Tests/FrameworkSmoke.unity","c14a72a30a0796249b7fb08142f1da0d","Assets/Resources/Prefab/Unit/TestCasterMinionRedRuntime.prefab","2c0dd4221aa4d3445ad5e29b609bc03b","Transitive","LegacyMixed",
"Assets/Scenes/Tests/FrameworkSmoke.unity","c14a72a30a0796249b7fb08142f1da0d","Assets/Resources/Prefab/Unit/TestMeleeMinionBlueRuntime.prefab","3ccd4e1aedf4eec4e858f61a124b015d","Transitive","LegacyMixed",
"Assets/Scenes/Tests/FrameworkSmoke.unity","c14a72a30a0796249b7fb08142f1da0d","Assets/Resources/Prefab/Unit/TestMeleeMinionRedRuntime.prefab","b400545b29699e841a9e7eca456ad6ac","Transitive","LegacyMixed",
"Assets/Scenes/Tests/FrameworkSmoke.unity","c14a72a30a0796249b7fb08142f1da0d","Assets/Resources/Prefab/Unit/TestTowerBlueRuntime.prefab","86effef21215481438a7d1f6fb7ee429","Transitive","LegacyMixed",
"Assets/Scenes/Tests/FrameworkSmoke.unity","c14a72a30a0796249b7fb08142f1da0d","Assets/Resources/Prefab/Unit/TestTowerRedRuntime.prefab","8117cac3f6c07ae418a92479ffd9b25c","Transitive","LegacyMixed",
"Assets/Scenes/Tests/FrameworkSmoke.unity","c14a72a30a0796249b7fb08142f1da0d","Assets/Resources/Prefab/Unit/VarusRuntime.prefab","8386d2da6f6754946a202d33532daffd","Transitive","LegacyMixed",
"Assets/Scenes/Tests/FrameworkSmoke.unity","c14a72a30a0796249b7fb08142f1da0d","Assets/Resources/Prefab/VFX/AatroxQ1VFX.prefab","c104df327fc900e459d8d8d88080e74c","Transitive","ClientPresentation",
"Assets/Scenes/Tests/FrameworkSmoke.unity","c14a72a30a0796249b7fb08142f1da0d","Assets/Resources/Prefab/VFX/AatroxQ2VFX.prefab","e548ee90e7b95e74fa2b03d68ec88b7a","Transitive","ClientPresentation",
"Assets/Scenes/Tests/FrameworkSmoke.unity","c14a72a30a0796249b7fb08142f1da0d","Assets/Resources/Prefab/VFX/AatroxQ3VFX.prefab","4c4378ba777eca9439d5d0e74413316d","Transitive","ClientPresentation",
"Assets/Scenes/Tests/FrameworkSmoke.unity","c14a72a30a0796249b7fb08142f1da0d","Assets/Scripts/Bootstrap/ClientUnitOutline.cs","e27fb308c093d80429c4af615daf7055","Transitive","EditorOrCode",
"Assets/Scenes/Tests/FrameworkSmoke.unity","c14a72a30a0796249b7fb08142f1da0d","Assets/Scripts/Bootstrap/GameBootstrap.cs","36f3934a9416b444e9263afe45218556","Direct","EditorOrCode",
"Assets/Scenes/Tests/FrameworkSmoke.unity","c14a72a30a0796249b7fb08142f1da0d","Assets/Scripts/FrameSync/BuffDrivenBoneVisibility.cs","324c940c39f36834eaab67a7a73936d5","Transitive","EditorOrCode",
"Assets/Scenes/Tests/FrameworkSmoke.unity","c14a72a30a0796249b7fb08142f1da0d","Assets/Scripts/FrameSync/PresentationSocketSet.cs","a7c8b8e0d56dd714c96ff5e67047c8f0","Transitive","EditorOrCode",
"Assets/Scenes/Tests/FrameworkSmoke.unity","c14a72a30a0796249b7fb08142f1da0d","Assets/Scripts/FrameSync/ProjectileAreaRadiusVisualizer.cs","86856d9775574c2499fb3eb5c2f133b1","Transitive","EditorOrCode",
"Assets/Scenes/Tests/FrameworkSmoke.unity","c14a72a30a0796249b7fb08142f1da0d","Assets/Scripts/FrameSync/TowerTargetLinePresenter.cs","44765ad328b802541a8af70d5df2a94c","Transitive","EditorOrCode",
"Assets/Scenes/Tests/FrameworkSmoke.unity","c14a72a30a0796249b7fb08142f1da0d","Assets/Scripts/FrameSync/UnitAnimationDriver.cs","377bfec80d767444382fe67b6c4c5b38","Transitive","EditorOrCode",
"Assets/Scenes/Tests/FrameworkSmoke.unity","c14a72a30a0796249b7fb08142f1da0d","Assets/Scripts/FrameSync/UnitPresentationHost.cs","94939c62f8549054d9238b3896698fe4","Transitive","EditorOrCode",
"Assets/Scenes/Tests/FrameworkSmoke.unity","c14a72a30a0796249b7fb08142f1da0d","Assets/Scripts/Gameplay/Ability/AatroxAbilityZoneAuthoringGizmo.cs","6da65dcc93f367e499b7695a3ab97ffb","Transitive","EditorOrCode",
"Assets/Scenes/Tests/FrameworkSmoke.unity","c14a72a30a0796249b7fb08142f1da0d","Assets/Scripts/Gameplay/Ability/AbilityAsset.cs","c1ffb938a26d10b46b88354c8e8aeb8a","Transitive","EditorOrCode",
"Assets/Scenes/Tests/FrameworkSmoke.unity","c14a72a30a0796249b7fb08142f1da0d","Assets/Scripts/Gameplay/Ability/AbilityHandler.cs","4f79abb261c1b3b4bb423e8924a50d88","Transitive","EditorOrCode",
"Assets/Scenes/Tests/FrameworkSmoke.unity","c14a72a30a0796249b7fb08142f1da0d","Assets/Scripts/Gameplay/Ability/AbilityLoadoutAsset.cs","d777bfd7214aa684283d480f804d60ed","Transitive","EditorOrCode",
"Assets/Scenes/Tests/FrameworkSmoke.unity","c14a72a30a0796249b7fb08142f1da0d","Assets/Scripts/Gameplay/Ability/AbilityRuntimeCatalogAsset.cs","5dd9fe71164fdd74d8c227b087003d1a","Transitive","EditorOrCode",
"Assets/Scenes/Tests/FrameworkSmoke.unity","c14a72a30a0796249b7fb08142f1da0d","Assets/Scripts/Gameplay/Ability/FixedPassiveDefinitionAsset.cs","60509f831563fe34eb5e0fa5db121c3c","Transitive","EditorOrCode",
"Assets/Scenes/Tests/FrameworkSmoke.unity","c14a72a30a0796249b7fb08142f1da0d","Assets/Scripts/Gameplay/Attack/AttackHandler.cs","11536609f17ade44196b69b7297fbadf","Transitive","EditorOrCode",
"Assets/Scenes/Tests/FrameworkSmoke.unity","c14a72a30a0796249b7fb08142f1da0d","Assets/Scripts/Gameplay/Attack/TowerAttackHandler.cs","d7749b323d4bedd41905d72bfd3b55bc","Transitive","EditorOrCode",
"Assets/Scenes/Tests/FrameworkSmoke.unity","c14a72a30a0796249b7fb08142f1da0d","Assets/Scripts/Gameplay/Buff/BuffHandler.cs","75af4f65fc14b0e47a13cf0f26e0fb62","Transitive","EditorOrCode",
"Assets/Scenes/Tests/FrameworkSmoke.unity","c14a72a30a0796249b7fb08142f1da0d","Assets/Scripts/Gameplay/CrowdControl/CrowdControlHandler.cs","3fbd12ccb1f37e24c8448b6322cda983","Transitive","EditorOrCode",
"Assets/Scenes/Tests/FrameworkSmoke.unity","c14a72a30a0796249b7fb08142f1da0d","Assets/Scripts/Gameplay/Equipment/EquipmentHandler.cs","1d296fac7364e2f4b8449516654b37a4","Transitive","EditorOrCode",
"Assets/Scenes/Tests/FrameworkSmoke.unity","c14a72a30a0796249b7fb08142f1da0d","Assets/Scripts/Gameplay/Movement/MovementHandler.cs","0493a04bad49cf540a1384de14b9aa2f","Transitive","EditorOrCode",
"Assets/Scenes/Tests/FrameworkSmoke.unity","c14a72a30a0796249b7fb08142f1da0d","Assets/Scripts/Gameplay/Pathfinding/DeterministicMapConfig.cs","d27708bbd537c3d4fa44ec30e908300d","Transitive","EditorOrCode",
"Assets/Scenes/Tests/FrameworkSmoke.unity","c14a72a30a0796249b7fb08142f1da0d","Assets/Scripts/Gameplay/Presentation/UnitAnimationProfile.cs","7112a06ac3587ca46ba2dbfa5b35902b","Transitive","EditorOrCode",
"Assets/Scenes/Tests/FrameworkSmoke.unity","c14a72a30a0796249b7fb08142f1da0d","Assets/Scripts/Gameplay/Projectile/ProjectileContainmentZoneAuthoring.cs","213be447bab72bf44b67f992a84f55ce","Transitive","EditorOrCode",
"Assets/Scenes/Tests/FrameworkSmoke.unity","c14a72a30a0796249b7fb08142f1da0d","Assets/Scripts/Gameplay/Stats/StatHandler.cs","d83cb680cdcf541438b70b0b87eb51fa","Transitive","EditorOrCode",
"Assets/Scenes/Tests/FrameworkSmoke.unity","c14a72a30a0796249b7fb08142f1da0d","Assets/Scripts/Gameplay/Unit/Authoring/UnitRuntimeCatalogAsset.cs","b86cf68e04206d5488acf26a5bdc1e11","Transitive","EditorOrCode",
"Assets/Scenes/Tests/FrameworkSmoke.unity","c14a72a30a0796249b7fb08142f1da0d","Assets/Scripts/Gameplay/Unit/Core/Unit.cs","d8b92a46f17a0c1408cebd31e093972b","Transitive","EditorOrCode",
"Assets/Scenes/Tests/FrameworkSmoke.unity","c14a72a30a0796249b7fb08142f1da0d","Assets/Scripts/Gameplay/Unit/Prototype/UnitDisposePolicyTable.cs","c25d6a58ba7ef1145afbc46887bedc11","Transitive","EditorOrCode",
"Assets/Scenes/Tests/FrameworkSmoke.unity","c14a72a30a0796249b7fb08142f1da0d","Assets/Scripts/Physics/Core/PhysicsEntity2D.cs","cf2e4b89224828f48befee4b715885df","Transitive","EditorOrCode",
"Assets/Scenes/Tests/FrameworkSmoke.unity","c14a72a30a0796249b7fb08142f1da0d","Assets/Scripts/Physics/Core/PhysicsEntity2DShapeAuthoring.cs","ed0a9cc1ab86cbe4484aa191eda97ca8","Transitive","EditorOrCode",
"Assets/Scenes/Tests/FrameworkSmoke.unity","c14a72a30a0796249b7fb08142f1da0d","Assets/Scripts/RuntimeConfig/GlobalGameplayData.cs","a55ff372add67d84c9a2664628d62911","Transitive","EditorOrCode",
"Assets/Scenes/Tests/FrameworkSmoke.unity","c14a72a30a0796249b7fb08142f1da0d","Assets/Scripts/RuntimeConfig/GlobalPrefabTable.cs","492af7122f0961340b9648f93f8af7f8","Transitive","EditorOrCode",
"Assets/Scenes/Tests/FrameworkSmoke.unity","c14a72a30a0796249b7fb08142f1da0d","Assets/Scripts/RuntimeConfig/HeroDisplayTable.cs","899e7bc53a633ee4dabd640727cd2076","Transitive","EditorOrCode",
"Assets/Scenes/Tests/FrameworkSmoke.unity","c14a72a30a0796249b7fb08142f1da0d","Assets/Shader/UnitOutlineRim.shader","66aa05f6f4814464ebf165d1aba43d7e","Transitive","ClientPresentation",
"Assets/Scenes/Tests/FrameworkSmoke.unity","c14a72a30a0796249b7fb08142f1da0d","Packages/com.siccity.gltfutility/Materials/URP/Standard (Metallic).shadergraph","a08f3a1c845d57c4293a42c3202574a1","Transitive","ThirdParty",
"Assets/Scenes/Tests/FrameworkSmoke.unity","c14a72a30a0796249b7fb08142f1da0d","Packages/com.siccity.gltfutility/Materials/URP/Standard (Specular).shadergraph","e6061ad897a8bd843b501d409aff8a22","Transitive","ThirdParty",
"Assets/Scenes/Tests/FrameworkSmoke.unity","c14a72a30a0796249b7fb08142f1da0d","Packages/com.siccity.gltfutility/Materials/URP/Standard Transparent (Metallic).shadergraph","bb6606ffd3868dd46a773758ff6901fc","Transitive","ThirdParty",
"Assets/Scenes/Tests/FrameworkSmoke.unity","c14a72a30a0796249b7fb08142f1da0d","Packages/com.siccity.gltfutility/Materials/URP/Standard Transparent (Specular).shadergraph","09512c1ba26fe804283ec6e09112e53c","Transitive","ThirdParty",
"Assets/Scenes/Tests/FrameworkSmoke.unity","c14a72a30a0796249b7fb08142f1da0d","Packages/com.siccity.gltfutility/Scripts/Editor/GLBImporter.cs","768a5a18fd6eb914f980bf85dd7b34ec","Transitive","ThirdParty",
"Assets/Scenes/Tests/FrameworkSmoke.unity","c14a72a30a0796249b7fb08142f1da0d","Packages/com.unity.render-pipelines.universal/Editor/AssetVersion.cs","d0353a89b1f911e48b9e16bdc9f2e058","Transitive","ThirdParty",
"Assets/Scenes/Tests/FrameworkSmoke.unity","c14a72a30a0796249b7fb08142f1da0d","Packages/com.unity.render-pipelines.universal/Editor/ShaderGraph/UniversalMetadata.cs","d2654ad3c17ab8a4ebb9fd0719795d21","Transitive","ThirdParty",
"Assets/Scenes/Tests/FrameworkSmoke.unity","c14a72a30a0796249b7fb08142f1da0d","Packages/com.unity.render-pipelines.universal/Runtime/Materials/Lit.mat","31321ba15b8f8eb4c954353edc038b1d","Transitive","ThirdParty",
"Assets/Scenes/Tests/FrameworkSmoke.unity","c14a72a30a0796249b7fb08142f1da0d","Packages/com.unity.render-pipelines.universal/Shaders/Lit.shader","933532a4fcc9baf4fa0491de14d08ed7","Transitive","ThirdParty",
"Assets/Scenes/Tests/FrameworkSmoke.unity","c14a72a30a0796249b7fb08142f1da0d","Packages/com.unity.shadergraph/Editor/Importers/ShaderGraphImporter.cs","625f186215c104763be7675aa2d941aa","Transitive","ThirdParty",
"Assets/Scenes/Tests/FrameworkSmoke.unity","c14a72a30a0796249b7fb08142f1da0d","Packages/com.unity.shadergraph/Editor/Importers/ShaderGraphMetadata.cs","b64ab828cd6c5b3479a4c575ca6617d5","Transitive","ThirdParty",
"Assets/Scenes/Tests/HeroTestScene.unity","20931c1595fb5c948ae62ad978025b5e","Assets/Input/PlayerInputActions.inputactions","d6e31e9846ced6441a31f8048ed616b1","Direct","Unclassified",
"Assets/Scenes/Tests/HeroTestScene.unity","20931c1595fb5c948ae62ad978025b5e","Assets/Scripts/Bootstrap/CameraController.cs","9afc3712177501f4bb6664a9e355f1d5","Direct","EditorOrCode",
"Assets/Scenes/Tests/HeroTestScene.unity","20931c1595fb5c948ae62ad978025b5e","Assets/Scripts/Bootstrap/Tests/DummySpawnPoint.cs","0a86a5752e6d33542a10c4451ce9cb5d","Direct","EditorOrCode",
"Assets/Scenes/Tests/HeroTestScene.unity","20931c1595fb5c948ae62ad978025b5e","Assets/Scripts/Bootstrap/Tests/PlayMode/HeroTestDriver.cs","c8a8f1acf6947bd4b946f6e9f68d2ce7","Direct","EditorOrCode",
"Assets/Scenes/Tests/HeroTestScene.unity","20931c1595fb5c948ae62ad978025b5e","Assets/Scripts/Bootstrap/Tests/PlayMode/HeroTestObstacle.cs","9cc89d3e7c8c9e34c8296df390e9d07b","Direct","EditorOrCode",
"Assets/Scenes/Tests/HeroTestScene.unity","20931c1595fb5c948ae62ad978025b5e","Assets/Scripts/Bootstrap/Tests/PlayerSpawnPoint.cs","9b3a6dc1ea420b7469b67becc2fe2117","Direct","EditorOrCode",
"Assets/Scenes/Tests/HeroTestScene.unity","20931c1595fb5c948ae62ad978025b5e","Assets/Scripts/PlayerInput/PlayerInputController.cs","3879c5fa40958574e96d5dfffacff08e","Direct","EditorOrCode",
"Assets/Scenes/Tests/HeroTestScene.unity","20931c1595fb5c948ae62ad978025b5e","Assets/Shader/TestObstacle.shader","4faaec4d605f0fe4da3ea2ac6b7f1421","Direct","ClientPresentation",
"Assets/Scenes/Tests/HeroTestScene.unity","20931c1595fb5c948ae62ad978025b5e","Packages/com.unity.inputsystem/InputSystem/Actions/InputActionAsset.cs","39fa3d8997a24136984ca6e2c99902bc","Transitive","ThirdParty",
"Assets/Scenes/Tests/HeroTestScene.unity","20931c1595fb5c948ae62ad978025b5e","Packages/com.unity.inputsystem/InputSystem/Actions/InputActionReference.cs","fc1515ab76e54f068e2f2207940fab32","Transitive","ThirdParty",
"Assets/Scenes/Tests/HeroTestScene.unity","20931c1595fb5c948ae62ad978025b5e","Packages/com.unity.inputsystem/InputSystem/Editor/AssetImporter/InputActionImporter.cs","8404be70184654265930450def6a9037","Transitive","ThirdParty",
"Assets/Scenes/Tests/HeroTestScene.unity","20931c1595fb5c948ae62ad978025b5e","Packages/com.unity.render-pipelines.universal/Runtime/UniversalAdditionalCameraData.cs","a79441f348de89743a2939f4d699eac1","Direct","ThirdParty",
"Assets/Scenes/Tests/HeroTestScene.unity","20931c1595fb5c948ae62ad978025b5e","Packages/com.unity.render-pipelines.universal/Runtime/UniversalAdditionalLightData.cs","474bcb49853aa07438625e644c072ee6","Direct","ThirdParty",
"Assets/Scenes/Tests/HeroTestScene.unity","20931c1595fb5c948ae62ad978025b5e","Packages/com.unity.render-pipelines.universal/Shaders/Lit.shader","933532a4fcc9baf4fa0491de14d08ed7","Direct","ThirdParty",
"Assets/Scenes/Tests/MinionTowerLongRunTest.unity","51e1012937cd03b46871f5ff0022e507","Assets/Art/Icon/Ability/Aatrox/AatroxQ1.png","e894b675c21081c48870a9a7933c7439","Transitive","ClientPresentation",
"Assets/Scenes/Tests/MinionTowerLongRunTest.unity","51e1012937cd03b46871f5ff0022e507","Assets/Art/Icon/Ability/Aatrox/AatroxQ2.png","00e9e3466d875504dacc31d33410c22a","Transitive","ClientPresentation",
"Assets/Scenes/Tests/MinionTowerLongRunTest.unity","51e1012937cd03b46871f5ff0022e507","Assets/Art/Icon/Ability/Aatrox/AatroxQ3.png","6b760e2beac14724da8a55d9ff3ecd64","Transitive","ClientPresentation",
"Assets/Scenes/Tests/MinionTowerLongRunTest.unity","51e1012937cd03b46871f5ff0022e507","Assets/Art/Icon/Ability/Varus/韦鲁斯E.png","0d1ee503e046e064790a584b400c97e2","Transitive","ClientPresentation",
"Assets/Scenes/Tests/MinionTowerLongRunTest.unity","51e1012937cd03b46871f5ff0022e507","Assets/Art/Icon/Ability/Varus/韦鲁斯Q_未蓄力.png","6118bc6bfec0b614594d040f5541d5bd","Transitive","ClientPresentation",
"Assets/Scenes/Tests/MinionTowerLongRunTest.unity","51e1012937cd03b46871f5ff0022e507","Assets/Art/Icon/Ability/Varus/韦鲁斯Q_蓄力中.png","4fadc3515107f0e4e979a26aeaa8e7b7","Transitive","ClientPresentation",
"Assets/Scenes/Tests/MinionTowerLongRunTest.unity","51e1012937cd03b46871f5ff0022e507","Assets/Art/Icon/Ability/Varus/韦鲁斯R.png","780063d3e4c43d144951a3e1a5cd50f8","Transitive","ClientPresentation",
"Assets/Scenes/Tests/MinionTowerLongRunTest.unity","51e1012937cd03b46871f5ff0022e507","Assets/Art/Icon/Ability/Varus/韦鲁斯W_未激活.png","dbf61c3eedeecfa41adf5571348e67a1","Transitive","ClientPresentation",
"Assets/Scenes/Tests/MinionTowerLongRunTest.unity","51e1012937cd03b46871f5ff0022e507","Assets/Art/Icon/Ability/Varus/韦鲁斯W_激活中.png","b7596755b9731874abd6b653cbfdec07","Transitive","ClientPresentation",
"Assets/Scenes/Tests/MinionTowerLongRunTest.unity","51e1012937cd03b46871f5ff0022e507","Assets/Art/Icon/Ability/Varus/韦鲁斯被动.png","f6b922f5d10cb3741a50fbfd1dc7bddf","Transitive","ClientPresentation",
"Assets/Scenes/Tests/MinionTowerLongRunTest.unity","51e1012937cd03b46871f5ff0022e507","Assets/Art/Icon/Hero/Aatrox.png","05cc6a8fbb52ed246b0f3b4720325ef1","Transitive","ClientPresentation",
"Assets/Scenes/Tests/MinionTowerLongRunTest.unity","51e1012937cd03b46871f5ff0022e507","Assets/Art/Icon/Hero/Varus.jpg","b54876e9c470b774fa7adc1a21c34d1e","Transitive","ClientPresentation",
"Assets/Scenes/Tests/MinionTowerLongRunTest.unity","51e1012937cd03b46871f5ff0022e507","Assets/Art/Img/剑魔Q1特效.png","6639585702dbaa74f854854c9b44fec5","Transitive","ClientPresentation",
"Assets/Scenes/Tests/MinionTowerLongRunTest.unity","51e1012937cd03b46871f5ff0022e507","Assets/Art/Img/剑魔Q2特效.png","1d8b1aceb7498f648a82afd1cc27343e","Transitive","ClientPresentation",
"Assets/Scenes/Tests/MinionTowerLongRunTest.unity","51e1012937cd03b46871f5ff0022e507","Assets/Art/Img/剑魔Q3特效.png","27f4cf630739603478c09255ee54bbf7","Transitive","ClientPresentation",
"Assets/Scenes/Tests/MinionTowerLongRunTest.unity","51e1012937cd03b46871f5ff0022e507","Assets/Art/Img/韦鲁斯E污染地面贴图.png","8fe40a9a092a27d47aab50fba5763bef","Transitive","ClientPresentation",
"Assets/Scenes/Tests/MinionTowerLongRunTest.unity","51e1012937cd03b46871f5ff0022e507","Assets/Art/Model/惩戒之箭.glb","8f40f99fab8436a49b4e59ff72e4a06c","Transitive","ClientPresentation",
"Assets/Scenes/Tests/MinionTowerLongRunTest.unity","51e1012937cd03b46871f5ff0022e507","Assets/Art/Model/暗裔剑魔.glb","685c437926c856740894fdf207975bb1","Transitive","ClientPresentation",
"Assets/Scenes/Tests/MinionTowerLongRunTest.unity","51e1012937cd03b46871f5ff0022e507","Assets/Art/Model/红方近战小兵.glb","c890ea416b8790e408fe2b525edec67f","Transitive","ClientPresentation",
"Assets/Scenes/Tests/MinionTowerLongRunTest.unity","51e1012937cd03b46871f5ff0022e507","Assets/Art/Model/红方远程小兵.glb","ddbb9a9fe8ffc8e43a83662e68f48609","Transitive","ClientPresentation",
"Assets/Scenes/Tests/MinionTowerLongRunTest.unity","51e1012937cd03b46871f5ff0022e507","Assets/Art/Model/红方防御塔.glb","804b36482ac2a7445b4ba95e89e1699c","Transitive","ClientPresentation",
"Assets/Scenes/Tests/MinionTowerLongRunTest.unity","51e1012937cd03b46871f5ff0022e507","Assets/Art/Model/蓝方近战小兵.glb","992d5acb9b350e749baa94ae4267cecb","Transitive","ClientPresentation",
"Assets/Scenes/Tests/MinionTowerLongRunTest.unity","51e1012937cd03b46871f5ff0022e507","Assets/Art/Model/蓝方远程小兵.glb","065c37ae71d0926459365abaef2cd1a4","Transitive","ClientPresentation",
"Assets/Scenes/Tests/MinionTowerLongRunTest.unity","51e1012937cd03b46871f5ff0022e507","Assets/Art/Model/蓝方防御塔.glb","5c2dda9b8c528924ca647ec45754439c","Transitive","ClientPresentation",
"Assets/Scenes/Tests/MinionTowerLongRunTest.unity","51e1012937cd03b46871f5ff0022e507","Assets/Art/Model/韦鲁斯_E特效.glb","ec4bfcbd6fd33364aa532d3531de3147","Transitive","ClientPresentation",
"Assets/Scenes/Tests/MinionTowerLongRunTest.unity","51e1012937cd03b46871f5ff0022e507","Assets/Art/Model/韦鲁斯_Q投掷物.glb","e0b83d01f6e7a5d42b78738662005672","Transitive","ClientPresentation",
"Assets/Scenes/Tests/MinionTowerLongRunTest.unity","51e1012937cd03b46871f5ff0022e507","Assets/Art/Model/韦鲁斯_R投掷物.glb","3776dc52365ba9c488f0be67dd419620","Transitive","ClientPresentation",
"Assets/Scenes/Tests/MinionTowerLongRunTest.unity","51e1012937cd03b46871f5ff0022e507","Assets/Art/Model/韦鲁斯_攻击投掷物.glb","c045de92664f45c45bb57374a5965859","Transitive","ClientPresentation",
"Assets/Scenes/Tests/MinionTowerLongRunTest.unity","51e1012937cd03b46871f5ff0022e507","Assets/Art/Texture/Texturelabs_Soil_143L.jpg","0452dc9ca521f63459497b9d0fa959fc","Transitive","ClientPresentation",
"Assets/Scenes/Tests/MinionTowerLongRunTest.unity","51e1012937cd03b46871f5ff0022e507","Assets/Art/Texture/Texturelabs_Stone_166M.jpg","e99a2146f01934841a60045e137ebb71","Transitive","ClientPresentation",
"Assets/Scenes/Tests/MinionTowerLongRunTest.unity","51e1012937cd03b46871f5ff0022e507","Assets/Config/Formal/Abilities/Aatrox/AatroxAbilityLoadout.asset","8fbc76321103fb247bd648e41ad357f7","Transitive","SharedConfig",
"Assets/Scenes/Tests/MinionTowerLongRunTest.unity","51e1012937cd03b46871f5ff0022e507","Assets/Config/Formal/Abilities/Aatrox/AatroxQ.asset","068666dd3d20a5f489558bcc4a192c7e","Transitive","SharedConfig",
"Assets/Scenes/Tests/MinionTowerLongRunTest.unity","51e1012937cd03b46871f5ff0022e507","Assets/Config/Formal/Abilities/VarusAbilityLoadout.asset","71946883abc6c8a47bdcc5c3a61b356c","Transitive","SharedConfig",
"Assets/Scenes/Tests/MinionTowerLongRunTest.unity","51e1012937cd03b46871f5ff0022e507","Assets/Config/Formal/Abilities/VarusAbilityRuntimeCatalog.asset","e09025f013ae7a8449335c6356fee5fb","Direct","SharedConfig",
"Assets/Scenes/Tests/MinionTowerLongRunTest.unity","51e1012937cd03b46871f5ff0022e507","Assets/Config/Formal/Abilities/VarusE.asset","83ba0131923d35144bae77d6654b9c35","Transitive","SharedConfig",
"Assets/Scenes/Tests/MinionTowerLongRunTest.unity","51e1012937cd03b46871f5ff0022e507","Assets/Config/Formal/Abilities/VarusFixedPassive.asset","91eaffc7874ccd141add968c10da300a","Transitive","SharedConfig",
"Assets/Scenes/Tests/MinionTowerLongRunTest.unity","51e1012937cd03b46871f5ff0022e507","Assets/Config/Formal/Abilities/VarusQ.asset","1d39b6fcb4a6c3a4d93f531a7d71e0df","Transitive","SharedConfig",
"Assets/Scenes/Tests/MinionTowerLongRunTest.unity","51e1012937cd03b46871f5ff0022e507","Assets/Config/Formal/Abilities/VarusR.asset","b4215bedc8e28eb418a072e305076585","Transitive","SharedConfig",
"Assets/Scenes/Tests/MinionTowerLongRunTest.unity","51e1012937cd03b46871f5ff0022e507","Assets/Config/Formal/Abilities/VarusW.asset","cebff4eed8f123e489b437871eeb891a","Transitive","SharedConfig",
"Assets/Scenes/Tests/MinionTowerLongRunTest.unity","51e1012937cd03b46871f5ff0022e507","Assets/Config/Formal/Animation/AatroxAnimationProfile.asset","eaec47e1763f63a45809fd1c3d29ca8e","Transitive","SharedConfig",
"Assets/Scenes/Tests/MinionTowerLongRunTest.unity","51e1012937cd03b46871f5ff0022e507","Assets/Config/Formal/Animation/CasterBlue.controller","793b6c33ccfc57a46be4ac1600b67f32","Transitive","ClientPresentation",
"Assets/Scenes/Tests/MinionTowerLongRunTest.unity","51e1012937cd03b46871f5ff0022e507","Assets/Config/Formal/Animation/CasterRed.controller","9e720db7282df5a4c9f4a58d73fb6e96","Transitive","ClientPresentation",
"Assets/Scenes/Tests/MinionTowerLongRunTest.unity","51e1012937cd03b46871f5ff0022e507","Assets/Config/Formal/Animation/MeleeBlue.controller","625352f2e73df0c4982f6a5367c1d5c6","Transitive","ClientPresentation",
"Assets/Scenes/Tests/MinionTowerLongRunTest.unity","51e1012937cd03b46871f5ff0022e507","Assets/Config/Formal/Animation/MeleeRed.controller","1e22e6272edcbb94a8f92628a64f566a","Transitive","ClientPresentation",
"Assets/Scenes/Tests/MinionTowerLongRunTest.unity","51e1012937cd03b46871f5ff0022e507","Assets/Config/Formal/Animation/TestUnitAnimationProfile.asset","3592d1e3449411743befb9d5763bcfe9","Transitive","SharedConfig",
"Assets/Scenes/Tests/MinionTowerLongRunTest.unity","51e1012937cd03b46871f5ff0022e507","Assets/Config/Formal/Animation/Varus.controller","44660058be562344494669a80981d4b3","Transitive","ClientPresentation",
"Assets/Scenes/Tests/MinionTowerLongRunTest.unity","51e1012937cd03b46871f5ff0022e507","Assets/Config/Formal/FlowFields/FlowField_Team1_Large.asset","dcf7180b84934334cb97d83f97d0bee0","Transitive","SharedConfig",
"Assets/Scenes/Tests/MinionTowerLongRunTest.unity","51e1012937cd03b46871f5ff0022e507","Assets/Config/Formal/FlowFields/FlowField_Team1_Medium.asset","4637441032303ee4b9bf02aa83264d27","Transitive","SharedConfig",
"Assets/Scenes/Tests/MinionTowerLongRunTest.unity","51e1012937cd03b46871f5ff0022e507","Assets/Config/Formal/FlowFields/FlowField_Team1_Small.asset","2e6cf1ea45336fe40896128818973436","Transitive","SharedConfig",
"Assets/Scenes/Tests/MinionTowerLongRunTest.unity","51e1012937cd03b46871f5ff0022e507","Assets/Config/Formal/FlowFields/FlowField_Team2_Large.asset","1c1753d82b1abf44595899bb234670d8","Transitive","SharedConfig",
"Assets/Scenes/Tests/MinionTowerLongRunTest.unity","51e1012937cd03b46871f5ff0022e507","Assets/Config/Formal/FlowFields/FlowField_Team2_Medium.asset","70b80eccfc43c194bb035c2caef9bb69","Transitive","SharedConfig",
"Assets/Scenes/Tests/MinionTowerLongRunTest.unity","51e1012937cd03b46871f5ff0022e507","Assets/Config/Formal/FlowFields/FlowField_Team2_Small.asset","6db431ebbaf4a01498cc2ccf2adebf93","Transitive","SharedConfig",
"Assets/Scenes/Tests/MinionTowerLongRunTest.unity","51e1012937cd03b46871f5ff0022e507","Assets/Config/Formal/FullMatchDeterministicMapConfig.asset","f1c4e69f4a5028647b5c47fb0408da9f","Direct","SharedConfig",
"Assets/Scenes/Tests/MinionTowerLongRunTest.unity","51e1012937cd03b46871f5ff0022e507","Assets/Config/Formal/FullMatchMinionWaveConfig.asset","56cfde14cc8802849bbae5bb8733b5d9","Direct","SharedConfig",
"Assets/Scenes/Tests/MinionTowerLongRunTest.unity","51e1012937cd03b46871f5ff0022e507","Assets/Config/Formal/FullMatchProjectileRuntimeCatalog.asset","e548718fd0a6b7d4b87db7539574720f","Direct","SharedConfig",
"Assets/Scenes/Tests/MinionTowerLongRunTest.unity","51e1012937cd03b46871f5ff0022e507","Assets/Config/Formal/FullMatchUnitDisposePolicyTable.asset","a94aa9b65aa66d9438c9752a791476bd","Transitive","SharedConfig",
"Assets/Scenes/Tests/MinionTowerLongRunTest.unity","51e1012937cd03b46871f5ff0022e507","Assets/Config/Formal/FullMatchUnitRuntimeCatalog.asset","cf6a213803fa81b4cb7ac2699f40045b","Direct","SharedConfig",
"Assets/Scenes/Tests/MinionTowerLongRunTest.unity","51e1012937cd03b46871f5ff0022e507","Assets/Config/Formal/FullMatchVfxLibrary.asset","8b765830955140048b5e07ba16c7167d","Direct","SharedConfig",
"Assets/Scenes/Tests/MinionTowerLongRunTest.unity","51e1012937cd03b46871f5ff0022e507","Assets/Config/Formal/GlobalGameplayData.asset","8b0cdcd39dbb2964baebdd8475f1e60e","Direct","SharedConfig",
"Assets/Scenes/Tests/MinionTowerLongRunTest.unity","51e1012937cd03b46871f5ff0022e507","Assets/Config/Formal/GlobalPrefabTable.asset","0afb3a04101933e4db188d9d13aa30ea","Transitive","SharedConfig",
"Assets/Scenes/Tests/MinionTowerLongRunTest.unity","51e1012937cd03b46871f5ff0022e507","Assets/Config/Formal/HeroDisplayTable.asset","c5958d1073b594545aa68c722dd4feb1","Transitive","SharedConfig",
"Assets/Scenes/Tests/MinionTowerLongRunTest.unity","51e1012937cd03b46871f5ff0022e507","Assets/Config/Formal/UnitOutlineRim.mat","864a3b4ca3d42f44484fae1ef521e889","Transitive","ClientPresentation",
"Assets/Scenes/Tests/MinionTowerLongRunTest.unity","51e1012937cd03b46871f5ff0022e507","Assets/Resources/Animation/Aatrox/AatroxAnimator.controller","d090724705de58f42bfa939f13959d54","Transitive","ClientPresentation",
"Assets/Scenes/Tests/MinionTowerLongRunTest.unity","51e1012937cd03b46871f5ff0022e507","Assets/Resources/Animation/Aatrox/AatroxAttack1.anim","12e8ff2fc426e7349bbe8b01bcd623fa","Transitive","ClientPresentation",
"Assets/Scenes/Tests/MinionTowerLongRunTest.unity","51e1012937cd03b46871f5ff0022e507","Assets/Resources/Animation/Aatrox/AatroxAttack1_ULT.anim","50fe63f7d202f934091bf07b5585b558","Transitive","ClientPresentation",
"Assets/Scenes/Tests/MinionTowerLongRunTest.unity","51e1012937cd03b46871f5ff0022e507","Assets/Resources/Animation/Aatrox/AatroxAttack2.anim","8f774a9762de4fc4688a4b4aa3a8dba0","Transitive","ClientPresentation",
"Assets/Scenes/Tests/MinionTowerLongRunTest.unity","51e1012937cd03b46871f5ff0022e507","Assets/Resources/Animation/Aatrox/AatroxAttack2_ULT.anim","e1d18de90d26ce44f8088bedab4fcff2","Transitive","ClientPresentation",
"Assets/Scenes/Tests/MinionTowerLongRunTest.unity","51e1012937cd03b46871f5ff0022e507","Assets/Resources/Animation/Aatrox/AatroxAttack_Passive.anim","2f849e9442d822f47a3870574c4a6f04","Transitive","ClientPresentation",
"Assets/Scenes/Tests/MinionTowerLongRunTest.unity","51e1012937cd03b46871f5ff0022e507","Assets/Resources/Animation/Aatrox/AatroxAttack_Passive_ULT.anim","cb8af5fafd460494bb531c784d655771","Transitive","ClientPresentation",
"Assets/Scenes/Tests/MinionTowerLongRunTest.unity","51e1012937cd03b46871f5ff0022e507","Assets/Resources/Animation/Aatrox/AatroxDash.anim","62c340cc1d351fd448767528cd7b18aa","Transitive","ClientPresentation",
"Assets/Scenes/Tests/MinionTowerLongRunTest.unity","51e1012937cd03b46871f5ff0022e507","Assets/Resources/Animation/Aatrox/AatroxDash_Passive.anim","e77537776c85e054a9d8b5d82ba02afd","Transitive","ClientPresentation",
"Assets/Scenes/Tests/MinionTowerLongRunTest.unity","51e1012937cd03b46871f5ff0022e507","Assets/Resources/Animation/Aatrox/AatroxDash_ULT.anim","00254f01ef82f4944b2f557e85a4bcd9","Transitive","ClientPresentation",
"Assets/Scenes/Tests/MinionTowerLongRunTest.unity","51e1012937cd03b46871f5ff0022e507","Assets/Resources/Animation/Aatrox/AatroxDeath.anim","41acb76393344ac4a89b13a8fe2de2ae","Transitive","ClientPresentation",
"Assets/Scenes/Tests/MinionTowerLongRunTest.unity","51e1012937cd03b46871f5ff0022e507","Assets/Resources/Animation/Aatrox/AatroxIdle.anim","f9323091a2488f34799ca56e363d19a1","Transitive","ClientPresentation",
"Assets/Scenes/Tests/MinionTowerLongRunTest.unity","51e1012937cd03b46871f5ff0022e507","Assets/Resources/Animation/Aatrox/AatroxIdle_Passive.anim","c5885abca03bcb046939b45b012f6cc3","Transitive","ClientPresentation",
"Assets/Scenes/Tests/MinionTowerLongRunTest.unity","51e1012937cd03b46871f5ff0022e507","Assets/Resources/Animation/Aatrox/AatroxIdle_ULT.anim","7f8156845366f334b9e11e5f019de16b","Transitive","ClientPresentation",
"Assets/Scenes/Tests/MinionTowerLongRunTest.unity","51e1012937cd03b46871f5ff0022e507","Assets/Resources/Animation/Aatrox/AatroxQ1.anim","b158f602146c5c343b09ea6a99ad1a0b","Transitive","ClientPresentation",
"Assets/Scenes/Tests/MinionTowerLongRunTest.unity","51e1012937cd03b46871f5ff0022e507","Assets/Resources/Animation/Aatrox/AatroxQ1_ULT.anim","9436315b9f0aab44eb88add8256eacea","Transitive","ClientPresentation",
"Assets/Scenes/Tests/MinionTowerLongRunTest.unity","51e1012937cd03b46871f5ff0022e507","Assets/Resources/Animation/Aatrox/AatroxQ2.anim","9dd0d0d373c5998438bbf729f578ffeb","Transitive","ClientPresentation",
"Assets/Scenes/Tests/MinionTowerLongRunTest.unity","51e1012937cd03b46871f5ff0022e507","Assets/Resources/Animation/Aatrox/AatroxQ2_ULT.anim","0f3454a5803ba43438dc565f38c1ae2b","Transitive","ClientPresentation",
"Assets/Scenes/Tests/MinionTowerLongRunTest.unity","51e1012937cd03b46871f5ff0022e507","Assets/Resources/Animation/Aatrox/AatroxQ3.anim","e23aedc8a42711644b6152f30efd7145","Transitive","ClientPresentation",
"Assets/Scenes/Tests/MinionTowerLongRunTest.unity","51e1012937cd03b46871f5ff0022e507","Assets/Resources/Animation/Aatrox/AatroxQ3_ULT.anim","0f4a407080caf764289170dca5b7e07e","Transitive","ClientPresentation",
"Assets/Scenes/Tests/MinionTowerLongRunTest.unity","51e1012937cd03b46871f5ff0022e507","Assets/Resources/Animation/Aatrox/AatroxSpellR.anim","d854f4c196f0acd46b56d5e28d614568","Transitive","ClientPresentation",
"Assets/Scenes/Tests/MinionTowerLongRunTest.unity","51e1012937cd03b46871f5ff0022e507","Assets/Resources/Animation/Aatrox/AatroxSpellW.anim","0cece2fc29ce15848b3f8179dff77dd2","Transitive","ClientPresentation",
"Assets/Scenes/Tests/MinionTowerLongRunTest.unity","51e1012937cd03b46871f5ff0022e507","Assets/Resources/Animation/Aatrox/AatroxSpellW_ULT.anim","3255706c8bc0cbb49b66da53ce53b4be","Transitive","ClientPresentation",
"Assets/Scenes/Tests/MinionTowerLongRunTest.unity","51e1012937cd03b46871f5ff0022e507","Assets/Resources/Animation/Aatrox/AatroxULTOut.anim","084921aef66c5414f9e631cdcc704f86","Transitive","ClientPresentation",
"Assets/Scenes/Tests/MinionTowerLongRunTest.unity","51e1012937cd03b46871f5ff0022e507","Assets/Resources/Animation/Aatrox/AatroxWalk.anim","8f6f603150ba43f428a896ae1d76c40e","Transitive","ClientPresentation",
"Assets/Scenes/Tests/MinionTowerLongRunTest.unity","51e1012937cd03b46871f5ff0022e507","Assets/Resources/Animation/Aatrox/AatroxWalk_Passive.anim","fb0fba21833fd2e428bd8287764bc5af","Transitive","ClientPresentation",
"Assets/Scenes/Tests/MinionTowerLongRunTest.unity","51e1012937cd03b46871f5ff0022e507","Assets/Resources/Animation/Aatrox/AatroxWalk_ULT.anim","b56520861af749c48ac057f92a1c2b5e","Transitive","ClientPresentation",
"Assets/Scenes/Tests/MinionTowerLongRunTest.unity","51e1012937cd03b46871f5ff0022e507","Assets/Resources/Animation/Minion/Blue/CasterMinion_Attack.anim","c3935cbe8b1fe8e4fbe3f6c4b1a6e0d4","Transitive","ClientPresentation",
"Assets/Scenes/Tests/MinionTowerLongRunTest.unity","51e1012937cd03b46871f5ff0022e507","Assets/Resources/Animation/Minion/Blue/CasterMinion_Death.anim","2fb47ec91b9d29a4c884fc942847e266","Transitive","ClientPresentation",
"Assets/Scenes/Tests/MinionTowerLongRunTest.unity","51e1012937cd03b46871f5ff0022e507","Assets/Resources/Animation/Minion/Blue/CasterMinion_Idle.anim","f2693f32fca6fed4494c5fe1d7c73140","Transitive","ClientPresentation",
"Assets/Scenes/Tests/MinionTowerLongRunTest.unity","51e1012937cd03b46871f5ff0022e507","Assets/Resources/Animation/Minion/Blue/CasterMinion_Walk.anim","03af889a600a66947869e83181c5643f","Transitive","ClientPresentation",
"Assets/Scenes/Tests/MinionTowerLongRunTest.unity","51e1012937cd03b46871f5ff0022e507","Assets/Resources/Animation/Minion/Blue/MeleeMinion_Attack.anim","220dd8ba7c6b7e646b4b1946c3d52ef8","Transitive","ClientPresentation",
"Assets/Scenes/Tests/MinionTowerLongRunTest.unity","51e1012937cd03b46871f5ff0022e507","Assets/Resources/Animation/Minion/Blue/MeleeMinion_Death.anim","62db727fa22d87a429e57c1e313cc344","Transitive","ClientPresentation",
"Assets/Scenes/Tests/MinionTowerLongRunTest.unity","51e1012937cd03b46871f5ff0022e507","Assets/Resources/Animation/Minion/Blue/MeleeMinion_Idle.anim","a3ad0c6a5ae3fd44ab340554970e0541","Transitive","ClientPresentation",
"Assets/Scenes/Tests/MinionTowerLongRunTest.unity","51e1012937cd03b46871f5ff0022e507","Assets/Resources/Animation/Minion/Blue/MeleeMinion_Walk.anim","a3b04fd15585d31409197d63cca03ebd","Transitive","ClientPresentation",
"Assets/Scenes/Tests/MinionTowerLongRunTest.unity","51e1012937cd03b46871f5ff0022e507","Assets/Resources/Animation/Minion/Red/CasterMinion_Attack.anim","70ca89583698d3d44901555f595528d1","Transitive","ClientPresentation",
"Assets/Scenes/Tests/MinionTowerLongRunTest.unity","51e1012937cd03b46871f5ff0022e507","Assets/Resources/Animation/Minion/Red/CasterMinion_Death.anim","2b85ea4cf35a5834f9a36a4596e813df","Transitive","ClientPresentation",
"Assets/Scenes/Tests/MinionTowerLongRunTest.unity","51e1012937cd03b46871f5ff0022e507","Assets/Resources/Animation/Minion/Red/CasterMinion_Idle.anim","51d8c0867d1ea8b4aaf146310afd9f02","Transitive","ClientPresentation",
"Assets/Scenes/Tests/MinionTowerLongRunTest.unity","51e1012937cd03b46871f5ff0022e507","Assets/Resources/Animation/Minion/Red/CasterMinion_Walk.anim","be899e3fb2a2dd341849032392f2957b","Transitive","ClientPresentation",
"Assets/Scenes/Tests/MinionTowerLongRunTest.unity","51e1012937cd03b46871f5ff0022e507","Assets/Resources/Animation/Minion/Red/MeleeMinion_Attack.anim","eb76ad0103f3efe4a8c7f104b18ba3b7","Transitive","ClientPresentation",
"Assets/Scenes/Tests/MinionTowerLongRunTest.unity","51e1012937cd03b46871f5ff0022e507","Assets/Resources/Animation/Minion/Red/MeleeMinion_Death.anim","667dcc2faad23a74a9a5f72f53e0ac1d","Transitive","ClientPresentation",
"Assets/Scenes/Tests/MinionTowerLongRunTest.unity","51e1012937cd03b46871f5ff0022e507","Assets/Resources/Animation/Minion/Red/MeleeMinion_Idle.anim","abc3ff4c728c48549a0cfb041d28afe1","Transitive","ClientPresentation",
"Assets/Scenes/Tests/MinionTowerLongRunTest.unity","51e1012937cd03b46871f5ff0022e507","Assets/Resources/Animation/Minion/Red/MeleeMinion_Walk.anim","a305521f5a779cb4ea289e5582eb2e2a","Transitive","ClientPresentation",
"Assets/Scenes/Tests/MinionTowerLongRunTest.unity","51e1012937cd03b46871f5ff0022e507","Assets/Resources/Animation/Turret/TurretBlue.controller","4c8eb35614430c040b29c9b33a5e1d5c","Transitive","ClientPresentation",
"Assets/Scenes/Tests/MinionTowerLongRunTest.unity","51e1012937cd03b46871f5ff0022e507","Assets/Resources/Animation/Turret/TurretBlueAnimationProfile.asset","0704006b28978b24d89ddc8d722b798e","Transitive","ClientPresentation",
"Assets/Scenes/Tests/MinionTowerLongRunTest.unity","51e1012937cd03b46871f5ff0022e507","Assets/Resources/Animation/Turret/TurretDestory_Blue.anim","107a79369ffc0914095510fb87ba6781","Transitive","ClientPresentation",
"Assets/Scenes/Tests/MinionTowerLongRunTest.unity","51e1012937cd03b46871f5ff0022e507","Assets/Resources/Animation/Turret/TurretDestory_Red.anim","5ebdcaeb4f0327541afe5e4a5ffe3438","Transitive","ClientPresentation",
"Assets/Scenes/Tests/MinionTowerLongRunTest.unity","51e1012937cd03b46871f5ff0022e507","Assets/Resources/Animation/Turret/TurretIdel_Red.anim","aa2b48c3faf9e5748a0a4be7c03c2197","Transitive","ClientPresentation",
"Assets/Scenes/Tests/MinionTowerLongRunTest.unity","51e1012937cd03b46871f5ff0022e507","Assets/Resources/Animation/Turret/TurretIdle_Blue.anim","88f8fb5f070c65f47acfe5dbe2f93031","Transitive","ClientPresentation",
"Assets/Scenes/Tests/MinionTowerLongRunTest.unity","51e1012937cd03b46871f5ff0022e507","Assets/Resources/Animation/Turret/TurretRed.controller","5593f884ef5e12a4baf9dfd3ccb04977","Transitive","ClientPresentation",
"Assets/Scenes/Tests/MinionTowerLongRunTest.unity","51e1012937cd03b46871f5ff0022e507","Assets/Resources/Animation/Turret/TurretRedAnimationProfile.asset","3168336f57ba06b4d8d9641835c44ef6","Transitive","ClientPresentation",
"Assets/Scenes/Tests/MinionTowerLongRunTest.unity","51e1012937cd03b46871f5ff0022e507","Assets/Resources/Animation/Varus/VarusAttack1.anim","0cf85d26f59eb7746bdb4a51a69a0f50","Transitive","ClientPresentation",
"Assets/Scenes/Tests/MinionTowerLongRunTest.unity","51e1012937cd03b46871f5ff0022e507","Assets/Resources/Animation/Varus/VarusAttack2.anim","23935cc971facab4480e1da8e5edbd92","Transitive","ClientPresentation",
"Assets/Scenes/Tests/MinionTowerLongRunTest.unity","51e1012937cd03b46871f5ff0022e507","Assets/Resources/Animation/Varus/VarusDeath.anim","91911fca58c97c249bc80badbe09f4a5","Transitive","ClientPresentation",
"Assets/Scenes/Tests/MinionTowerLongRunTest.unity","51e1012937cd03b46871f5ff0022e507","Assets/Resources/Animation/Varus/VarusIdle.anim","276c23e01035d5e4ea228102f7966744","Transitive","ClientPresentation",
"Assets/Scenes/Tests/MinionTowerLongRunTest.unity","51e1012937cd03b46871f5ff0022e507","Assets/Resources/Animation/Varus/VarusSpellE.anim","04a1600959a5a814d9dc7ffcf689abd9","Transitive","ClientPresentation",
"Assets/Scenes/Tests/MinionTowerLongRunTest.unity","51e1012937cd03b46871f5ff0022e507","Assets/Resources/Animation/Varus/VarusSpellQChanneling_Walk.anim","5f316e4f42754a54c91a85a08f1c2109","Transitive","ClientPresentation",
"Assets/Scenes/Tests/MinionTowerLongRunTest.unity","51e1012937cd03b46871f5ff0022e507","Assets/Resources/Animation/Varus/VarusSpellQ_ChannelingIdle.anim","0be8f0f20ceb7154683d8e7153807b32","Transitive","ClientPresentation",
"Assets/Scenes/Tests/MinionTowerLongRunTest.unity","51e1012937cd03b46871f5ff0022e507","Assets/Resources/Animation/Varus/VarusSpellQ_Fire.anim","59c9f8e0dcb3b8f4da24bd657198556e","Transitive","ClientPresentation",
"Assets/Scenes/Tests/MinionTowerLongRunTest.unity","51e1012937cd03b46871f5ff0022e507","Assets/Resources/Animation/Varus/VarusSpellR.anim","67ff9cd0d01dd0b47a0255bc14ee0ca1","Transitive","ClientPresentation",
"Assets/Scenes/Tests/MinionTowerLongRunTest.unity","51e1012937cd03b46871f5ff0022e507","Assets/Resources/Animation/Varus/VarusWalk.anim","53277acafa583bd42903fd3e03109128","Transitive","ClientPresentation",
"Assets/Scenes/Tests/MinionTowerLongRunTest.unity","51e1012937cd03b46871f5ff0022e507","Assets/Resources/Data/NetworkPrefabsList.asset","bf1aab27ed3866a41b0faf52a6725c38","Direct","Unclassified",
"Assets/Scenes/Tests/MinionTowerLongRunTest.unity","51e1012937cd03b46871f5ff0022e507","Assets/Resources/Material/亚托克斯通用材质.mat","3d347c0be0047484681175b0a46733ce","Transitive","ClientPresentation",
"Assets/Scenes/Tests/MinionTowerLongRunTest.unity","51e1012937cd03b46871f5ff0022e507","Assets/Resources/Material/地图基底材质.mat","ddf9d72465e9b634ca27a3e82688ed28","Transitive","ClientPresentation",
"Assets/Scenes/Tests/MinionTowerLongRunTest.unity","51e1012937cd03b46871f5ff0022e507","Assets/Resources/Material/地图障碍物材质.mat","2f188c1eb9ddcac4e86f383e0e18edb4","Transitive","ClientPresentation",
"Assets/Scenes/Tests/MinionTowerLongRunTest.unity","51e1012937cd03b46871f5ff0022e507","Assets/Resources/Material/红方远程小兵攻击投掷物.mat","66bd48b9f6739194a9e60f4aaac60ff9","Transitive","ClientPresentation",
"Assets/Scenes/Tests/MinionTowerLongRunTest.unity","51e1012937cd03b46871f5ff0022e507","Assets/Resources/Material/蓝方远程小兵攻击投掷物.mat","6881a8644760fcb47a6e5dbc6ddd218d","Transitive","ClientPresentation",
"Assets/Scenes/Tests/MinionTowerLongRunTest.unity","51e1012937cd03b46871f5ff0022e507","Assets/Resources/Material/韦鲁斯特效通用材质.mat","a22de958bf0c8ff47a18ee82d573f017","Transitive","ClientPresentation",
"Assets/Scenes/Tests/MinionTowerLongRunTest.unity","51e1012937cd03b46871f5ff0022e507","Assets/Resources/Prefab/Map.prefab","58908e293ad4aea44a8dbe5b7d9abd59","Direct","Unclassified",
"Assets/Scenes/Tests/MinionTowerLongRunTest.unity","51e1012937cd03b46871f5ff0022e507","Assets/Resources/Prefab/Missle/AatroxSpellWMissle.prefab","45b294545c967314f9decb88c44d5920","Transitive","Unclassified",
"Assets/Scenes/Tests/MinionTowerLongRunTest.unity","51e1012937cd03b46871f5ff0022e507","Assets/Resources/Prefab/Missle/BlueTeamGeneralAttackMissle.prefab","b3eb1d4dc78a3914883c5db568ff2514","Transitive","Unclassified",
"Assets/Scenes/Tests/MinionTowerLongRunTest.unity","51e1012937cd03b46871f5ff0022e507","Assets/Resources/Prefab/Missle/InfernalChainsArea.prefab","3561a9ede028f4741a955188d8b48b97","Transitive","Unclassified",
"Assets/Scenes/Tests/MinionTowerLongRunTest.unity","51e1012937cd03b46871f5ff0022e507","Assets/Resources/Prefab/Missle/RedTeamGeneralAttackMissle.prefab","d0e27105677f5f4439bc6bf3e582435c","Transitive","Unclassified",
"Assets/Scenes/Tests/MinionTowerLongRunTest.unity","51e1012937cd03b46871f5ff0022e507","Assets/Resources/Prefab/Missle/VarusAttackMissle.prefab","6f4a50dde2a01f745bed4b9d9324f5fa","Transitive","Unclassified",
"Assets/Scenes/Tests/MinionTowerLongRunTest.unity","51e1012937cd03b46871f5ff0022e507","Assets/Resources/Prefab/Missle/VarusEMissle_DesecratedGround.prefab","c024096fa5aceb144b1c7ffedbc285fc","Transitive","Unclassified",
"Assets/Scenes/Tests/MinionTowerLongRunTest.unity","51e1012937cd03b46871f5ff0022e507","Assets/Resources/Prefab/Missle/VarusSpellQMissle.prefab","3b9c7c4bd406ebf449736a4a6c7432c8","Transitive","Unclassified",
"Assets/Scenes/Tests/MinionTowerLongRunTest.unity","51e1012937cd03b46871f5ff0022e507","Assets/Resources/Prefab/Missle/VarusSpellRMissle.prefab","9c9cad292a5e9134c8f337b579ef599a","Transitive","Unclassified",
"Assets/Scenes/Tests/MinionTowerLongRunTest.unity","51e1012937cd03b46871f5ff0022e507","Assets/Resources/Prefab/PlayerNetworkHandle.prefab","dda0ed93bbf826147a72d0f88b99e12c","Transitive","Unclassified",
"Assets/Scenes/Tests/MinionTowerLongRunTest.unity","51e1012937cd03b46871f5ff0022e507","Assets/Resources/Prefab/Unit/AatroxHeroRuntime.prefab","e7b912ff51273d94aa44a93069b84017","Transitive","LegacyMixed",
"Assets/Scenes/Tests/MinionTowerLongRunTest.unity","51e1012937cd03b46871f5ff0022e507","Assets/Resources/Prefab/Unit/TestCasterMinionBlueRuntime.prefab","b1683136fbeb0ec43bb2651cb3c096cf","Transitive","LegacyMixed",
"Assets/Scenes/Tests/MinionTowerLongRunTest.unity","51e1012937cd03b46871f5ff0022e507","Assets/Resources/Prefab/Unit/TestCasterMinionRedRuntime.prefab","2c0dd4221aa4d3445ad5e29b609bc03b","Transitive","LegacyMixed",
"Assets/Scenes/Tests/MinionTowerLongRunTest.unity","51e1012937cd03b46871f5ff0022e507","Assets/Resources/Prefab/Unit/TestMeleeMinionBlueRuntime.prefab","3ccd4e1aedf4eec4e858f61a124b015d","Transitive","LegacyMixed",
"Assets/Scenes/Tests/MinionTowerLongRunTest.unity","51e1012937cd03b46871f5ff0022e507","Assets/Resources/Prefab/Unit/TestMeleeMinionRedRuntime.prefab","b400545b29699e841a9e7eca456ad6ac","Transitive","LegacyMixed",
"Assets/Scenes/Tests/MinionTowerLongRunTest.unity","51e1012937cd03b46871f5ff0022e507","Assets/Resources/Prefab/Unit/TestTowerBlueRuntime.prefab","86effef21215481438a7d1f6fb7ee429","Transitive","LegacyMixed",
"Assets/Scenes/Tests/MinionTowerLongRunTest.unity","51e1012937cd03b46871f5ff0022e507","Assets/Resources/Prefab/Unit/TestTowerRedRuntime.prefab","8117cac3f6c07ae418a92479ffd9b25c","Transitive","LegacyMixed",
"Assets/Scenes/Tests/MinionTowerLongRunTest.unity","51e1012937cd03b46871f5ff0022e507","Assets/Resources/Prefab/Unit/VarusRuntime.prefab","8386d2da6f6754946a202d33532daffd","Transitive","LegacyMixed",
"Assets/Scenes/Tests/MinionTowerLongRunTest.unity","51e1012937cd03b46871f5ff0022e507","Assets/Resources/Prefab/VFX/AatroxQ1VFX.prefab","c104df327fc900e459d8d8d88080e74c","Transitive","ClientPresentation",
"Assets/Scenes/Tests/MinionTowerLongRunTest.unity","51e1012937cd03b46871f5ff0022e507","Assets/Resources/Prefab/VFX/AatroxQ2VFX.prefab","e548ee90e7b95e74fa2b03d68ec88b7a","Transitive","ClientPresentation",
"Assets/Scenes/Tests/MinionTowerLongRunTest.unity","51e1012937cd03b46871f5ff0022e507","Assets/Resources/Prefab/VFX/AatroxQ3VFX.prefab","4c4378ba777eca9439d5d0e74413316d","Transitive","ClientPresentation",
"Assets/Scenes/Tests/MinionTowerLongRunTest.unity","51e1012937cd03b46871f5ff0022e507","Assets/Resources/Prefab/VFX/RenvengeIgniteVFX.prefab","188f953b9c8e8bb45aae4dad667fff10","Transitive","ClientPresentation",
"Assets/Scenes/Tests/MinionTowerLongRunTest.unity","51e1012937cd03b46871f5ff0022e507","Assets/Resources/Prefab/VFX/RevengeMarkVFX.prefab","b8afe4b8f34ff6e489e0893500558ddc","Transitive","ClientPresentation",
"Assets/Scenes/Tests/MinionTowerLongRunTest.unity","51e1012937cd03b46871f5ff0022e507","Assets/Resources/Prefab/VFX/VarusRBuffVFX.prefab","37b5e78e750a585489efc9dc73bc60d2","Transitive","ClientPresentation",
"Assets/Scenes/Tests/MinionTowerLongRunTest.unity","51e1012937cd03b46871f5ff0022e507","Assets/Resources/Prefab/VFX/VarusSpellEVFX.prefab","bfe65ff0689be0f4bb52ef5cd63cccbc","Transitive","ClientPresentation",
"Assets/Scenes/Tests/MinionTowerLongRunTest.unity","51e1012937cd03b46871f5ff0022e507","Assets/Scripts/Bootstrap/ClientUnitOutline.cs","e27fb308c093d80429c4af615daf7055","Transitive","EditorOrCode",
"Assets/Scenes/Tests/MinionTowerLongRunTest.unity","51e1012937cd03b46871f5ff0022e507","Assets/Scripts/Bootstrap/FrameSyncNetworkBridge.cs","ebb3297d9afb2254da1f95a80d8d873c","Direct","EditorOrCode",
"Assets/Scenes/Tests/MinionTowerLongRunTest.unity","51e1012937cd03b46871f5ff0022e507","Assets/Scripts/Bootstrap/GameBootstrap.cs","36f3934a9416b444e9263afe45218556","Direct","EditorOrCode",
"Assets/Scenes/Tests/MinionTowerLongRunTest.unity","51e1012937cd03b46871f5ff0022e507","Assets/Scripts/Bootstrap/LobbyNetworkBridge.cs","8ef0d488b380db84da74c5995ca952a3","Direct","EditorOrCode",
"Assets/Scenes/Tests/MinionTowerLongRunTest.unity","51e1012937cd03b46871f5ff0022e507","Assets/Scripts/Bootstrap/PresentationEventDispatcher.cs","d4c3d8fca0ec2c34c9b5765c5a8e7d77","Direct","EditorOrCode",
"Assets/Scenes/Tests/MinionTowerLongRunTest.unity","51e1012937cd03b46871f5ff0022e507","Assets/Scripts/Bootstrap/Tests/PlayMode/MinionTowerDiagnosticDriver.cs","369a356a52cd4e8419b6f058b2dd83d1","Direct","EditorOrCode",
"Assets/Scenes/Tests/MinionTowerLongRunTest.unity","51e1012937cd03b46871f5ff0022e507","Assets/Scripts/Bootstrap/VfxEventHandler.cs","9c6ca760b8d034b4d95f571cf5f5f824","Direct","EditorOrCode",
"Assets/Scenes/Tests/MinionTowerLongRunTest.unity","51e1012937cd03b46871f5ff0022e507","Assets/Scripts/FrameSync/BuffDrivenBoneVisibility.cs","324c940c39f36834eaab67a7a73936d5","Transitive","EditorOrCode",
"Assets/Scenes/Tests/MinionTowerLongRunTest.unity","51e1012937cd03b46871f5ff0022e507","Assets/Scripts/FrameSync/CorruptionVineSpreadLineBehaviour.cs","c307e98cfee29034b9c20fa8f5f76740","Transitive","EditorOrCode",
"Assets/Scenes/Tests/MinionTowerLongRunTest.unity","51e1012937cd03b46871f5ff0022e507","Assets/Scripts/FrameSync/PresentationSocketSet.cs","a7c8b8e0d56dd714c96ff5e67047c8f0","Transitive","EditorOrCode",
"Assets/Scenes/Tests/MinionTowerLongRunTest.unity","51e1012937cd03b46871f5ff0022e507","Assets/Scripts/FrameSync/ProjectileAreaRadiusVisualizer.cs","86856d9775574c2499fb3eb5c2f133b1","Transitive","EditorOrCode",
"Assets/Scenes/Tests/MinionTowerLongRunTest.unity","51e1012937cd03b46871f5ff0022e507","Assets/Scripts/FrameSync/TowerTargetLinePresenter.cs","44765ad328b802541a8af70d5df2a94c","Transitive","EditorOrCode",
"Assets/Scenes/Tests/MinionTowerLongRunTest.unity","51e1012937cd03b46871f5ff0022e507","Assets/Scripts/FrameSync/UnitAnimationDriver.cs","377bfec80d767444382fe67b6c4c5b38","Transitive","EditorOrCode",
"Assets/Scenes/Tests/MinionTowerLongRunTest.unity","51e1012937cd03b46871f5ff0022e507","Assets/Scripts/FrameSync/UnitPresentationHost.cs","94939c62f8549054d9238b3896698fe4","Transitive","EditorOrCode",
"Assets/Scenes/Tests/MinionTowerLongRunTest.unity","51e1012937cd03b46871f5ff0022e507","Assets/Scripts/FrameSync/VfxLibrary.cs","e11ee76014eb1114e8f728e19af3d0e4","Transitive","EditorOrCode",
"Assets/Scenes/Tests/MinionTowerLongRunTest.unity","51e1012937cd03b46871f5ff0022e507","Assets/Scripts/FrameSync/VfxManager.cs","641b7bb4a4a53d04a8216cbf3066b05a","Direct","EditorOrCode",
"Assets/Scenes/Tests/MinionTowerLongRunTest.unity","51e1012937cd03b46871f5ff0022e507","Assets/Scripts/FrameSync/VfxPlaybackHost.cs","51532e9eb1691d0429ab49c063121b01","Transitive","EditorOrCode",
"Assets/Scenes/Tests/MinionTowerLongRunTest.unity","51e1012937cd03b46871f5ff0022e507","Assets/Scripts/Gameplay/Ability/AatroxAbilityZoneAuthoringGizmo.cs","6da65dcc93f367e499b7695a3ab97ffb","Transitive","EditorOrCode",
"Assets/Scenes/Tests/MinionTowerLongRunTest.unity","51e1012937cd03b46871f5ff0022e507","Assets/Scripts/Gameplay/Ability/AbilityAsset.cs","c1ffb938a26d10b46b88354c8e8aeb8a","Transitive","EditorOrCode",
"Assets/Scenes/Tests/MinionTowerLongRunTest.unity","51e1012937cd03b46871f5ff0022e507","Assets/Scripts/Gameplay/Ability/AbilityHandler.cs","4f79abb261c1b3b4bb423e8924a50d88","Transitive","EditorOrCode",
"Assets/Scenes/Tests/MinionTowerLongRunTest.unity","51e1012937cd03b46871f5ff0022e507","Assets/Scripts/Gameplay/Ability/AbilityLoadoutAsset.cs","d777bfd7214aa684283d480f804d60ed","Transitive","EditorOrCode",
"Assets/Scenes/Tests/MinionTowerLongRunTest.unity","51e1012937cd03b46871f5ff0022e507","Assets/Scripts/Gameplay/Ability/AbilityRuntimeCatalogAsset.cs","5dd9fe71164fdd74d8c227b087003d1a","Transitive","EditorOrCode",
"Assets/Scenes/Tests/MinionTowerLongRunTest.unity","51e1012937cd03b46871f5ff0022e507","Assets/Scripts/Gameplay/Ability/FixedPassiveDefinitionAsset.cs","60509f831563fe34eb5e0fa5db121c3c","Transitive","EditorOrCode",
"Assets/Scenes/Tests/MinionTowerLongRunTest.unity","51e1012937cd03b46871f5ff0022e507","Assets/Scripts/Gameplay/Attack/AttackHandler.cs","11536609f17ade44196b69b7297fbadf","Transitive","EditorOrCode",
"Assets/Scenes/Tests/MinionTowerLongRunTest.unity","51e1012937cd03b46871f5ff0022e507","Assets/Scripts/Gameplay/Attack/TowerAttackHandler.cs","d7749b323d4bedd41905d72bfd3b55bc","Transitive","EditorOrCode",
"Assets/Scenes/Tests/MinionTowerLongRunTest.unity","51e1012937cd03b46871f5ff0022e507","Assets/Scripts/Gameplay/Buff/BuffHandler.cs","75af4f65fc14b0e47a13cf0f26e0fb62","Transitive","EditorOrCode",
"Assets/Scenes/Tests/MinionTowerLongRunTest.unity","51e1012937cd03b46871f5ff0022e507","Assets/Scripts/Gameplay/CrowdControl/CrowdControlHandler.cs","3fbd12ccb1f37e24c8448b6322cda983","Transitive","EditorOrCode",
"Assets/Scenes/Tests/MinionTowerLongRunTest.unity","51e1012937cd03b46871f5ff0022e507","Assets/Scripts/Gameplay/Equipment/EquipmentHandler.cs","1d296fac7364e2f4b8449516654b37a4","Transitive","EditorOrCode",
"Assets/Scenes/Tests/MinionTowerLongRunTest.unity","51e1012937cd03b46871f5ff0022e507","Assets/Scripts/Gameplay/Movement/MovementHandler.cs","0493a04bad49cf540a1384de14b9aa2f","Transitive","EditorOrCode",
"Assets/Scenes/Tests/MinionTowerLongRunTest.unity","51e1012937cd03b46871f5ff0022e507","Assets/Scripts/Gameplay/NonHero/LaneAuthoring.cs","4b737508046388d4bab55ec2175fc003","Transitive","EditorOrCode",
"Assets/Scenes/Tests/MinionTowerLongRunTest.unity","51e1012937cd03b46871f5ff0022e507","Assets/Scripts/Gameplay/Pathfinding/DeterministicMapConfig.cs","d27708bbd537c3d4fa44ec30e908300d","Transitive","EditorOrCode",
"Assets/Scenes/Tests/MinionTowerLongRunTest.unity","51e1012937cd03b46871f5ff0022e507","Assets/Scripts/Gameplay/Pathfinding/FlowFieldBakeAsset.cs","d5218c50022da114baa0481dd2fe6343","Transitive","EditorOrCode",
"Assets/Scenes/Tests/MinionTowerLongRunTest.unity","51e1012937cd03b46871f5ff0022e507","Assets/Scripts/Gameplay/Pathfinding/FlowFieldSceneAuthoring.cs","b233e8aec2b532449bb580d11a046f40","Transitive","EditorOrCode",
"Assets/Scenes/Tests/MinionTowerLongRunTest.unity","51e1012937cd03b46871f5ff0022e507","Assets/Scripts/Gameplay/Pathfinding/FlowFieldVisualizer.cs","56ffa5bc03bb06b4ba825d0bd5f1a13a","Transitive","EditorOrCode",
"Assets/Scenes/Tests/MinionTowerLongRunTest.unity","51e1012937cd03b46871f5ff0022e507","Assets/Scripts/Gameplay/Presentation/UnitAnimationProfile.cs","7112a06ac3587ca46ba2dbfa5b35902b","Transitive","EditorOrCode",
"Assets/Scenes/Tests/MinionTowerLongRunTest.unity","51e1012937cd03b46871f5ff0022e507","Assets/Scripts/Gameplay/Projectile/ProjectileContainmentZoneAuthoring.cs","213be447bab72bf44b67f992a84f55ce","Transitive","EditorOrCode",
"Assets/Scenes/Tests/MinionTowerLongRunTest.unity","51e1012937cd03b46871f5ff0022e507","Assets/Scripts/Gameplay/Projectile/ProjectileRuntimeCatalogAsset.cs","20e0327561ceb194aa8df1b2f4874e1f","Transitive","EditorOrCode",
"Assets/Scenes/Tests/MinionTowerLongRunTest.unity","51e1012937cd03b46871f5ff0022e507","Assets/Scripts/Gameplay/Stats/StatHandler.cs","d83cb680cdcf541438b70b0b87eb51fa","Transitive","EditorOrCode",
"Assets/Scenes/Tests/MinionTowerLongRunTest.unity","51e1012937cd03b46871f5ff0022e507","Assets/Scripts/Gameplay/Unit/Authoring/UnitRuntimeCatalogAsset.cs","b86cf68e04206d5488acf26a5bdc1e11","Transitive","EditorOrCode",
"Assets/Scenes/Tests/MinionTowerLongRunTest.unity","51e1012937cd03b46871f5ff0022e507","Assets/Scripts/Gameplay/Unit/Core/Unit.cs","d8b92a46f17a0c1408cebd31e093972b","Transitive","EditorOrCode",
"Assets/Scenes/Tests/MinionTowerLongRunTest.unity","51e1012937cd03b46871f5ff0022e507","Assets/Scripts/Gameplay/Unit/Prototype/UnitDisposePolicyTable.cs","c25d6a58ba7ef1145afbc46887bedc11","Transitive","EditorOrCode",
"Assets/Scenes/Tests/MinionTowerLongRunTest.unity","51e1012937cd03b46871f5ff0022e507","Assets/Scripts/Physics/Core/PhysicsEntity2D.cs","cf2e4b89224828f48befee4b715885df","Transitive","EditorOrCode",
"Assets/Scenes/Tests/MinionTowerLongRunTest.unity","51e1012937cd03b46871f5ff0022e507","Assets/Scripts/Physics/Core/PhysicsEntity2DShapeAuthoring.cs","ed0a9cc1ab86cbe4484aa191eda97ca8","Transitive","EditorOrCode",
"Assets/Scenes/Tests/MinionTowerLongRunTest.unity","51e1012937cd03b46871f5ff0022e507","Assets/Scripts/Presentation/SplineTentacleRenderer.cs","456d68042b6fa4747bb50d6e7aa645bf","Transitive","EditorOrCode",
"Assets/Scenes/Tests/MinionTowerLongRunTest.unity","51e1012937cd03b46871f5ff0022e507","Assets/Scripts/RuntimeConfig/GlobalGameplayData.cs","a55ff372add67d84c9a2664628d62911","Transitive","EditorOrCode",
"Assets/Scenes/Tests/MinionTowerLongRunTest.unity","51e1012937cd03b46871f5ff0022e507","Assets/Scripts/RuntimeConfig/GlobalPrefabTable.cs","492af7122f0961340b9648f93f8af7f8","Transitive","EditorOrCode",
"Assets/Scenes/Tests/MinionTowerLongRunTest.unity","51e1012937cd03b46871f5ff0022e507","Assets/Scripts/RuntimeConfig/HeroDisplayTable.cs","899e7bc53a633ee4dabd640727cd2076","Transitive","EditorOrCode",
"Assets/Scenes/Tests/MinionTowerLongRunTest.unity","51e1012937cd03b46871f5ff0022e507","Assets/Scripts/RuntimeConfig/MinionWaveConfig.cs","d3103a25258ae554ba208d97aa4b4204","Transitive","EditorOrCode",
"Assets/Scenes/Tests/MinionTowerLongRunTest.unity","51e1012937cd03b46871f5ff0022e507","Assets/Shader/UnitOutlineRim.shader","66aa05f6f4814464ebf165d1aba43d7e","Transitive","ClientPresentation",
"Assets/Scenes/Tests/MinionTowerLongRunTest.unity","51e1012937cd03b46871f5ff0022e507","Packages/com.siccity.gltfutility/Materials/URP/Standard (Metallic).shadergraph","a08f3a1c845d57c4293a42c3202574a1","Transitive","ThirdParty",
"Assets/Scenes/Tests/MinionTowerLongRunTest.unity","51e1012937cd03b46871f5ff0022e507","Packages/com.siccity.gltfutility/Materials/URP/Standard (Specular).shadergraph","e6061ad897a8bd843b501d409aff8a22","Transitive","ThirdParty",
"Assets/Scenes/Tests/MinionTowerLongRunTest.unity","51e1012937cd03b46871f5ff0022e507","Packages/com.siccity.gltfutility/Materials/URP/Standard Transparent (Metallic).shadergraph","bb6606ffd3868dd46a773758ff6901fc","Transitive","ThirdParty",
"Assets/Scenes/Tests/MinionTowerLongRunTest.unity","51e1012937cd03b46871f5ff0022e507","Packages/com.siccity.gltfutility/Materials/URP/Standard Transparent (Specular).shadergraph","09512c1ba26fe804283ec6e09112e53c","Transitive","ThirdParty",
"Assets/Scenes/Tests/MinionTowerLongRunTest.unity","51e1012937cd03b46871f5ff0022e507","Packages/com.siccity.gltfutility/Scripts/Editor/GLBImporter.cs","768a5a18fd6eb914f980bf85dd7b34ec","Transitive","ThirdParty",
"Assets/Scenes/Tests/MinionTowerLongRunTest.unity","51e1012937cd03b46871f5ff0022e507","Packages/com.unity.2d.sprite/Editor/ObjectMenuCreation/DefaultAssets/Textures/v2/Square.png","311925a002f4447b3a28927169b83ea6","Transitive","ThirdParty",
"Assets/Scenes/Tests/MinionTowerLongRunTest.unity","51e1012937cd03b46871f5ff0022e507","Packages/com.unity.netcode.gameobjects/Runtime/Configuration/NetworkPrefabsList.cs","e651dbb3fbac04af2b8f5abf007ddc23","Transitive","ThirdParty",
"Assets/Scenes/Tests/MinionTowerLongRunTest.unity","51e1012937cd03b46871f5ff0022e507","Packages/com.unity.netcode.gameobjects/Runtime/Core/NetworkManager.cs","593a2fe42fa9d37498c96f9a383b6521","Direct","ThirdParty",
"Assets/Scenes/Tests/MinionTowerLongRunTest.unity","51e1012937cd03b46871f5ff0022e507","Packages/com.unity.netcode.gameobjects/Runtime/Core/NetworkObject.cs","d5a57f767e5e46a458fc5d3c628d0cbb","Transitive","ThirdParty",
"Assets/Scenes/Tests/MinionTowerLongRunTest.unity","51e1012937cd03b46871f5ff0022e507","Packages/com.unity.netcode.gameobjects/Runtime/Transports/UTP/UnityTransport.cs","6960e84d07fb87f47956e7a81d71c4e6","Direct","ThirdParty",
"Assets/Scenes/Tests/MinionTowerLongRunTest.unity","51e1012937cd03b46871f5ff0022e507","Packages/com.unity.render-pipelines.universal/Editor/AssetVersion.cs","d0353a89b1f911e48b9e16bdc9f2e058","Transitive","ThirdParty",
"Assets/Scenes/Tests/MinionTowerLongRunTest.unity","51e1012937cd03b46871f5ff0022e507","Packages/com.unity.render-pipelines.universal/Editor/ShaderGraph/UniversalMetadata.cs","d2654ad3c17ab8a4ebb9fd0719795d21","Transitive","ThirdParty",
"Assets/Scenes/Tests/MinionTowerLongRunTest.unity","51e1012937cd03b46871f5ff0022e507","Packages/com.unity.render-pipelines.universal/Runtime/Materials/Lit.mat","31321ba15b8f8eb4c954353edc038b1d","Transitive","ThirdParty",
"Assets/Scenes/Tests/MinionTowerLongRunTest.unity","51e1012937cd03b46871f5ff0022e507","Packages/com.unity.render-pipelines.universal/Runtime/Materials/ParticlesUnlit.mat","e823cd5b5d27c0f4b8256e7c12ee3e6d","Transitive","ThirdParty",
"Assets/Scenes/Tests/MinionTowerLongRunTest.unity","51e1012937cd03b46871f5ff0022e507","Packages/com.unity.render-pipelines.universal/Runtime/UniversalAdditionalCameraData.cs","a79441f348de89743a2939f4d699eac1","Direct","ThirdParty",
"Assets/Scenes/Tests/MinionTowerLongRunTest.unity","51e1012937cd03b46871f5ff0022e507","Packages/com.unity.render-pipelines.universal/Runtime/UniversalAdditionalLightData.cs","474bcb49853aa07438625e644c072ee6","Direct","ThirdParty",
"Assets/Scenes/Tests/MinionTowerLongRunTest.unity","51e1012937cd03b46871f5ff0022e507","Packages/com.unity.render-pipelines.universal/Shaders/Lit.shader","933532a4fcc9baf4fa0491de14d08ed7","Transitive","ThirdParty",
"Assets/Scenes/Tests/MinionTowerLongRunTest.unity","51e1012937cd03b46871f5ff0022e507","Packages/com.unity.render-pipelines.universal/Shaders/Particles/ParticlesUnlit.shader","0406db5a14f94604a8c57ccfbc9f3b46","Transitive","ThirdParty",
"Assets/Scenes/Tests/MinionTowerLongRunTest.unity","51e1012937cd03b46871f5ff0022e507","Packages/com.unity.shadergraph/Editor/Importers/ShaderGraphImporter.cs","625f186215c104763be7675aa2d941aa","Transitive","ThirdParty",
"Assets/Scenes/Tests/MinionTowerLongRunTest.unity","51e1012937cd03b46871f5ff0022e507","Packages/com.unity.shadergraph/Editor/Importers/ShaderGraphMetadata.cs","b64ab828cd6c5b3479a4c575ca6617d5","Transitive","ThirdParty",
"Assets/Scenes/Tests/MinionTowerLongRunTest.unity","51e1012937cd03b46871f5ff0022e507","Packages/com.unity.splines/Runtime/SplineContainer.cs","dab5c7d4c32e743048dfca98e2d5914f","Transitive","ThirdParty",
